FLOCK_ID,FLOCK_NUMBER,ACCOUNT_ID,FACILITY_ID,FACILITY_DETAIL_ID,QUOTA_ID,FLOCK_QUOTA_TYPE,STATUS,PERMIT_NUMBER,PERMIT_DATE,HATCH_DATE,DATE_ORDERED,BIRD_COUNT,EGG_COLOUR,PLACEMENT_DATE,EST_DISPOSAL,DISPOSAL_DATE,BIRDS_DISPOSED,COMMENTS
DEV_MIGRATION_FL_00001,DM-FLOCK-00001,DEV_MIGRATION_A_00001,DEV_MIGRATION_F_00001,DEV_MIGRATION_D_00001,DEV_MIGRATION_Q_00001,Egg Production,Active,DM-PERMIT-00001,2025-01-01,2025-01-15,2024-12-01,1001,Brown,2025-02-01,2026-08-01,,0,Fictional flock fixture.
DEV_MIGRATION_FL_00002,DM-FLOCK-00002,DEV_MIGRATION_A_00001,DEV_MIGRATION_F_00002,DEV_MIGRATION_D_00102,DEV_MIGRATION_Q_00002,Egg Production,Active,DM-PERMIT-00002,2025-01-01,2025-01-15,2024-12-01,1002,White,2025-02-01,2026-08-01,,0,Fictional flock fixture.
DEV_MIGRATION_FL_00003,DM-FLOCK-00003,DEV_MIGRATION_A_00001,DEV_MIGRATION_F_00001,DEV_MIGRATION_D_00001,DEV_MIGRATION_Q_00001,Egg Production,Active,DM-PERMIT-00003,2025-01-01,2025-01-15,2024-12-01,1003,Brown,2025-02-01,2026-08-01,,0,Fictional flock fixture.
DEV_MIGRATION_FL_00004,DM-FLOCK-00004,DEV_MIGRATION_A_00001,DEV_MIGRATION_F_00002,DEV_MIGRATION_D_00102,DEV_MIGRATION_Q_00002,Egg Production,Active,DM-PERMIT-00004,2025-01-01,2025-01-15,2024-12-01,1004,White,2025-02-01,2026-08-01,,0,Fictional flock fixture.
DEV_MIGRATION_FL_00005,DM-FLOCK-00005,DEV_MIGRATION_A_00001,DEV_MIGRATION_F_00001,DEV_MIGRATION_D_00001,DEV_MIGRATION_Q_00001,Egg Production,Active,DM-PERMIT-00005,2025-01-01,2025-01-15,2024-12-01,1005,Brown,2025-02-01,2026-08-01,,0,Fictional flock fixture.
DEV_MIGRATION_FL_00006,DM-FLOCK-00006,DEV_MIGRATION_A_00001,DEV_MIGRATION_F_00002,DEV_MIGRATION_D_00102,DEV_MIGRATION_Q_00002,Egg Production,Active,DM-PERMIT-00006,2025-01-01,2025-01-15,2024-12-01,1006,White,2025-02-01,2026-08-01,,0,Fictional flock fixture.
DEV_MIGRATION_FL_00007,DM-FLOCK-00007,DEV_MIGRATION_A_00001,DEV_MIGRATION_F_00001,DEV_MIGRATION_D_00001,DEV_MIGRATION_Q_00001,Egg Production,Active,DM-PERMIT-00007,2025-01-01,2025-01-15,2024-12-01,1007,Brown,2025-02-01,2026-08-01,,0,Fictional flock fixture.
DEV_MIGRATION_FL_00008,DM-FLOCK-00008,DEV_MIGRATION_A_00001,DEV_MIGRATION_F_00002,DEV_MIGRATION_D_00102,DEV_MIGRATION_Q_00002,Egg Production,Active,DM-PERMIT-00008,2025-01-01,2025-01-15,2024-12-01,1008,White,2025-02-01,2026-08-01,,0,Fictional flock fixture.
DEV_MIGRATION_FL_00009,DM-FLOCK-00009,DEV_MIGRATION_A_00001,DEV_MIGRATION_F_00001,DEV_MIGRATION_D_00001,DEV_MIGRATION_Q_00001,Egg Production,Active,DM-PERMIT-00009,2025-01-01,2025-01-15,2024-12-01,1009,Brown,2025-02-01,2026-08-01,,0,Fictional flock fixture.
DEV_MIGRATION_FL_00010,DM-FLOCK-00010,DEV_MIGRATION_A_00001,DEV_MIGRATION_F_00002,DEV_MIGRATION_D_00102,DEV_MIGRATION_Q_00002,Egg Production,Active,DM-PERMIT-00010,2025-01-01,2025-01-15,2024-12-01,1010,White,2025-02-01,2026-08-01,,0,Fictional flock fixture.
DEV_MIGRATION_FL_00011,DM-FLOCK-00011,DEV_MIGRATION_A_00002,DEV_MIGRATION_F_00003,DEV_MIGRATION_D_00003,DEV_MIGRATION_Q_00003,Egg Production,Active,DM-PERMIT-00011,2025-01-01,2025-01-15,2024-12-01,1011,Brown,2025-02-01,2026-08-01,,0,Fictional flock fixture.
DEV_MIGRATION_FL_00012,DM-FLOCK-00012,DEV_MIGRATION_A_00002,DEV_MIGRATION_F_00004,DEV_MIGRATION_D_00104,DEV_MIGRATION_Q_00004,Egg Production,Active,DM-PERMIT-00012,2025-01-01,2025-01-15,2024-12-01,1012,White,2025-02-01,2026-08-01,,0,Fictional flock fixture.
DEV_MIGRATION_FL_00013,DM-FLOCK-00013,DEV_MIGRATION_A_00002,DEV_MIGRATION_F_00003,DEV_MIGRATION_D_00003,DEV_MIGRATION_Q_00003,Egg Production,Active,DM-PERMIT-00013,2025-01-01,2025-01-15,2024-12-01,1013,Brown,2025-02-01,2026-08-01,,0,Fictional flock fixture.
DEV_MIGRATION_FL_00014,DM-FLOCK-00014,DEV_MIGRATION_A_00002,DEV_MIGRATION_F_00004,DEV_MIGRATION_D_00104,DEV_MIGRATION_Q_00004,Egg Production,Active,DM-PERMIT-00014,2025-01-01,2025-01-15,2024-12-01,1014,White,2025-02-01,2026-08-01,,0,Fictional flock fixture.
DEV_MIGRATION_FL_00015,DM-FLOCK-00015,DEV_MIGRATION_A_00002,DEV_MIGRATION_F_00003,DEV_MIGRATION_D_00003,DEV_MIGRATION_Q_00003,Egg Production,Active,DM-PERMIT-00015,2025-01-01,2025-01-15,2024-12-01,1015,Brown,2025-02-01,2026-08-01,,0,Fictional flock fixture.
DEV_MIGRATION_FL_00016,DM-FLOCK-00016,DEV_MIGRATION_A_00002,DEV_MIGRATION_F_00004,DEV_MIGRATION_D_00104,DEV_MIGRATION_Q_00004,Egg Production,Active,DM-PERMIT-00016,2025-01-01,2025-01-15,2024-12-01,1016,White,2025-02-01,2026-08-01,,0,Fictional flock fixture.
DEV_MIGRATION_FL_00017,DM-FLOCK-00017,DEV_MIGRATION_A_00002,DEV_MIGRATION_F_00003,DEV_MIGRATION_D_00003,DEV_MIGRATION_Q_00003,Egg Production,Active,DM-PERMIT-00017,2025-01-01,2025-01-15,2024-12-01,1017,Brown,2025-02-01,2026-08-01,,0,Fictional flock fixture.
DEV_MIGRATION_FL_00018,DM-FLOCK-00018,DEV_MIGRATION_A_00002,DEV_MIGRATION_F_00004,DEV_MIGRATION_D_00104,DEV_MIGRATION_Q_00004,Egg Production,Active,DM-PERMIT-00018,2025-01-01,2025-01-15,2024-12-01,1018,White,2025-02-01,2026-08-01,,0,Fictional flock fixture.
DEV_MIGRATION_FL_00019,DM-FLOCK-00019,DEV_MIGRATION_A_00002,DEV_MIGRATION_F_00003,DEV_MIGRATION_D_00003,DEV_MIGRATION_Q_00003,Egg Production,Active,DM-PERMIT-00019,2025-01-01,2025-01-15,2024-12-01,1019,Brown,2025-02-01,2026-08-01,,0,Fictional flock fixture.
DEV_MIGRATION_FL_00020,DM-FLOCK-00020,DEV_MIGRATION_A_00002,DEV_MIGRATION_F_00004,DEV_MIGRATION_D_00104,DEV_MIGRATION_Q_00004,Egg Production,Active,DM-PERMIT-00020,2025-01-01,2025-01-15,2024-12-01,1020,White,2025-02-01,2026-08-01,,0,Fictional flock fixture.
DEV_MIGRATION_FL_00021,DM-FLOCK-00021,DEV_MIGRATION_A_00003,DEV_MIGRATION_F_00005,DEV_MIGRATION_D_00005,DEV_MIGRATION_Q_00005,Egg Production,Active,DM-PERMIT-00021,2025-01-01,2025-01-15,2024-12-01,1021,Brown,2025-02-01,2026-08-01,,0,Fictional flock fixture.
DEV_MIGRATION_FL_00022,DM-FLOCK-00022,DEV_MIGRATION_A_00003,DEV_MIGRATION_F_00006,DEV_MIGRATION_D_00106,DEV_MIGRATION_Q_00006,Egg Production,Active,DM-PERMIT-00022,2025-01-01,2025-01-15,2024-12-01,1022,White,2025-02-01,2026-08-01,,0,Fictional flock fixture.
DEV_MIGRATION_FL_00023,DM-FLOCK-00023,DEV_MIGRATION_A_00003,DEV_MIGRATION_F_00005,DEV_MIGRATION_D_00005,DEV_MIGRATION_Q_00005,Egg Production,Active,DM-PERMIT-00023,2025-01-01,2025-01-15,2024-12-01,1023,Brown,2025-02-01,2026-08-01,,0,Fictional flock fixture.
DEV_MIGRATION_FL_00024,DM-FLOCK-00024,DEV_MIGRATION_A_00003,DEV_MIGRATION_F_00006,DEV_MIGRATION_D_00106,DEV_MIGRATION_Q_00006,Egg Production,Active,DM-PERMIT-00024,2025-01-01,2025-01-15,2024-12-01,1024,White,2025-02-01,2026-08-01,,0,Fictional flock fixture.
DEV_MIGRATION_FL_00025,DM-FLOCK-00025,DEV_MIGRATION_A_00003,DEV_MIGRATION_F_00005,DEV_MIGRATION_D_00005,DEV_MIGRATION_Q_00005,Egg Production,Active,DM-PERMIT-00025,2025-01-01,2025-01-15,2024-12-01,1025,Brown,2025-02-01,2026-08-01,,0,Fictional flock fixture.
DEV_MIGRATION_FL_00026,DM-FLOCK-00026,DEV_MIGRATION_A_00003,DEV_MIGRATION_F_00006,DEV_MIGRATION_D_00106,DEV_MIGRATION_Q_00006,Egg Production,Active,DM-PERMIT-00026,2025-01-01,2025-01-15,2024-12-01,1026,White,2025-02-01,2026-08-01,,0,Fictional flock fixture.
DEV_MIGRATION_FL_00027,DM-FLOCK-00027,DEV_MIGRATION_A_00003,DEV_MIGRATION_F_00005,DEV_MIGRATION_D_00005,DEV_MIGRATION_Q_00005,Egg Production,Active,DM-PERMIT-00027,2025-01-01,2025-01-15,2024-12-01,1027,Brown,2025-02-01,2026-08-01,,0,Fictional flock fixture.
DEV_MIGRATION_FL_00028,DM-FLOCK-00028,DEV_MIGRATION_A_00003,DEV_MIGRATION_F_00006,DEV_MIGRATION_D_00106,DEV_MIGRATION_Q_00006,Egg Production,Active,DM-PERMIT-00028,2025-01-01,2025-01-15,2024-12-01,1028,White,2025-02-01,2026-08-01,,0,Fictional flock fixture.
DEV_MIGRATION_FL_00029,DM-FLOCK-00029,DEV_MIGRATION_A_00003,DEV_MIGRATION_F_00005,DEV_MIGRATION_D_00005,DEV_MIGRATION_Q_00005,Egg Production,Active,DM-PERMIT-00029,2025-01-01,2025-01-15,2024-12-01,1029,Brown,2025-02-01,2026-08-01,,0,Fictional flock fixture.
DEV_MIGRATION_FL_00030,DM-FLOCK-00030,DEV_MIGRATION_A_00003,DEV_MIGRATION_F_00006,DEV_MIGRATION_D_00106,DEV_MIGRATION_Q_00006,Egg Production,Active,DM-PERMIT-00030,2025-01-01,2025-01-15,2024-12-01,1030,White,2025-02-01,2026-08-01,,0,Fictional flock fixture.
DEV_MIGRATION_FL_00031,DM-FLOCK-00031,DEV_MIGRATION_A_00004,DEV_MIGRATION_F_00007,DEV_MIGRATION_D_00007,DEV_MIGRATION_Q_00007,Egg Production,Active,DM-PERMIT-00031,2025-01-01,2025-01-15,2024-12-01,1031,Brown,2025-02-01,2026-08-01,,0,Fictional flock fixture.
DEV_MIGRATION_FL_00032,DM-FLOCK-00032,DEV_MIGRATION_A_00004,DEV_MIGRATION_F_00008,DEV_MIGRATION_D_00108,DEV_MIGRATION_Q_00008,Egg Production,Active,DM-PERMIT-00032,2025-01-01,2025-01-15,2024-12-01,1032,White,2025-02-01,2026-08-01,,0,Fictional flock fixture.
DEV_MIGRATION_FL_00033,DM-FLOCK-00033,DEV_MIGRATION_A_00004,DEV_MIGRATION_F_00007,DEV_MIGRATION_D_00007,DEV_MIGRATION_Q_00007,Egg Production,Active,DM-PERMIT-00033,2025-01-01,2025-01-15,2024-12-01,1033,Brown,2025-02-01,2026-08-01,,0,Fictional flock fixture.
DEV_MIGRATION_FL_00034,DM-FLOCK-00034,DEV_MIGRATION_A_00004,DEV_MIGRATION_F_00008,DEV_MIGRATION_D_00108,DEV_MIGRATION_Q_00008,Egg Production,Active,DM-PERMIT-00034,2025-01-01,2025-01-15,2024-12-01,1034,White,2025-02-01,2026-08-01,,0,Fictional flock fixture.
DEV_MIGRATION_FL_00035,DM-FLOCK-00035,DEV_MIGRATION_A_00004,DEV_MIGRATION_F_00007,DEV_MIGRATION_D_00007,DEV_MIGRATION_Q_00007,Egg Production,Active,DM-PERMIT-00035,2025-01-01,2025-01-15,2024-12-01,1035,Brown,2025-02-01,2026-08-01,,0,Fictional flock fixture.
DEV_MIGRATION_FL_00036,DM-FLOCK-00036,DEV_MIGRATION_A_00004,DEV_MIGRATION_F_00008,DEV_MIGRATION_D_00108,DEV_MIGRATION_Q_00008,Egg Production,Active,DM-PERMIT-00036,2025-01-01,2025-01-15,2024-12-01,1036,White,2025-02-01,2026-08-01,,0,Fictional flock fixture.
DEV_MIGRATION_FL_00037,DM-FLOCK-00037,DEV_MIGRATION_A_00004,DEV_MIGRATION_F_00007,DEV_MIGRATION_D_00007,DEV_MIGRATION_Q_00007,Egg Production,Active,DM-PERMIT-00037,2025-01-01,2025-01-15,2024-12-01,1037,Brown,2025-02-01,2026-08-01,,0,Fictional flock fixture.
DEV_MIGRATION_FL_00038,DM-FLOCK-00038,DEV_MIGRATION_A_00004,DEV_MIGRATION_F_00008,DEV_MIGRATION_D_00108,DEV_MIGRATION_Q_00008,Egg Production,Active,DM-PERMIT-00038,2025-01-01,2025-01-15,2024-12-01,1038,White,2025-02-01,2026-08-01,,0,Fictional flock fixture.
DEV_MIGRATION_FL_00039,DM-FLOCK-00039,DEV_MIGRATION_A_00004,DEV_MIGRATION_F_00007,DEV_MIGRATION_D_00007,DEV_MIGRATION_Q_00007,Egg Production,Active,DM-PERMIT-00039,2025-01-01,2025-01-15,2024-12-01,1039,Brown,2025-02-01,2026-08-01,,0,Fictional flock fixture.
DEV_MIGRATION_FL_00040,DM-FLOCK-00040,DEV_MIGRATION_A_00004,DEV_MIGRATION_F_00008,DEV_MIGRATION_D_00108,DEV_MIGRATION_Q_00008,Egg Production,Active,DM-PERMIT-00040,2025-01-01,2025-01-15,2024-12-01,1040,White,2025-02-01,2026-08-01,,0,Fictional flock fixture.
DEV_MIGRATION_FL_00041,DM-FLOCK-00041,DEV_MIGRATION_A_00005,DEV_MIGRATION_F_00009,DEV_MIGRATION_D_00009,DEV_MIGRATION_Q_00009,Egg Production,Active,DM-PERMIT-00041,2025-01-01,2025-01-15,2024-12-01,1041,Brown,2025-02-01,2026-08-01,,0,Fictional flock fixture.
DEV_MIGRATION_FL_00042,DM-FLOCK-00042,DEV_MIGRATION_A_00005,DEV_MIGRATION_F_00010,DEV_MIGRATION_D_00110,DEV_MIGRATION_Q_00010,Egg Production,Active,DM-PERMIT-00042,2025-01-01,2025-01-15,2024-12-01,1042,White,2025-02-01,2026-08-01,,0,Fictional flock fixture.
DEV_MIGRATION_FL_00043,DM-FLOCK-00043,DEV_MIGRATION_A_00005,DEV_MIGRATION_F_00009,DEV_MIGRATION_D_00009,DEV_MIGRATION_Q_00009,Egg Production,Active,DM-PERMIT-00043,2025-01-01,2025-01-15,2024-12-01,1043,Brown,2025-02-01,2026-08-01,,0,Fictional flock fixture.
DEV_MIGRATION_FL_00044,DM-FLOCK-00044,DEV_MIGRATION_A_00005,DEV_MIGRATION_F_00010,DEV_MIGRATION_D_00110,DEV_MIGRATION_Q_00010,Egg Production,Active,DM-PERMIT-00044,2025-01-01,2025-01-15,2024-12-01,1044,White,2025-02-01,2026-08-01,,0,Fictional flock fixture.
DEV_MIGRATION_FL_00045,DM-FLOCK-00045,DEV_MIGRATION_A_00005,DEV_MIGRATION_F_00009,DEV_MIGRATION_D_00009,DEV_MIGRATION_Q_00009,Egg Production,Active,DM-PERMIT-00045,2025-01-01,2025-01-15,2024-12-01,1045,Brown,2025-02-01,2026-08-01,,0,Fictional flock fixture.
DEV_MIGRATION_FL_00046,DM-FLOCK-00046,DEV_MIGRATION_A_00005,DEV_MIGRATION_F_00010,DEV_MIGRATION_D_00110,DEV_MIGRATION_Q_00010,Egg Production,Active,DM-PERMIT-00046,2025-01-01,2025-01-15,2024-12-01,1046,White,2025-02-01,2026-08-01,,0,Fictional flock fixture.
DEV_MIGRATION_FL_00047,DM-FLOCK-00047,DEV_MIGRATION_A_00005,DEV_MIGRATION_F_00009,DEV_MIGRATION_D_00009,DEV_MIGRATION_Q_00009,Egg Production,Active,DM-PERMIT-00047,2025-01-01,2025-01-15,2024-12-01,1047,Brown,2025-02-01,2026-08-01,,0,Fictional flock fixture.
DEV_MIGRATION_FL_00048,DM-FLOCK-00048,DEV_MIGRATION_A_00005,DEV_MIGRATION_F_00010,DEV_MIGRATION_D_00110,DEV_MIGRATION_Q_00010,Egg Production,Active,DM-PERMIT-00048,2025-01-01,2025-01-15,2024-12-01,1048,White,2025-02-01,2026-08-01,,0,Fictional flock fixture.
DEV_MIGRATION_FL_00049,DM-FLOCK-00049,DEV_MIGRATION_A_00005,DEV_MIGRATION_F_00009,DEV_MIGRATION_D_00009,DEV_MIGRATION_Q_00009,Egg Production,Active,DM-PERMIT-00049,2025-01-01,2025-01-15,2024-12-01,1049,Brown,2025-02-01,2026-08-01,,0,Fictional flock fixture.
DEV_MIGRATION_FL_00050,DM-FLOCK-00050,DEV_MIGRATION_A_00005,DEV_MIGRATION_F_00010,DEV_MIGRATION_D_00110,DEV_MIGRATION_Q_00010,Egg Production,Active,DM-PERMIT-00050,2025-01-01,2025-01-15,2024-12-01,1050,White,2025-02-01,2026-08-01,,0,Fictional flock fixture.
DEV_MIGRATION_FL_00051,DM-FLOCK-00051,DEV_MIGRATION_A_00006,DEV_MIGRATION_F_00011,DEV_MIGRATION_D_00011,DEV_MIGRATION_Q_00011,Egg Production,Active,DM-PERMIT-00051,2025-01-01,2025-01-15,2024-12-01,1051,Brown,2025-02-01,2026-08-01,,0,Fictional flock fixture.
DEV_MIGRATION_FL_00052,DM-FLOCK-00052,DEV_MIGRATION_A_00006,DEV_MIGRATION_F_00012,DEV_MIGRATION_D_00112,DEV_MIGRATION_Q_00012,Egg Production,Active,DM-PERMIT-00052,2025-01-01,2025-01-15,2024-12-01,1052,White,2025-02-01,2026-08-01,,0,Fictional flock fixture.
DEV_MIGRATION_FL_00053,DM-FLOCK-00053,DEV_MIGRATION_A_00006,DEV_MIGRATION_F_00011,DEV_MIGRATION_D_00011,DEV_MIGRATION_Q_00011,Egg Production,Active,DM-PERMIT-00053,2025-01-01,2025-01-15,2024-12-01,1053,Brown,2025-02-01,2026-08-01,,0,Fictional flock fixture.
DEV_MIGRATION_FL_00054,DM-FLOCK-00054,DEV_MIGRATION_A_00006,DEV_MIGRATION_F_00012,DEV_MIGRATION_D_00112,DEV_MIGRATION_Q_00012,Egg Production,Active,DM-PERMIT-00054,2025-01-01,2025-01-15,2024-12-01,1054,White,2025-02-01,2026-08-01,,0,Fictional flock fixture.
DEV_MIGRATION_FL_00055,DM-FLOCK-00055,DEV_MIGRATION_A_00006,DEV_MIGRATION_F_00011,DEV_MIGRATION_D_00011,DEV_MIGRATION_Q_00011,Egg Production,Active,DM-PERMIT-00055,2025-01-01,2025-01-15,2024-12-01,1055,Brown,2025-02-01,2026-08-01,,0,Fictional flock fixture.
DEV_MIGRATION_FL_00056,DM-FLOCK-00056,DEV_MIGRATION_A_00006,DEV_MIGRATION_F_00012,DEV_MIGRATION_D_00112,DEV_MIGRATION_Q_00012,Egg Production,Active,DM-PERMIT-00056,2025-01-01,2025-01-15,2024-12-01,1056,White,2025-02-01,2026-08-01,,0,Fictional flock fixture.
DEV_MIGRATION_FL_00057,DM-FLOCK-00057,DEV_MIGRATION_A_00006,DEV_MIGRATION_F_00011,DEV_MIGRATION_D_00011,DEV_MIGRATION_Q_00011,Egg Production,Active,DM-PERMIT-00057,2025-01-01,2025-01-15,2024-12-01,1057,Brown,2025-02-01,2026-08-01,,0,Fictional flock fixture.
DEV_MIGRATION_FL_00058,DM-FLOCK-00058,DEV_MIGRATION_A_00006,DEV_MIGRATION_F_00012,DEV_MIGRATION_D_00112,DEV_MIGRATION_Q_00012,Egg Production,Active,DM-PERMIT-00058,2025-01-01,2025-01-15,2024-12-01,1058,White,2025-02-01,2026-08-01,,0,Fictional flock fixture.
DEV_MIGRATION_FL_00059,DM-FLOCK-00059,DEV_MIGRATION_A_00006,DEV_MIGRATION_F_00011,DEV_MIGRATION_D_00011,DEV_MIGRATION_Q_00011,Egg Production,Active,DM-PERMIT-00059,2025-01-01,2025-01-15,2024-12-01,1059,Brown,2025-02-01,2026-08-01,,0,Fictional flock fixture.
DEV_MIGRATION_FL_00060,DM-FLOCK-00060,DEV_MIGRATION_A_00006,DEV_MIGRATION_F_00012,DEV_MIGRATION_D_00112,DEV_MIGRATION_Q_00012,Egg Production,Active,DM-PERMIT-00060,2025-01-01,2025-01-15,2024-12-01,1060,White,2025-02-01,2026-08-01,,0,Fictional flock fixture.
DEV_MIGRATION_FL_00061,DM-FLOCK-00061,DEV_MIGRATION_A_00007,DEV_MIGRATION_F_00013,DEV_MIGRATION_D_00013,DEV_MIGRATION_Q_00013,Egg Production,Active,DM-PERMIT-00061,2025-01-01,2025-01-15,2024-12-01,1061,Brown,2025-02-01,2026-08-01,,0,Fictional flock fixture.
DEV_MIGRATION_FL_00062,DM-FLOCK-00062,DEV_MIGRATION_A_00007,DEV_MIGRATION_F_00014,DEV_MIGRATION_D_00114,DEV_MIGRATION_Q_00014,Egg Production,Active,DM-PERMIT-00062,2025-01-01,2025-01-15,2024-12-01,1062,White,2025-02-01,2026-08-01,,0,Fictional flock fixture.
DEV_MIGRATION_FL_00063,DM-FLOCK-00063,DEV_MIGRATION_A_00007,DEV_MIGRATION_F_00013,DEV_MIGRATION_D_00013,DEV_MIGRATION_Q_00013,Egg Production,Active,DM-PERMIT-00063,2025-01-01,2025-01-15,2024-12-01,1063,Brown,2025-02-01,2026-08-01,,0,Fictional flock fixture.
DEV_MIGRATION_FL_00064,DM-FLOCK-00064,DEV_MIGRATION_A_00007,DEV_MIGRATION_F_00014,DEV_MIGRATION_D_00114,DEV_MIGRATION_Q_00014,Egg Production,Active,DM-PERMIT-00064,2025-01-01,2025-01-15,2024-12-01,1064,White,2025-02-01,2026-08-01,,0,Fictional flock fixture.
DEV_MIGRATION_FL_00065,DM-FLOCK-00065,DEV_MIGRATION_A_00007,DEV_MIGRATION_F_00013,DEV_MIGRATION_D_00013,DEV_MIGRATION_Q_00013,Egg Production,Active,DM-PERMIT-00065,2025-01-01,2025-01-15,2024-12-01,1065,Brown,2025-02-01,2026-08-01,,0,Fictional flock fixture.
DEV_MIGRATION_FL_00066,DM-FLOCK-00066,DEV_MIGRATION_A_00007,DEV_MIGRATION_F_00014,DEV_MIGRATION_D_00114,DEV_MIGRATION_Q_00014,Egg Production,Active,DM-PERMIT-00066,2025-01-01,2025-01-15,2024-12-01,1066,White,2025-02-01,2026-08-01,,0,Fictional flock fixture.
DEV_MIGRATION_FL_00067,DM-FLOCK-00067,DEV_MIGRATION_A_00007,DEV_MIGRATION_F_00013,DEV_MIGRATION_D_00013,DEV_MIGRATION_Q_00013,Egg Production,Active,DM-PERMIT-00067,2025-01-01,2025-01-15,2024-12-01,1067,Brown,2025-02-01,2026-08-01,,0,Fictional flock fixture.
DEV_MIGRATION_FL_00068,DM-FLOCK-00068,DEV_MIGRATION_A_00007,DEV_MIGRATION_F_00014,DEV_MIGRATION_D_00114,DEV_MIGRATION_Q_00014,Egg Production,Active,DM-PERMIT-00068,2025-01-01,2025-01-15,2024-12-01,1068,White,2025-02-01,2026-08-01,,0,Fictional flock fixture.
DEV_MIGRATION_FL_00069,DM-FLOCK-00069,DEV_MIGRATION_A_00007,DEV_MIGRATION_F_00013,DEV_MIGRATION_D_00013,DEV_MIGRATION_Q_00013,Egg Production,Active,DM-PERMIT-00069,2025-01-01,2025-01-15,2024-12-01,1069,Brown,2025-02-01,2026-08-01,,0,Fictional flock fixture.
DEV_MIGRATION_FL_00070,DM-FLOCK-00070,DEV_MIGRATION_A_00007,DEV_MIGRATION_F_00014,DEV_MIGRATION_D_00114,DEV_MIGRATION_Q_00014,Egg Production,Active,DM-PERMIT-00070,2025-01-01,2025-01-15,2024-12-01,1070,White,2025-02-01,2026-08-01,,0,Fictional flock fixture.
DEV_MIGRATION_FL_00071,DM-FLOCK-00071,DEV_MIGRATION_A_00008,DEV_MIGRATION_F_00015,DEV_MIGRATION_D_00015,DEV_MIGRATION_Q_00015,Egg Production,Active,DM-PERMIT-00071,2025-01-01,2025-01-15,2024-12-01,1071,Brown,2025-02-01,2026-08-01,,0,Fictional flock fixture.
DEV_MIGRATION_FL_00072,DM-FLOCK-00072,DEV_MIGRATION_A_00008,DEV_MIGRATION_F_00016,DEV_MIGRATION_D_00116,DEV_MIGRATION_Q_00016,Egg Production,Active,DM-PERMIT-00072,2025-01-01,2025-01-15,2024-12-01,1072,White,2025-02-01,2026-08-01,,0,Fictional flock fixture.
DEV_MIGRATION_FL_00073,DM-FLOCK-00073,DEV_MIGRATION_A_00008,DEV_MIGRATION_F_00015,DEV_MIGRATION_D_00015,DEV_MIGRATION_Q_00015,Egg Production,Active,DM-PERMIT-00073,2025-01-01,2025-01-15,2024-12-01,1073,Brown,2025-02-01,2026-08-01,,0,Fictional flock fixture.
DEV_MIGRATION_FL_00074,DM-FLOCK-00074,DEV_MIGRATION_A_00008,DEV_MIGRATION_F_00016,DEV_MIGRATION_D_00116,DEV_MIGRATION_Q_00016,Egg Production,Active,DM-PERMIT-00074,2025-01-01,2025-01-15,2024-12-01,1074,White,2025-02-01,2026-08-01,,0,Fictional flock fixture.
DEV_MIGRATION_FL_00075,DM-FLOCK-00075,DEV_MIGRATION_A_00008,DEV_MIGRATION_F_00015,DEV_MIGRATION_D_00015,DEV_MIGRATION_Q_00015,Egg Production,Active,DM-PERMIT-00075,2025-01-01,2025-01-15,2024-12-01,1075,Brown,2025-02-01,2026-08-01,,0,Fictional flock fixture.
DEV_MIGRATION_FL_00076,DM-FLOCK-00076,DEV_MIGRATION_A_00008,DEV_MIGRATION_F_00016,DEV_MIGRATION_D_00116,DEV_MIGRATION_Q_00016,Egg Production,Active,DM-PERMIT-00076,2025-01-01,2025-01-15,2024-12-01,1076,White,2025-02-01,2026-08-01,,0,Fictional flock fixture.
DEV_MIGRATION_FL_00077,DM-FLOCK-00077,DEV_MIGRATION_A_00008,DEV_MIGRATION_F_00015,DEV_MIGRATION_D_00015,DEV_MIGRATION_Q_00015,Egg Production,Active,DM-PERMIT-00077,2025-01-01,2025-01-15,2024-12-01,1077,Brown,2025-02-01,2026-08-01,,0,Fictional flock fixture.
DEV_MIGRATION_FL_00078,DM-FLOCK-00078,DEV_MIGRATION_A_00008,DEV_MIGRATION_F_00016,DEV_MIGRATION_D_00116,DEV_MIGRATION_Q_00016,Egg Production,Active,DM-PERMIT-00078,2025-01-01,2025-01-15,2024-12-01,1078,White,2025-02-01,2026-08-01,,0,Fictional flock fixture.
DEV_MIGRATION_FL_00079,DM-FLOCK-00079,DEV_MIGRATION_A_00008,DEV_MIGRATION_F_00015,DEV_MIGRATION_D_00015,DEV_MIGRATION_Q_00015,Egg Production,Active,DM-PERMIT-00079,2025-01-01,2025-01-15,2024-12-01,1079,Brown,2025-02-01,2026-08-01,,0,Fictional flock fixture.
DEV_MIGRATION_FL_00080,DM-FLOCK-00080,DEV_MIGRATION_A_00008,DEV_MIGRATION_F_00016,DEV_MIGRATION_D_00116,DEV_MIGRATION_Q_00016,Egg Production,Active,DM-PERMIT-00080,2025-01-01,2025-01-15,2024-12-01,1080,White,2025-02-01,2026-08-01,,0,Fictional flock fixture.
DEV_MIGRATION_FL_00081,DM-FLOCK-00081,DEV_MIGRATION_A_00009,DEV_MIGRATION_F_00017,DEV_MIGRATION_D_00017,DEV_MIGRATION_Q_00017,Egg Production,Active,DM-PERMIT-00081,2025-01-01,2025-01-15,2024-12-01,1081,Brown,2025-02-01,2026-08-01,,0,Fictional flock fixture.
DEV_MIGRATION_FL_00082,DM-FLOCK-00082,DEV_MIGRATION_A_00009,DEV_MIGRATION_F_00018,DEV_MIGRATION_D_00118,DEV_MIGRATION_Q_00018,Egg Production,Active,DM-PERMIT-00082,2025-01-01,2025-01-15,2024-12-01,1082,White,2025-02-01,2026-08-01,,0,Fictional flock fixture.
DEV_MIGRATION_FL_00083,DM-FLOCK-00083,DEV_MIGRATION_A_00009,DEV_MIGRATION_F_00017,DEV_MIGRATION_D_00017,DEV_MIGRATION_Q_00017,Egg Production,Active,DM-PERMIT-00083,2025-01-01,2025-01-15,2024-12-01,1083,Brown,2025-02-01,2026-08-01,,0,Fictional flock fixture.
DEV_MIGRATION_FL_00084,DM-FLOCK-00084,DEV_MIGRATION_A_00009,DEV_MIGRATION_F_00018,DEV_MIGRATION_D_00118,DEV_MIGRATION_Q_00018,Egg Production,Active,DM-PERMIT-00084,2025-01-01,2025-01-15,2024-12-01,1084,White,2025-02-01,2026-08-01,,0,Fictional flock fixture.
DEV_MIGRATION_FL_00085,DM-FLOCK-00085,DEV_MIGRATION_A_00009,DEV_MIGRATION_F_00017,DEV_MIGRATION_D_00017,DEV_MIGRATION_Q_00017,Egg Production,Active,DM-PERMIT-00085,2025-01-01,2025-01-15,2024-12-01,1085,Brown,2025-02-01,2026-08-01,,0,Fictional flock fixture.
DEV_MIGRATION_FL_00086,DM-FLOCK-00086,DEV_MIGRATION_A_00009,DEV_MIGRATION_F_00018,DEV_MIGRATION_D_00118,DEV_MIGRATION_Q_00018,Egg Production,Active,DM-PERMIT-00086,2025-01-01,2025-01-15,2024-12-01,1086,White,2025-02-01,2026-08-01,,0,Fictional flock fixture.
DEV_MIGRATION_FL_00087,DM-FLOCK-00087,DEV_MIGRATION_A_00009,DEV_MIGRATION_F_00017,DEV_MIGRATION_D_00017,DEV_MIGRATION_Q_00017,Egg Production,Active,DM-PERMIT-00087,2025-01-01,2025-01-15,2024-12-01,1087,Brown,2025-02-01,2026-08-01,,0,Fictional flock fixture.
DEV_MIGRATION_FL_00088,DM-FLOCK-00088,DEV_MIGRATION_A_00009,DEV_MIGRATION_F_00018,DEV_MIGRATION_D_00118,DEV_MIGRATION_Q_00018,Egg Production,Active,DM-PERMIT-00088,2025-01-01,2025-01-15,2024-12-01,1088,White,2025-02-01,2026-08-01,,0,Fictional flock fixture.
DEV_MIGRATION_FL_00089,DM-FLOCK-00089,DEV_MIGRATION_A_00009,DEV_MIGRATION_F_00017,DEV_MIGRATION_D_00017,DEV_MIGRATION_Q_00017,Egg Production,Active,DM-PERMIT-00089,2025-01-01,2025-01-15,2024-12-01,1089,Brown,2025-02-01,2026-08-01,,0,Fictional flock fixture.
DEV_MIGRATION_FL_00090,DM-FLOCK-00090,DEV_MIGRATION_A_00009,DEV_MIGRATION_F_00018,DEV_MIGRATION_D_00118,DEV_MIGRATION_Q_00018,Egg Production,Active,DM-PERMIT-00090,2025-01-01,2025-01-15,2024-12-01,1090,White,2025-02-01,2026-08-01,,0,Fictional flock fixture.
DEV_MIGRATION_FL_00091,DM-FLOCK-00091,DEV_MIGRATION_A_00010,DEV_MIGRATION_F_00019,DEV_MIGRATION_D_00019,DEV_MIGRATION_Q_00019,Egg Production,Active,DM-PERMIT-00091,2025-01-01,2025-01-15,2024-12-01,1091,Brown,2025-02-01,2026-08-01,,0,Fictional flock fixture.
DEV_MIGRATION_FL_00092,DM-FLOCK-00092,DEV_MIGRATION_A_00010,DEV_MIGRATION_F_00020,DEV_MIGRATION_D_00120,DEV_MIGRATION_Q_00020,Egg Production,Active,DM-PERMIT-00092,2025-01-01,2025-01-15,2024-12-01,1092,White,2025-02-01,2026-08-01,,0,Fictional flock fixture.
DEV_MIGRATION_FL_00093,DM-FLOCK-00093,DEV_MIGRATION_A_00010,DEV_MIGRATION_F_00019,DEV_MIGRATION_D_00019,DEV_MIGRATION_Q_00019,Egg Production,Active,DM-PERMIT-00093,2025-01-01,2025-01-15,2024-12-01,1093,Brown,2025-02-01,2026-08-01,,0,Fictional flock fixture.
DEV_MIGRATION_FL_00094,DM-FLOCK-00094,DEV_MIGRATION_A_00010,DEV_MIGRATION_F_00020,DEV_MIGRATION_D_00120,DEV_MIGRATION_Q_00020,Egg Production,Active,DM-PERMIT-00094,2025-01-01,2025-01-15,2024-12-01,1094,White,2025-02-01,2026-08-01,,0,Fictional flock fixture.
DEV_MIGRATION_FL_00095,DM-FLOCK-00095,DEV_MIGRATION_A_00010,DEV_MIGRATION_F_00019,DEV_MIGRATION_D_00019,DEV_MIGRATION_Q_00019,Egg Production,Active,DM-PERMIT-00095,2025-01-01,2025-01-15,2024-12-01,1095,Brown,2025-02-01,2026-08-01,,0,Fictional flock fixture.
DEV_MIGRATION_FL_00096,DM-FLOCK-00096,DEV_MIGRATION_A_00010,DEV_MIGRATION_F_00020,DEV_MIGRATION_D_00120,DEV_MIGRATION_Q_00020,Egg Production,Active,DM-PERMIT-00096,2025-01-01,2025-01-15,2024-12-01,1096,White,2025-02-01,2026-08-01,,0,Fictional flock fixture.
DEV_MIGRATION_FL_00097,DM-FLOCK-00097,DEV_MIGRATION_A_00010,DEV_MIGRATION_F_00019,DEV_MIGRATION_D_00019,DEV_MIGRATION_Q_00019,Egg Production,Active,DM-PERMIT-00097,2025-01-01,2025-01-15,2024-12-01,1097,Brown,2025-02-01,2026-08-01,,0,Fictional flock fixture.
DEV_MIGRATION_FL_00098,DM-FLOCK-00098,DEV_MIGRATION_A_00010,DEV_MIGRATION_F_00020,DEV_MIGRATION_D_00120,DEV_MIGRATION_Q_00020,Egg Production,Active,DM-PERMIT-00098,2025-01-01,2025-01-15,2024-12-01,1098,White,2025-02-01,2026-08-01,,0,Fictional flock fixture.
DEV_MIGRATION_FL_00099,DM-FLOCK-00099,DEV_MIGRATION_A_00010,DEV_MIGRATION_F_00019,DEV_MIGRATION_D_00019,DEV_MIGRATION_Q_00019,Egg Production,Active,DM-PERMIT-00099,2025-01-01,2025-01-15,2024-12-01,1099,Brown,2025-02-01,2026-08-01,,0,Fictional flock fixture.
DEV_MIGRATION_FL_00100,DM-FLOCK-00100,DEV_MIGRATION_A_00010,DEV_MIGRATION_F_00020,DEV_MIGRATION_D_00120,DEV_MIGRATION_Q_00020,Egg Production,Active,DM-PERMIT-00100,2025-01-01,2025-01-15,2024-12-01,1100,White,2025-02-01,2026-08-01,,0,Fictional flock fixture.
DEV_MIGRATION_FL_00101,DM-FLOCK-00101,DEV_MIGRATION_A_00011,DEV_MIGRATION_F_00021,DEV_MIGRATION_D_00021,DEV_MIGRATION_Q_00021,Egg Production,Active,DM-PERMIT-00101,2025-01-01,2025-01-15,2024-12-01,1101,Brown,2025-02-01,2026-08-01,,0,Fictional flock fixture.
DEV_MIGRATION_FL_00102,DM-FLOCK-00102,DEV_MIGRATION_A_00011,DEV_MIGRATION_F_00022,DEV_MIGRATION_D_00122,DEV_MIGRATION_Q_00022,Egg Production,Active,DM-PERMIT-00102,2025-01-01,2025-01-15,2024-12-01,1102,White,2025-02-01,2026-08-01,,0,Fictional flock fixture.
DEV_MIGRATION_FL_00103,DM-FLOCK-00103,DEV_MIGRATION_A_00011,DEV_MIGRATION_F_00021,DEV_MIGRATION_D_00021,DEV_MIGRATION_Q_00021,Egg Production,Active,DM-PERMIT-00103,2025-01-01,2025-01-15,2024-12-01,1103,Brown,2025-02-01,2026-08-01,,0,Fictional flock fixture.
DEV_MIGRATION_FL_00104,DM-FLOCK-00104,DEV_MIGRATION_A_00011,DEV_MIGRATION_F_00022,DEV_MIGRATION_D_00122,DEV_MIGRATION_Q_00022,Egg Production,Active,DM-PERMIT-00104,2025-01-01,2025-01-15,2024-12-01,1104,White,2025-02-01,2026-08-01,,0,Fictional flock fixture.
DEV_MIGRATION_FL_00105,DM-FLOCK-00105,DEV_MIGRATION_A_00011,DEV_MIGRATION_F_00021,DEV_MIGRATION_D_00021,DEV_MIGRATION_Q_00021,Egg Production,Active,DM-PERMIT-00105,2025-01-01,2025-01-15,2024-12-01,1105,Brown,2025-02-01,2026-08-01,,0,Fictional flock fixture.
DEV_MIGRATION_FL_00106,DM-FLOCK-00106,DEV_MIGRATION_A_00011,DEV_MIGRATION_F_00022,DEV_MIGRATION_D_00122,DEV_MIGRATION_Q_00022,Egg Production,Active,DM-PERMIT-00106,2025-01-01,2025-01-15,2024-12-01,1106,White,2025-02-01,2026-08-01,,0,Fictional flock fixture.
DEV_MIGRATION_FL_00107,DM-FLOCK-00107,DEV_MIGRATION_A_00011,DEV_MIGRATION_F_00021,DEV_MIGRATION_D_00021,DEV_MIGRATION_Q_00021,Egg Production,Active,DM-PERMIT-00107,2025-01-01,2025-01-15,2024-12-01,1107,Brown,2025-02-01,2026-08-01,,0,Fictional flock fixture.
DEV_MIGRATION_FL_00108,DM-FLOCK-00108,DEV_MIGRATION_A_00011,DEV_MIGRATION_F_00022,DEV_MIGRATION_D_00122,DEV_MIGRATION_Q_00022,Egg Production,Active,DM-PERMIT-00108,2025-01-01,2025-01-15,2024-12-01,1108,White,2025-02-01,2026-08-01,,0,Fictional flock fixture.
DEV_MIGRATION_FL_00109,DM-FLOCK-00109,DEV_MIGRATION_A_00011,DEV_MIGRATION_F_00021,DEV_MIGRATION_D_00021,DEV_MIGRATION_Q_00021,Egg Production,Active,DM-PERMIT-00109,2025-01-01,2025-01-15,2024-12-01,1109,Brown,2025-02-01,2026-08-01,,0,Fictional flock fixture.
DEV_MIGRATION_FL_00110,DM-FLOCK-00110,DEV_MIGRATION_A_00011,DEV_MIGRATION_F_00022,DEV_MIGRATION_D_00122,DEV_MIGRATION_Q_00022,Egg Production,Active,DM-PERMIT-00110,2025-01-01,2025-01-15,2024-12-01,1110,White,2025-02-01,2026-08-01,,0,Fictional flock fixture.
DEV_MIGRATION_FL_00111,DM-FLOCK-00111,DEV_MIGRATION_A_00012,DEV_MIGRATION_F_00023,DEV_MIGRATION_D_00023,DEV_MIGRATION_Q_00023,Egg Production,Active,DM-PERMIT-00111,2025-01-01,2025-01-15,2024-12-01,1111,Brown,2025-02-01,2026-08-01,,0,Fictional flock fixture.
DEV_MIGRATION_FL_00112,DM-FLOCK-00112,DEV_MIGRATION_A_00012,DEV_MIGRATION_F_00024,DEV_MIGRATION_D_00124,DEV_MIGRATION_Q_00024,Egg Production,Active,DM-PERMIT-00112,2025-01-01,2025-01-15,2024-12-01,1112,White,2025-02-01,2026-08-01,,0,Fictional flock fixture.
DEV_MIGRATION_FL_00113,DM-FLOCK-00113,DEV_MIGRATION_A_00012,DEV_MIGRATION_F_00023,DEV_MIGRATION_D_00023,DEV_MIGRATION_Q_00023,Egg Production,Active,DM-PERMIT-00113,2025-01-01,2025-01-15,2024-12-01,1113,Brown,2025-02-01,2026-08-01,,0,Fictional flock fixture.
DEV_MIGRATION_FL_00114,DM-FLOCK-00114,DEV_MIGRATION_A_00012,DEV_MIGRATION_F_00024,DEV_MIGRATION_D_00124,DEV_MIGRATION_Q_00024,Egg Production,Active,DM-PERMIT-00114,2025-01-01,2025-01-15,2024-12-01,1114,White,2025-02-01,2026-08-01,,0,Fictional flock fixture.
DEV_MIGRATION_FL_00115,DM-FLOCK-00115,DEV_MIGRATION_A_00012,DEV_MIGRATION_F_00023,DEV_MIGRATION_D_00023,DEV_MIGRATION_Q_00023,Egg Production,Active,DM-PERMIT-00115,2025-01-01,2025-01-15,2024-12-01,1115,Brown,2025-02-01,2026-08-01,,0,Fictional flock fixture.
DEV_MIGRATION_FL_00116,DM-FLOCK-00116,DEV_MIGRATION_A_00012,DEV_MIGRATION_F_00024,DEV_MIGRATION_D_00124,DEV_MIGRATION_Q_00024,Egg Production,Active,DM-PERMIT-00116,2025-01-01,2025-01-15,2024-12-01,1116,White,2025-02-01,2026-08-01,,0,Fictional flock fixture.
DEV_MIGRATION_FL_00117,DM-FLOCK-00117,DEV_MIGRATION_A_00012,DEV_MIGRATION_F_00023,DEV_MIGRATION_D_00023,DEV_MIGRATION_Q_00023,Egg Production,Active,DM-PERMIT-00117,2025-01-01,2025-01-15,2024-12-01,1117,Brown,2025-02-01,2026-08-01,,0,Fictional flock fixture.
DEV_MIGRATION_FL_00118,DM-FLOCK-00118,DEV_MIGRATION_A_00012,DEV_MIGRATION_F_00024,DEV_MIGRATION_D_00124,DEV_MIGRATION_Q_00024,Egg Production,Active,DM-PERMIT-00118,2025-01-01,2025-01-15,2024-12-01,1118,White,2025-02-01,2026-08-01,,0,Fictional flock fixture.
DEV_MIGRATION_FL_00119,DM-FLOCK-00119,DEV_MIGRATION_A_00012,DEV_MIGRATION_F_00023,DEV_MIGRATION_D_00023,DEV_MIGRATION_Q_00023,Egg Production,Active,DM-PERMIT-00119,2025-01-01,2025-01-15,2024-12-01,1119,Brown,2025-02-01,2026-08-01,,0,Fictional flock fixture.
DEV_MIGRATION_FL_00120,DM-FLOCK-00120,DEV_MIGRATION_A_00012,DEV_MIGRATION_F_00024,DEV_MIGRATION_D_00124,DEV_MIGRATION_Q_00024,Egg Production,Active,DM-PERMIT-00120,2025-01-01,2025-01-15,2024-12-01,1120,White,2025-02-01,2026-08-01,,0,Fictional flock fixture.
DEV_MIGRATION_FL_00121,DM-FLOCK-00121,DEV_MIGRATION_A_00013,DEV_MIGRATION_F_00025,DEV_MIGRATION_D_00025,DEV_MIGRATION_Q_00025,Egg Production,Active,DM-PERMIT-00121,2025-01-01,2025-01-15,2024-12-01,1121,Brown,2025-02-01,2026-08-01,,0,Fictional flock fixture.
DEV_MIGRATION_FL_00122,DM-FLOCK-00122,DEV_MIGRATION_A_00013,DEV_MIGRATION_F_00026,DEV_MIGRATION_D_00126,DEV_MIGRATION_Q_00026,Egg Production,Active,DM-PERMIT-00122,2025-01-01,2025-01-15,2024-12-01,1122,White,2025-02-01,2026-08-01,,0,Fictional flock fixture.
DEV_MIGRATION_FL_00123,DM-FLOCK-00123,DEV_MIGRATION_A_00013,DEV_MIGRATION_F_00025,DEV_MIGRATION_D_00025,DEV_MIGRATION_Q_00025,Egg Production,Active,DM-PERMIT-00123,2025-01-01,2025-01-15,2024-12-01,1123,Brown,2025-02-01,2026-08-01,,0,Fictional flock fixture.
DEV_MIGRATION_FL_00124,DM-FLOCK-00124,DEV_MIGRATION_A_00013,DEV_MIGRATION_F_00026,DEV_MIGRATION_D_00126,DEV_MIGRATION_Q_00026,Egg Production,Active,DM-PERMIT-00124,2025-01-01,2025-01-15,2024-12-01,1124,White,2025-02-01,2026-08-01,,0,Fictional flock fixture.
DEV_MIGRATION_FL_00125,DM-FLOCK-00125,DEV_MIGRATION_A_00013,DEV_MIGRATION_F_00025,DEV_MIGRATION_D_00025,DEV_MIGRATION_Q_00025,Egg Production,Active,DM-PERMIT-00125,2025-01-01,2025-01-15,2024-12-01,1125,Brown,2025-02-01,2026-08-01,,0,Fictional flock fixture.
DEV_MIGRATION_FL_00126,DM-FLOCK-00126,DEV_MIGRATION_A_00013,DEV_MIGRATION_F_00026,DEV_MIGRATION_D_00126,DEV_MIGRATION_Q_00026,Egg Production,Active,DM-PERMIT-00126,2025-01-01,2025-01-15,2024-12-01,1126,White,2025-02-01,2026-08-01,,0,Fictional flock fixture.
DEV_MIGRATION_FL_00127,DM-FLOCK-00127,DEV_MIGRATION_A_00013,DEV_MIGRATION_F_00025,DEV_MIGRATION_D_00025,DEV_MIGRATION_Q_00025,Egg Production,Active,DM-PERMIT-00127,2025-01-01,2025-01-15,2024-12-01,1127,Brown,2025-02-01,2026-08-01,,0,Fictional flock fixture.
DEV_MIGRATION_FL_00128,DM-FLOCK-00128,DEV_MIGRATION_A_00013,DEV_MIGRATION_F_00026,DEV_MIGRATION_D_00126,DEV_MIGRATION_Q_00026,Egg Production,Active,DM-PERMIT-00128,2025-01-01,2025-01-15,2024-12-01,1128,White,2025-02-01,2026-08-01,,0,Fictional flock fixture.
DEV_MIGRATION_FL_00129,DM-FLOCK-00129,DEV_MIGRATION_A_00013,DEV_MIGRATION_F_00025,DEV_MIGRATION_D_00025,DEV_MIGRATION_Q_00025,Egg Production,Active,DM-PERMIT-00129,2025-01-01,2025-01-15,2024-12-01,1129,Brown,2025-02-01,2026-08-01,,0,Fictional flock fixture.
DEV_MIGRATION_FL_00130,DM-FLOCK-00130,DEV_MIGRATION_A_00013,DEV_MIGRATION_F_00026,DEV_MIGRATION_D_00126,DEV_MIGRATION_Q_00026,Egg Production,Active,DM-PERMIT-00130,2025-01-01,2025-01-15,2024-12-01,1130,White,2025-02-01,2026-08-01,,0,Fictional flock fixture.
DEV_MIGRATION_FL_00131,DM-FLOCK-00131,DEV_MIGRATION_A_00014,DEV_MIGRATION_F_00027,DEV_MIGRATION_D_00027,DEV_MIGRATION_Q_00027,Egg Production,Active,DM-PERMIT-00131,2025-01-01,2025-01-15,2024-12-01,1131,Brown,2025-02-01,2026-08-01,,0,Fictional flock fixture.
DEV_MIGRATION_FL_00132,DM-FLOCK-00132,DEV_MIGRATION_A_00014,DEV_MIGRATION_F_00028,DEV_MIGRATION_D_00128,DEV_MIGRATION_Q_00028,Egg Production,Active,DM-PERMIT-00132,2025-01-01,2025-01-15,2024-12-01,1132,White,2025-02-01,2026-08-01,,0,Fictional flock fixture.
DEV_MIGRATION_FL_00133,DM-FLOCK-00133,DEV_MIGRATION_A_00014,DEV_MIGRATION_F_00027,DEV_MIGRATION_D_00027,DEV_MIGRATION_Q_00027,Egg Production,Active,DM-PERMIT-00133,2025-01-01,2025-01-15,2024-12-01,1133,Brown,2025-02-01,2026-08-01,,0,Fictional flock fixture.
DEV_MIGRATION_FL_00134,DM-FLOCK-00134,DEV_MIGRATION_A_00014,DEV_MIGRATION_F_00028,DEV_MIGRATION_D_00128,DEV_MIGRATION_Q_00028,Egg Production,Active,DM-PERMIT-00134,2025-01-01,2025-01-15,2024-12-01,1134,White,2025-02-01,2026-08-01,,0,Fictional flock fixture.
DEV_MIGRATION_FL_00135,DM-FLOCK-00135,DEV_MIGRATION_A_00014,DEV_MIGRATION_F_00027,DEV_MIGRATION_D_00027,DEV_MIGRATION_Q_00027,Egg Production,Active,DM-PERMIT-00135,2025-01-01,2025-01-15,2024-12-01,1135,Brown,2025-02-01,2026-08-01,,0,Fictional flock fixture.
DEV_MIGRATION_FL_00136,DM-FLOCK-00136,DEV_MIGRATION_A_00014,DEV_MIGRATION_F_00028,DEV_MIGRATION_D_00128,DEV_MIGRATION_Q_00028,Egg Production,Active,DM-PERMIT-00136,2025-01-01,2025-01-15,2024-12-01,1136,White,2025-02-01,2026-08-01,,0,Fictional flock fixture.
DEV_MIGRATION_FL_00137,DM-FLOCK-00137,DEV_MIGRATION_A_00014,DEV_MIGRATION_F_00027,DEV_MIGRATION_D_00027,DEV_MIGRATION_Q_00027,Egg Production,Active,DM-PERMIT-00137,2025-01-01,2025-01-15,2024-12-01,1137,Brown,2025-02-01,2026-08-01,,0,Fictional flock fixture.
DEV_MIGRATION_FL_00138,DM-FLOCK-00138,DEV_MIGRATION_A_00014,DEV_MIGRATION_F_00028,DEV_MIGRATION_D_00128,DEV_MIGRATION_Q_00028,Egg Production,Active,DM-PERMIT-00138,2025-01-01,2025-01-15,2024-12-01,1138,White,2025-02-01,2026-08-01,,0,Fictional flock fixture.
DEV_MIGRATION_FL_00139,DM-FLOCK-00139,DEV_MIGRATION_A_00014,DEV_MIGRATION_F_00027,DEV_MIGRATION_D_00027,DEV_MIGRATION_Q_00027,Egg Production,Active,DM-PERMIT-00139,2025-01-01,2025-01-15,2024-12-01,1139,Brown,2025-02-01,2026-08-01,,0,Fictional flock fixture.
DEV_MIGRATION_FL_00140,DM-FLOCK-00140,DEV_MIGRATION_A_00014,DEV_MIGRATION_F_00028,DEV_MIGRATION_D_00128,DEV_MIGRATION_Q_00028,Egg Production,Active,DM-PERMIT-00140,2025-01-01,2025-01-15,2024-12-01,1140,White,2025-02-01,2026-08-01,,0,Fictional flock fixture.
DEV_MIGRATION_FL_00141,DM-FLOCK-00141,DEV_MIGRATION_A_00015,DEV_MIGRATION_F_00029,DEV_MIGRATION_D_00029,DEV_MIGRATION_Q_00029,Egg Production,Active,DM-PERMIT-00141,2025-01-01,2025-01-15,2024-12-01,1141,Brown,2025-02-01,2026-08-01,,0,Fictional flock fixture.
DEV_MIGRATION_FL_00142,DM-FLOCK-00142,DEV_MIGRATION_A_00015,DEV_MIGRATION_F_00030,DEV_MIGRATION_D_00130,DEV_MIGRATION_Q_00030,Egg Production,Active,DM-PERMIT-00142,2025-01-01,2025-01-15,2024-12-01,1142,White,2025-02-01,2026-08-01,,0,Fictional flock fixture.
DEV_MIGRATION_FL_00143,DM-FLOCK-00143,DEV_MIGRATION_A_00015,DEV_MIGRATION_F_00029,DEV_MIGRATION_D_00029,DEV_MIGRATION_Q_00029,Egg Production,Active,DM-PERMIT-00143,2025-01-01,2025-01-15,2024-12-01,1143,Brown,2025-02-01,2026-08-01,,0,Fictional flock fixture.
DEV_MIGRATION_FL_00144,DM-FLOCK-00144,DEV_MIGRATION_A_00015,DEV_MIGRATION_F_00030,DEV_MIGRATION_D_00130,DEV_MIGRATION_Q_00030,Egg Production,Active,DM-PERMIT-00144,2025-01-01,2025-01-15,2024-12-01,1144,White,2025-02-01,2026-08-01,,0,Fictional flock fixture.
DEV_MIGRATION_FL_00145,DM-FLOCK-00145,DEV_MIGRATION_A_00015,DEV_MIGRATION_F_00029,DEV_MIGRATION_D_00029,DEV_MIGRATION_Q_00029,Egg Production,Active,DM-PERMIT-00145,2025-01-01,2025-01-15,2024-12-01,1145,Brown,2025-02-01,2026-08-01,,0,Fictional flock fixture.
DEV_MIGRATION_FL_00146,DM-FLOCK-00146,DEV_MIGRATION_A_00015,DEV_MIGRATION_F_00030,DEV_MIGRATION_D_00130,DEV_MIGRATION_Q_00030,Egg Production,Active,DM-PERMIT-00146,2025-01-01,2025-01-15,2024-12-01,1146,White,2025-02-01,2026-08-01,,0,Fictional flock fixture.
DEV_MIGRATION_FL_00147,DM-FLOCK-00147,DEV_MIGRATION_A_00015,DEV_MIGRATION_F_00029,DEV_MIGRATION_D_00029,DEV_MIGRATION_Q_00029,Egg Production,Active,DM-PERMIT-00147,2025-01-01,2025-01-15,2024-12-01,1147,Brown,2025-02-01,2026-08-01,,0,Fictional flock fixture.
DEV_MIGRATION_FL_00148,DM-FLOCK-00148,DEV_MIGRATION_A_00015,DEV_MIGRATION_F_00030,DEV_MIGRATION_D_00130,DEV_MIGRATION_Q_00030,Egg Production,Active,DM-PERMIT-00148,2025-01-01,2025-01-15,2024-12-01,1148,White,2025-02-01,2026-08-01,,0,Fictional flock fixture.
DEV_MIGRATION_FL_00149,DM-FLOCK-00149,DEV_MIGRATION_A_00015,DEV_MIGRATION_F_00029,DEV_MIGRATION_D_00029,DEV_MIGRATION_Q_00029,Egg Production,Active,DM-PERMIT-00149,2025-01-01,2025-01-15,2024-12-01,1149,Brown,2025-02-01,2026-08-01,,0,Fictional flock fixture.
DEV_MIGRATION_FL_00150,DM-FLOCK-00150,DEV_MIGRATION_A_00015,DEV_MIGRATION_F_00030,DEV_MIGRATION_D_00130,DEV_MIGRATION_Q_00030,Egg Production,Active,DM-PERMIT-00150,2025-01-01,2025-01-15,2024-12-01,1150,White,2025-02-01,2026-08-01,,0,Fictional flock fixture.
DEV_MIGRATION_FL_00151,DM-FLOCK-00151,DEV_MIGRATION_A_00016,DEV_MIGRATION_F_00031,DEV_MIGRATION_D_00031,DEV_MIGRATION_Q_00031,Egg Production,Active,DM-PERMIT-00151,2025-01-01,2025-01-15,2024-12-01,1151,Brown,2025-02-01,2026-08-01,,0,Fictional flock fixture.
DEV_MIGRATION_FL_00152,DM-FLOCK-00152,DEV_MIGRATION_A_00016,DEV_MIGRATION_F_00032,DEV_MIGRATION_D_00132,DEV_MIGRATION_Q_00032,Egg Production,Active,DM-PERMIT-00152,2025-01-01,2025-01-15,2024-12-01,1152,White,2025-02-01,2026-08-01,,0,Fictional flock fixture.
DEV_MIGRATION_FL_00153,DM-FLOCK-00153,DEV_MIGRATION_A_00016,DEV_MIGRATION_F_00031,DEV_MIGRATION_D_00031,DEV_MIGRATION_Q_00031,Egg Production,Active,DM-PERMIT-00153,2025-01-01,2025-01-15,2024-12-01,1153,Brown,2025-02-01,2026-08-01,,0,Fictional flock fixture.
DEV_MIGRATION_FL_00154,DM-FLOCK-00154,DEV_MIGRATION_A_00016,DEV_MIGRATION_F_00032,DEV_MIGRATION_D_00132,DEV_MIGRATION_Q_00032,Egg Production,Active,DM-PERMIT-00154,2025-01-01,2025-01-15,2024-12-01,1154,White,2025-02-01,2026-08-01,,0,Fictional flock fixture.
DEV_MIGRATION_FL_00155,DM-FLOCK-00155,DEV_MIGRATION_A_00016,DEV_MIGRATION_F_00031,DEV_MIGRATION_D_00031,DEV_MIGRATION_Q_00031,Egg Production,Active,DM-PERMIT-00155,2025-01-01,2025-01-15,2024-12-01,1155,Brown,2025-02-01,2026-08-01,,0,Fictional flock fixture.
DEV_MIGRATION_FL_00156,DM-FLOCK-00156,DEV_MIGRATION_A_00016,DEV_MIGRATION_F_00032,DEV_MIGRATION_D_00132,DEV_MIGRATION_Q_00032,Egg Production,Active,DM-PERMIT-00156,2025-01-01,2025-01-15,2024-12-01,1156,White,2025-02-01,2026-08-01,,0,Fictional flock fixture.
DEV_MIGRATION_FL_00157,DM-FLOCK-00157,DEV_MIGRATION_A_00016,DEV_MIGRATION_F_00031,DEV_MIGRATION_D_00031,DEV_MIGRATION_Q_00031,Egg Production,Active,DM-PERMIT-00157,2025-01-01,2025-01-15,2024-12-01,1157,Brown,2025-02-01,2026-08-01,,0,Fictional flock fixture.
DEV_MIGRATION_FL_00158,DM-FLOCK-00158,DEV_MIGRATION_A_00016,DEV_MIGRATION_F_00032,DEV_MIGRATION_D_00132,DEV_MIGRATION_Q_00032,Egg Production,Active,DM-PERMIT-00158,2025-01-01,2025-01-15,2024-12-01,1158,White,2025-02-01,2026-08-01,,0,Fictional flock fixture.
DEV_MIGRATION_FL_00159,DM-FLOCK-00159,DEV_MIGRATION_A_00016,DEV_MIGRATION_F_00031,DEV_MIGRATION_D_00031,DEV_MIGRATION_Q_00031,Egg Production,Active,DM-PERMIT-00159,2025-01-01,2025-01-15,2024-12-01,1159,Brown,2025-02-01,2026-08-01,,0,Fictional flock fixture.
DEV_MIGRATION_FL_00160,DM-FLOCK-00160,DEV_MIGRATION_A_00016,DEV_MIGRATION_F_00032,DEV_MIGRATION_D_00132,DEV_MIGRATION_Q_00032,Egg Production,Active,DM-PERMIT-00160,2025-01-01,2025-01-15,2024-12-01,1160,White,2025-02-01,2026-08-01,,0,Fictional flock fixture.
DEV_MIGRATION_FL_00161,DM-FLOCK-00161,DEV_MIGRATION_A_00017,DEV_MIGRATION_F_00033,DEV_MIGRATION_D_00033,DEV_MIGRATION_Q_00033,Egg Production,Active,DM-PERMIT-00161,2025-01-01,2025-01-15,2024-12-01,1161,Brown,2025-02-01,2026-08-01,,0,Fictional flock fixture.
DEV_MIGRATION_FL_00162,DM-FLOCK-00162,DEV_MIGRATION_A_00017,DEV_MIGRATION_F_00034,DEV_MIGRATION_D_00134,DEV_MIGRATION_Q_00034,Egg Production,Active,DM-PERMIT-00162,2025-01-01,2025-01-15,2024-12-01,1162,White,2025-02-01,2026-08-01,,0,Fictional flock fixture.
DEV_MIGRATION_FL_00163,DM-FLOCK-00163,DEV_MIGRATION_A_00017,DEV_MIGRATION_F_00033,DEV_MIGRATION_D_00033,DEV_MIGRATION_Q_00033,Egg Production,Active,DM-PERMIT-00163,2025-01-01,2025-01-15,2024-12-01,1163,Brown,2025-02-01,2026-08-01,,0,Fictional flock fixture.
DEV_MIGRATION_FL_00164,DM-FLOCK-00164,DEV_MIGRATION_A_00017,DEV_MIGRATION_F_00034,DEV_MIGRATION_D_00134,DEV_MIGRATION_Q_00034,Egg Production,Active,DM-PERMIT-00164,2025-01-01,2025-01-15,2024-12-01,1164,White,2025-02-01,2026-08-01,,0,Fictional flock fixture.
DEV_MIGRATION_FL_00165,DM-FLOCK-00165,DEV_MIGRATION_A_00017,DEV_MIGRATION_F_00033,DEV_MIGRATION_D_00033,DEV_MIGRATION_Q_00033,Egg Production,Active,DM-PERMIT-00165,2025-01-01,2025-01-15,2024-12-01,1165,Brown,2025-02-01,2026-08-01,,0,Fictional flock fixture.
DEV_MIGRATION_FL_00166,DM-FLOCK-00166,DEV_MIGRATION_A_00017,DEV_MIGRATION_F_00034,DEV_MIGRATION_D_00134,DEV_MIGRATION_Q_00034,Egg Production,Active,DM-PERMIT-00166,2025-01-01,2025-01-15,2024-12-01,1166,White,2025-02-01,2026-08-01,,0,Fictional flock fixture.
DEV_MIGRATION_FL_00167,DM-FLOCK-00167,DEV_MIGRATION_A_00017,DEV_MIGRATION_F_00033,DEV_MIGRATION_D_00033,DEV_MIGRATION_Q_00033,Egg Production,Active,DM-PERMIT-00167,2025-01-01,2025-01-15,2024-12-01,1167,Brown,2025-02-01,2026-08-01,,0,Fictional flock fixture.
DEV_MIGRATION_FL_00168,DM-FLOCK-00168,DEV_MIGRATION_A_00017,DEV_MIGRATION_F_00034,DEV_MIGRATION_D_00134,DEV_MIGRATION_Q_00034,Egg Production,Active,DM-PERMIT-00168,2025-01-01,2025-01-15,2024-12-01,1168,White,2025-02-01,2026-08-01,,0,Fictional flock fixture.
DEV_MIGRATION_FL_00169,DM-FLOCK-00169,DEV_MIGRATION_A_00017,DEV_MIGRATION_F_00033,DEV_MIGRATION_D_00033,DEV_MIGRATION_Q_00033,Egg Production,Active,DM-PERMIT-00169,2025-01-01,2025-01-15,2024-12-01,1169,Brown,2025-02-01,2026-08-01,,0,Fictional flock fixture.
DEV_MIGRATION_FL_00170,DM-FLOCK-00170,DEV_MIGRATION_A_00017,DEV_MIGRATION_F_00034,DEV_MIGRATION_D_00134,DEV_MIGRATION_Q_00034,Egg Production,Active,DM-PERMIT-00170,2025-01-01,2025-01-15,2024-12-01,1170,White,2025-02-01,2026-08-01,,0,Fictional flock fixture.
DEV_MIGRATION_FL_00171,DM-FLOCK-00171,DEV_MIGRATION_A_00018,DEV_MIGRATION_F_00035,DEV_MIGRATION_D_00035,DEV_MIGRATION_Q_00035,Egg Production,Active,DM-PERMIT-00171,2025-01-01,2025-01-15,2024-12-01,1171,Brown,2025-02-01,2026-08-01,,0,Fictional flock fixture.
DEV_MIGRATION_FL_00172,DM-FLOCK-00172,DEV_MIGRATION_A_00018,DEV_MIGRATION_F_00036,DEV_MIGRATION_D_00136,DEV_MIGRATION_Q_00036,Egg Production,Active,DM-PERMIT-00172,2025-01-01,2025-01-15,2024-12-01,1172,White,2025-02-01,2026-08-01,,0,Fictional flock fixture.
DEV_MIGRATION_FL_00173,DM-FLOCK-00173,DEV_MIGRATION_A_00018,DEV_MIGRATION_F_00035,DEV_MIGRATION_D_00035,DEV_MIGRATION_Q_00035,Egg Production,Active,DM-PERMIT-00173,2025-01-01,2025-01-15,2024-12-01,1173,Brown,2025-02-01,2026-08-01,,0,Fictional flock fixture.
DEV_MIGRATION_FL_00174,DM-FLOCK-00174,DEV_MIGRATION_A_00018,DEV_MIGRATION_F_00036,DEV_MIGRATION_D_00136,DEV_MIGRATION_Q_00036,Egg Production,Active,DM-PERMIT-00174,2025-01-01,2025-01-15,2024-12-01,1174,White,2025-02-01,2026-08-01,,0,Fictional flock fixture.
DEV_MIGRATION_FL_00175,DM-FLOCK-00175,DEV_MIGRATION_A_00018,DEV_MIGRATION_F_00035,DEV_MIGRATION_D_00035,DEV_MIGRATION_Q_00035,Egg Production,Active,DM-PERMIT-00175,2025-01-01,2025-01-15,2024-12-01,1175,Brown,2025-02-01,2026-08-01,,0,Fictional flock fixture.
DEV_MIGRATION_FL_00176,DM-FLOCK-00176,DEV_MIGRATION_A_00018,DEV_MIGRATION_F_00036,DEV_MIGRATION_D_00136,DEV_MIGRATION_Q_00036,Egg Production,Active,DM-PERMIT-00176,2025-01-01,2025-01-15,2024-12-01,1176,White,2025-02-01,2026-08-01,,0,Fictional flock fixture.
DEV_MIGRATION_FL_00177,DM-FLOCK-00177,DEV_MIGRATION_A_00018,DEV_MIGRATION_F_00035,DEV_MIGRATION_D_00035,DEV_MIGRATION_Q_00035,Egg Production,Active,DM-PERMIT-00177,2025-01-01,2025-01-15,2024-12-01,1177,Brown,2025-02-01,2026-08-01,,0,Fictional flock fixture.
DEV_MIGRATION_FL_00178,DM-FLOCK-00178,DEV_MIGRATION_A_00018,DEV_MIGRATION_F_00036,DEV_MIGRATION_D_00136,DEV_MIGRATION_Q_00036,Egg Production,Active,DM-PERMIT-00178,2025-01-01,2025-01-15,2024-12-01,1178,White,2025-02-01,2026-08-01,,0,Fictional flock fixture.
DEV_MIGRATION_FL_00179,DM-FLOCK-00179,DEV_MIGRATION_A_00018,DEV_MIGRATION_F_00035,DEV_MIGRATION_D_00035,DEV_MIGRATION_Q_00035,Egg Production,Active,DM-PERMIT-00179,2025-01-01,2025-01-15,2024-12-01,1179,Brown,2025-02-01,2026-08-01,,0,Fictional flock fixture.
DEV_MIGRATION_FL_00180,DM-FLOCK-00180,DEV_MIGRATION_A_00018,DEV_MIGRATION_F_00036,DEV_MIGRATION_D_00136,DEV_MIGRATION_Q_00036,Egg Production,Active,DM-PERMIT-00180,2025-01-01,2025-01-15,2024-12-01,1180,White,2025-02-01,2026-08-01,,0,Fictional flock fixture.
DEV_MIGRATION_FL_00181,DM-FLOCK-00181,DEV_MIGRATION_A_00019,DEV_MIGRATION_F_00037,DEV_MIGRATION_D_00037,DEV_MIGRATION_Q_00037,Egg Production,Active,DM-PERMIT-00181,2025-01-01,2025-01-15,2024-12-01,1181,Brown,2025-02-01,2026-08-01,,0,Fictional flock fixture.
DEV_MIGRATION_FL_00182,DM-FLOCK-00182,DEV_MIGRATION_A_00019,DEV_MIGRATION_F_00038,DEV_MIGRATION_D_00138,DEV_MIGRATION_Q_00038,Egg Production,Active,DM-PERMIT-00182,2025-01-01,2025-01-15,2024-12-01,1182,White,2025-02-01,2026-08-01,,0,Fictional flock fixture.
DEV_MIGRATION_FL_00183,DM-FLOCK-00183,DEV_MIGRATION_A_00019,DEV_MIGRATION_F_00037,DEV_MIGRATION_D_00037,DEV_MIGRATION_Q_00037,Egg Production,Active,DM-PERMIT-00183,2025-01-01,2025-01-15,2024-12-01,1183,Brown,2025-02-01,2026-08-01,,0,Fictional flock fixture.
DEV_MIGRATION_FL_00184,DM-FLOCK-00184,DEV_MIGRATION_A_00019,DEV_MIGRATION_F_00038,DEV_MIGRATION_D_00138,DEV_MIGRATION_Q_00038,Egg Production,Active,DM-PERMIT-00184,2025-01-01,2025-01-15,2024-12-01,1184,White,2025-02-01,2026-08-01,,0,Fictional flock fixture.
DEV_MIGRATION_FL_00185,DM-FLOCK-00185,DEV_MIGRATION_A_00019,DEV_MIGRATION_F_00037,DEV_MIGRATION_D_00037,DEV_MIGRATION_Q_00037,Egg Production,Active,DM-PERMIT-00185,2025-01-01,2025-01-15,2024-12-01,1185,Brown,2025-02-01,2026-08-01,,0,Fictional flock fixture.
DEV_MIGRATION_FL_00186,DM-FLOCK-00186,DEV_MIGRATION_A_00019,DEV_MIGRATION_F_00038,DEV_MIGRATION_D_00138,DEV_MIGRATION_Q_00038,Egg Production,Active,DM-PERMIT-00186,2025-01-01,2025-01-15,2024-12-01,1186,White,2025-02-01,2026-08-01,,0,Fictional flock fixture.
DEV_MIGRATION_FL_00187,DM-FLOCK-00187,DEV_MIGRATION_A_00019,DEV_MIGRATION_F_00037,DEV_MIGRATION_D_00037,DEV_MIGRATION_Q_00037,Egg Production,Active,DM-PERMIT-00187,2025-01-01,2025-01-15,2024-12-01,1187,Brown,2025-02-01,2026-08-01,,0,Fictional flock fixture.
DEV_MIGRATION_FL_00188,DM-FLOCK-00188,DEV_MIGRATION_A_00019,DEV_MIGRATION_F_00038,DEV_MIGRATION_D_00138,DEV_MIGRATION_Q_00038,Egg Production,Active,DM-PERMIT-00188,2025-01-01,2025-01-15,2024-12-01,1188,White,2025-02-01,2026-08-01,,0,Fictional flock fixture.
DEV_MIGRATION_FL_00189,DM-FLOCK-00189,DEV_MIGRATION_A_00019,DEV_MIGRATION_F_00037,DEV_MIGRATION_D_00037,DEV_MIGRATION_Q_00037,Egg Production,Active,DM-PERMIT-00189,2025-01-01,2025-01-15,2024-12-01,1189,Brown,2025-02-01,2026-08-01,,0,Fictional flock fixture.
DEV_MIGRATION_FL_00190,DM-FLOCK-00190,DEV_MIGRATION_A_00019,DEV_MIGRATION_F_00038,DEV_MIGRATION_D_00138,DEV_MIGRATION_Q_00038,Egg Production,Active,DM-PERMIT-00190,2025-01-01,2025-01-15,2024-12-01,1190,White,2025-02-01,2026-08-01,,0,Fictional flock fixture.
DEV_MIGRATION_FL_00191,DM-FLOCK-00191,DEV_MIGRATION_A_00020,DEV_MIGRATION_F_00039,DEV_MIGRATION_D_00039,DEV_MIGRATION_Q_00039,Egg Production,Active,DM-PERMIT-00191,2025-01-01,2025-01-15,2024-12-01,1191,Brown,2025-02-01,2026-08-01,,0,Fictional flock fixture.
DEV_MIGRATION_FL_00192,DM-FLOCK-00192,DEV_MIGRATION_A_00020,DEV_MIGRATION_F_00040,DEV_MIGRATION_D_00140,DEV_MIGRATION_Q_00040,Egg Production,Active,DM-PERMIT-00192,2025-01-01,2025-01-15,2024-12-01,1192,White,2025-02-01,2026-08-01,,0,Fictional flock fixture.
DEV_MIGRATION_FL_00193,DM-FLOCK-00193,DEV_MIGRATION_A_00020,DEV_MIGRATION_F_00039,DEV_MIGRATION_D_00039,DEV_MIGRATION_Q_00039,Egg Production,Active,DM-PERMIT-00193,2025-01-01,2025-01-15,2024-12-01,1193,Brown,2025-02-01,2026-08-01,,0,Fictional flock fixture.
DEV_MIGRATION_FL_00194,DM-FLOCK-00194,DEV_MIGRATION_A_00020,DEV_MIGRATION_F_00040,DEV_MIGRATION_D_00140,DEV_MIGRATION_Q_00040,Egg Production,Active,DM-PERMIT-00194,2025-01-01,2025-01-15,2024-12-01,1194,White,2025-02-01,2026-08-01,,0,Fictional flock fixture.
DEV_MIGRATION_FL_00195,DM-FLOCK-00195,DEV_MIGRATION_A_00020,DEV_MIGRATION_F_00039,DEV_MIGRATION_D_00039,DEV_MIGRATION_Q_00039,Egg Production,Active,DM-PERMIT-00195,2025-01-01,2025-01-15,2024-12-01,1195,Brown,2025-02-01,2026-08-01,,0,Fictional flock fixture.
DEV_MIGRATION_FL_00196,DM-FLOCK-00196,DEV_MIGRATION_A_00020,DEV_MIGRATION_F_00040,DEV_MIGRATION_D_00140,DEV_MIGRATION_Q_00040,Egg Production,Active,DM-PERMIT-00196,2025-01-01,2025-01-15,2024-12-01,1196,White,2025-02-01,2026-08-01,,0,Fictional flock fixture.
DEV_MIGRATION_FL_00197,DM-FLOCK-00197,DEV_MIGRATION_A_00020,DEV_MIGRATION_F_00039,DEV_MIGRATION_D_00039,DEV_MIGRATION_Q_00039,Egg Production,Active,DM-PERMIT-00197,2025-01-01,2025-01-15,2024-12-01,1197,Brown,2025-02-01,2026-08-01,,0,Fictional flock fixture.
DEV_MIGRATION_FL_00198,DM-FLOCK-00198,DEV_MIGRATION_A_00020,DEV_MIGRATION_F_00040,DEV_MIGRATION_D_00140,DEV_MIGRATION_Q_00040,Egg Production,Active,DM-PERMIT-00198,2025-01-01,2025-01-15,2024-12-01,1198,White,2025-02-01,2026-08-01,,0,Fictional flock fixture.
DEV_MIGRATION_FL_00199,DM-FLOCK-00199,DEV_MIGRATION_A_00020,DEV_MIGRATION_F_00039,DEV_MIGRATION_D_00039,DEV_MIGRATION_Q_00039,Egg Production,Active,DM-PERMIT-00199,2025-01-01,2025-01-15,2024-12-01,1199,Brown,2025-02-01,2026-08-01,,0,Fictional flock fixture.
DEV_MIGRATION_FL_00200,DM-FLOCK-00200,DEV_MIGRATION_A_00020,DEV_MIGRATION_F_00040,DEV_MIGRATION_D_00140,DEV_MIGRATION_Q_00040,Egg Production,Active,DM-PERMIT-00200,2025-01-01,2025-01-15,2024-12-01,1200,White,2025-02-01,2026-08-01,,0,Fictional flock fixture.
DEV_MIGRATION_FL_00201,DM-FLOCK-00201,DEV_MIGRATION_A_00021,DEV_MIGRATION_F_00041,DEV_MIGRATION_D_00041,DEV_MIGRATION_Q_00041,Egg Production,Active,DM-PERMIT-00201,2025-01-01,2025-01-15,2024-12-01,1201,Brown,2025-02-01,2026-08-01,,0,Fictional flock fixture.
DEV_MIGRATION_FL_00202,DM-FLOCK-00202,DEV_MIGRATION_A_00021,DEV_MIGRATION_F_00042,DEV_MIGRATION_D_00142,DEV_MIGRATION_Q_00042,Egg Production,Active,DM-PERMIT-00202,2025-01-01,2025-01-15,2024-12-01,1202,White,2025-02-01,2026-08-01,,0,Fictional flock fixture.
DEV_MIGRATION_FL_00203,DM-FLOCK-00203,DEV_MIGRATION_A_00021,DEV_MIGRATION_F_00041,DEV_MIGRATION_D_00041,DEV_MIGRATION_Q_00041,Egg Production,Active,DM-PERMIT-00203,2025-01-01,2025-01-15,2024-12-01,1203,Brown,2025-02-01,2026-08-01,,0,Fictional flock fixture.
DEV_MIGRATION_FL_00204,DM-FLOCK-00204,DEV_MIGRATION_A_00021,DEV_MIGRATION_F_00042,DEV_MIGRATION_D_00142,DEV_MIGRATION_Q_00042,Egg Production,Active,DM-PERMIT-00204,2025-01-01,2025-01-15,2024-12-01,1204,White,2025-02-01,2026-08-01,,0,Fictional flock fixture.
DEV_MIGRATION_FL_00205,DM-FLOCK-00205,DEV_MIGRATION_A_00021,DEV_MIGRATION_F_00041,DEV_MIGRATION_D_00041,DEV_MIGRATION_Q_00041,Egg Production,Active,DM-PERMIT-00205,2025-01-01,2025-01-15,2024-12-01,1205,Brown,2025-02-01,2026-08-01,,0,Fictional flock fixture.
DEV_MIGRATION_FL_00206,DM-FLOCK-00206,DEV_MIGRATION_A_00021,DEV_MIGRATION_F_00042,DEV_MIGRATION_D_00142,DEV_MIGRATION_Q_00042,Egg Production,Active,DM-PERMIT-00206,2025-01-01,2025-01-15,2024-12-01,1206,White,2025-02-01,2026-08-01,,0,Fictional flock fixture.
DEV_MIGRATION_FL_00207,DM-FLOCK-00207,DEV_MIGRATION_A_00021,DEV_MIGRATION_F_00041,DEV_MIGRATION_D_00041,DEV_MIGRATION_Q_00041,Egg Production,Active,DM-PERMIT-00207,2025-01-01,2025-01-15,2024-12-01,1207,Brown,2025-02-01,2026-08-01,,0,Fictional flock fixture.
DEV_MIGRATION_FL_00208,DM-FLOCK-00208,DEV_MIGRATION_A_00021,DEV_MIGRATION_F_00042,DEV_MIGRATION_D_00142,DEV_MIGRATION_Q_00042,Egg Production,Active,DM-PERMIT-00208,2025-01-01,2025-01-15,2024-12-01,1208,White,2025-02-01,2026-08-01,,0,Fictional flock fixture.
DEV_MIGRATION_FL_00209,DM-FLOCK-00209,DEV_MIGRATION_A_00021,DEV_MIGRATION_F_00041,DEV_MIGRATION_D_00041,DEV_MIGRATION_Q_00041,Egg Production,Active,DM-PERMIT-00209,2025-01-01,2025-01-15,2024-12-01,1209,Brown,2025-02-01,2026-08-01,,0,Fictional flock fixture.
DEV_MIGRATION_FL_00210,DM-FLOCK-00210,DEV_MIGRATION_A_00021,DEV_MIGRATION_F_00042,DEV_MIGRATION_D_00142,DEV_MIGRATION_Q_00042,Egg Production,Active,DM-PERMIT-00210,2025-01-01,2025-01-15,2024-12-01,1210,White,2025-02-01,2026-08-01,,0,Fictional flock fixture.
DEV_MIGRATION_FL_00211,DM-FLOCK-00211,DEV_MIGRATION_A_00022,DEV_MIGRATION_F_00043,DEV_MIGRATION_D_00043,DEV_MIGRATION_Q_00043,Egg Production,Active,DM-PERMIT-00211,2025-01-01,2025-01-15,2024-12-01,1211,Brown,2025-02-01,2026-08-01,,0,Fictional flock fixture.
DEV_MIGRATION_FL_00212,DM-FLOCK-00212,DEV_MIGRATION_A_00022,DEV_MIGRATION_F_00044,DEV_MIGRATION_D_00144,DEV_MIGRATION_Q_00044,Egg Production,Active,DM-PERMIT-00212,2025-01-01,2025-01-15,2024-12-01,1212,White,2025-02-01,2026-08-01,,0,Fictional flock fixture.
DEV_MIGRATION_FL_00213,DM-FLOCK-00213,DEV_MIGRATION_A_00022,DEV_MIGRATION_F_00043,DEV_MIGRATION_D_00043,DEV_MIGRATION_Q_00043,Egg Production,Active,DM-PERMIT-00213,2025-01-01,2025-01-15,2024-12-01,1213,Brown,2025-02-01,2026-08-01,,0,Fictional flock fixture.
DEV_MIGRATION_FL_00214,DM-FLOCK-00214,DEV_MIGRATION_A_00022,DEV_MIGRATION_F_00044,DEV_MIGRATION_D_00144,DEV_MIGRATION_Q_00044,Egg Production,Active,DM-PERMIT-00214,2025-01-01,2025-01-15,2024-12-01,1214,White,2025-02-01,2026-08-01,,0,Fictional flock fixture.
DEV_MIGRATION_FL_00215,DM-FLOCK-00215,DEV_MIGRATION_A_00022,DEV_MIGRATION_F_00043,DEV_MIGRATION_D_00043,DEV_MIGRATION_Q_00043,Egg Production,Active,DM-PERMIT-00215,2025-01-01,2025-01-15,2024-12-01,1215,Brown,2025-02-01,2026-08-01,,0,Fictional flock fixture.
DEV_MIGRATION_FL_00216,DM-FLOCK-00216,DEV_MIGRATION_A_00022,DEV_MIGRATION_F_00044,DEV_MIGRATION_D_00144,DEV_MIGRATION_Q_00044,Egg Production,Active,DM-PERMIT-00216,2025-01-01,2025-01-15,2024-12-01,1216,White,2025-02-01,2026-08-01,,0,Fictional flock fixture.
DEV_MIGRATION_FL_00217,DM-FLOCK-00217,DEV_MIGRATION_A_00022,DEV_MIGRATION_F_00043,DEV_MIGRATION_D_00043,DEV_MIGRATION_Q_00043,Egg Production,Active,DM-PERMIT-00217,2025-01-01,2025-01-15,2024-12-01,1217,Brown,2025-02-01,2026-08-01,,0,Fictional flock fixture.
DEV_MIGRATION_FL_00218,DM-FLOCK-00218,DEV_MIGRATION_A_00022,DEV_MIGRATION_F_00044,DEV_MIGRATION_D_00144,DEV_MIGRATION_Q_00044,Egg Production,Active,DM-PERMIT-00218,2025-01-01,2025-01-15,2024-12-01,1218,White,2025-02-01,2026-08-01,,0,Fictional flock fixture.
DEV_MIGRATION_FL_00219,DM-FLOCK-00219,DEV_MIGRATION_A_00022,DEV_MIGRATION_F_00043,DEV_MIGRATION_D_00043,DEV_MIGRATION_Q_00043,Egg Production,Active,DM-PERMIT-00219,2025-01-01,2025-01-15,2024-12-01,1219,Brown,2025-02-01,2026-08-01,,0,Fictional flock fixture.
DEV_MIGRATION_FL_00220,DM-FLOCK-00220,DEV_MIGRATION_A_00022,DEV_MIGRATION_F_00044,DEV_MIGRATION_D_00144,DEV_MIGRATION_Q_00044,Egg Production,Active,DM-PERMIT-00220,2025-01-01,2025-01-15,2024-12-01,1220,White,2025-02-01,2026-08-01,,0,Fictional flock fixture.
DEV_MIGRATION_FL_00221,DM-FLOCK-00221,DEV_MIGRATION_A_00023,DEV_MIGRATION_F_00045,DEV_MIGRATION_D_00045,DEV_MIGRATION_Q_00045,Egg Production,Active,DM-PERMIT-00221,2025-01-01,2025-01-15,2024-12-01,1221,Brown,2025-02-01,2026-08-01,,0,Fictional flock fixture.
DEV_MIGRATION_FL_00222,DM-FLOCK-00222,DEV_MIGRATION_A_00023,DEV_MIGRATION_F_00046,DEV_MIGRATION_D_00146,DEV_MIGRATION_Q_00046,Egg Production,Active,DM-PERMIT-00222,2025-01-01,2025-01-15,2024-12-01,1222,White,2025-02-01,2026-08-01,,0,Fictional flock fixture.
DEV_MIGRATION_FL_00223,DM-FLOCK-00223,DEV_MIGRATION_A_00023,DEV_MIGRATION_F_00045,DEV_MIGRATION_D_00045,DEV_MIGRATION_Q_00045,Egg Production,Active,DM-PERMIT-00223,2025-01-01,2025-01-15,2024-12-01,1223,Brown,2025-02-01,2026-08-01,,0,Fictional flock fixture.
DEV_MIGRATION_FL_00224,DM-FLOCK-00224,DEV_MIGRATION_A_00023,DEV_MIGRATION_F_00046,DEV_MIGRATION_D_00146,DEV_MIGRATION_Q_00046,Egg Production,Active,DM-PERMIT-00224,2025-01-01,2025-01-15,2024-12-01,1224,White,2025-02-01,2026-08-01,,0,Fictional flock fixture.
DEV_MIGRATION_FL_00225,DM-FLOCK-00225,DEV_MIGRATION_A_00023,DEV_MIGRATION_F_00045,DEV_MIGRATION_D_00045,DEV_MIGRATION_Q_00045,Egg Production,Active,DM-PERMIT-00225,2025-01-01,2025-01-15,2024-12-01,1225,Brown,2025-02-01,2026-08-01,,0,Fictional flock fixture.
DEV_MIGRATION_FL_00226,DM-FLOCK-00226,DEV_MIGRATION_A_00023,DEV_MIGRATION_F_00046,DEV_MIGRATION_D_00146,DEV_MIGRATION_Q_00046,Egg Production,Active,DM-PERMIT-00226,2025-01-01,2025-01-15,2024-12-01,1226,White,2025-02-01,2026-08-01,,0,Fictional flock fixture.
DEV_MIGRATION_FL_00227,DM-FLOCK-00227,DEV_MIGRATION_A_00023,DEV_MIGRATION_F_00045,DEV_MIGRATION_D_00045,DEV_MIGRATION_Q_00045,Egg Production,Active,DM-PERMIT-00227,2025-01-01,2025-01-15,2024-12-01,1227,Brown,2025-02-01,2026-08-01,,0,Fictional flock fixture.
DEV_MIGRATION_FL_00228,DM-FLOCK-00228,DEV_MIGRATION_A_00023,DEV_MIGRATION_F_00046,DEV_MIGRATION_D_00146,DEV_MIGRATION_Q_00046,Egg Production,Active,DM-PERMIT-00228,2025-01-01,2025-01-15,2024-12-01,1228,White,2025-02-01,2026-08-01,,0,Fictional flock fixture.
DEV_MIGRATION_FL_00229,DM-FLOCK-00229,DEV_MIGRATION_A_00023,DEV_MIGRATION_F_00045,DEV_MIGRATION_D_00045,DEV_MIGRATION_Q_00045,Egg Production,Active,DM-PERMIT-00229,2025-01-01,2025-01-15,2024-12-01,1229,Brown,2025-02-01,2026-08-01,,0,Fictional flock fixture.
DEV_MIGRATION_FL_00230,DM-FLOCK-00230,DEV_MIGRATION_A_00023,DEV_MIGRATION_F_00046,DEV_MIGRATION_D_00146,DEV_MIGRATION_Q_00046,Egg Production,Active,DM-PERMIT-00230,2025-01-01,2025-01-15,2024-12-01,1230,White,2025-02-01,2026-08-01,,0,Fictional flock fixture.
DEV_MIGRATION_FL_00231,DM-FLOCK-00231,DEV_MIGRATION_A_00024,DEV_MIGRATION_F_00047,DEV_MIGRATION_D_00047,DEV_MIGRATION_Q_00047,Egg Production,Active,DM-PERMIT-00231,2025-01-01,2025-01-15,2024-12-01,1231,Brown,2025-02-01,2026-08-01,,0,Fictional flock fixture.
DEV_MIGRATION_FL_00232,DM-FLOCK-00232,DEV_MIGRATION_A_00024,DEV_MIGRATION_F_00048,DEV_MIGRATION_D_00148,DEV_MIGRATION_Q_00048,Egg Production,Active,DM-PERMIT-00232,2025-01-01,2025-01-15,2024-12-01,1232,White,2025-02-01,2026-08-01,,0,Fictional flock fixture.
DEV_MIGRATION_FL_00233,DM-FLOCK-00233,DEV_MIGRATION_A_00024,DEV_MIGRATION_F_00047,DEV_MIGRATION_D_00047,DEV_MIGRATION_Q_00047,Egg Production,Active,DM-PERMIT-00233,2025-01-01,2025-01-15,2024-12-01,1233,Brown,2025-02-01,2026-08-01,,0,Fictional flock fixture.
DEV_MIGRATION_FL_00234,DM-FLOCK-00234,DEV_MIGRATION_A_00024,DEV_MIGRATION_F_00048,DEV_MIGRATION_D_00148,DEV_MIGRATION_Q_00048,Egg Production,Active,DM-PERMIT-00234,2025-01-01,2025-01-15,2024-12-01,1234,White,2025-02-01,2026-08-01,,0,Fictional flock fixture.
DEV_MIGRATION_FL_00235,DM-FLOCK-00235,DEV_MIGRATION_A_00024,DEV_MIGRATION_F_00047,DEV_MIGRATION_D_00047,DEV_MIGRATION_Q_00047,Egg Production,Active,DM-PERMIT-00235,2025-01-01,2025-01-15,2024-12-01,1235,Brown,2025-02-01,2026-08-01,,0,Fictional flock fixture.
DEV_MIGRATION_FL_00236,DM-FLOCK-00236,DEV_MIGRATION_A_00024,DEV_MIGRATION_F_00048,DEV_MIGRATION_D_00148,DEV_MIGRATION_Q_00048,Egg Production,Active,DM-PERMIT-00236,2025-01-01,2025-01-15,2024-12-01,1236,White,2025-02-01,2026-08-01,,0,Fictional flock fixture.
DEV_MIGRATION_FL_00237,DM-FLOCK-00237,DEV_MIGRATION_A_00024,DEV_MIGRATION_F_00047,DEV_MIGRATION_D_00047,DEV_MIGRATION_Q_00047,Egg Production,Active,DM-PERMIT-00237,2025-01-01,2025-01-15,2024-12-01,1237,Brown,2025-02-01,2026-08-01,,0,Fictional flock fixture.
DEV_MIGRATION_FL_00238,DM-FLOCK-00238,DEV_MIGRATION_A_00024,DEV_MIGRATION_F_00048,DEV_MIGRATION_D_00148,DEV_MIGRATION_Q_00048,Egg Production,Active,DM-PERMIT-00238,2025-01-01,2025-01-15,2024-12-01,1238,White,2025-02-01,2026-08-01,,0,Fictional flock fixture.
DEV_MIGRATION_FL_00239,DM-FLOCK-00239,DEV_MIGRATION_A_00024,DEV_MIGRATION_F_00047,DEV_MIGRATION_D_00047,DEV_MIGRATION_Q_00047,Egg Production,Active,DM-PERMIT-00239,2025-01-01,2025-01-15,2024-12-01,1239,Brown,2025-02-01,2026-08-01,,0,Fictional flock fixture.
DEV_MIGRATION_FL_00240,DM-FLOCK-00240,DEV_MIGRATION_A_00024,DEV_MIGRATION_F_00048,DEV_MIGRATION_D_00148,DEV_MIGRATION_Q_00048,Egg Production,Active,DM-PERMIT-00240,2025-01-01,2025-01-15,2024-12-01,1240,White,2025-02-01,2026-08-01,,0,Fictional flock fixture.
DEV_MIGRATION_FL_00241,DM-FLOCK-00241,DEV_MIGRATION_A_00025,DEV_MIGRATION_F_00049,DEV_MIGRATION_D_00049,DEV_MIGRATION_Q_00049,Egg Production,Active,DM-PERMIT-00241,2025-01-01,2025-01-15,2024-12-01,1241,Brown,2025-02-01,2026-08-01,,0,Fictional flock fixture.
DEV_MIGRATION_FL_00242,DM-FLOCK-00242,DEV_MIGRATION_A_00025,DEV_MIGRATION_F_00050,DEV_MIGRATION_D_00150,DEV_MIGRATION_Q_00050,Egg Production,Active,DM-PERMIT-00242,2025-01-01,2025-01-15,2024-12-01,1242,White,2025-02-01,2026-08-01,,0,Fictional flock fixture.
DEV_MIGRATION_FL_00243,DM-FLOCK-00243,DEV_MIGRATION_A_00025,DEV_MIGRATION_F_00049,DEV_MIGRATION_D_00049,DEV_MIGRATION_Q_00049,Egg Production,Active,DM-PERMIT-00243,2025-01-01,2025-01-15,2024-12-01,1243,Brown,2025-02-01,2026-08-01,,0,Fictional flock fixture.
DEV_MIGRATION_FL_00244,DM-FLOCK-00244,DEV_MIGRATION_A_00025,DEV_MIGRATION_F_00050,DEV_MIGRATION_D_00150,DEV_MIGRATION_Q_00050,Egg Production,Active,DM-PERMIT-00244,2025-01-01,2025-01-15,2024-12-01,1244,White,2025-02-01,2026-08-01,,0,Fictional flock fixture.
DEV_MIGRATION_FL_00245,DM-FLOCK-00245,DEV_MIGRATION_A_00025,DEV_MIGRATION_F_00049,DEV_MIGRATION_D_00049,DEV_MIGRATION_Q_00049,Egg Production,Active,DM-PERMIT-00245,2025-01-01,2025-01-15,2024-12-01,1245,Brown,2025-02-01,2026-08-01,,0,Fictional flock fixture.
DEV_MIGRATION_FL_00246,DM-FLOCK-00246,DEV_MIGRATION_A_00025,DEV_MIGRATION_F_00050,DEV_MIGRATION_D_00150,DEV_MIGRATION_Q_00050,Egg Production,Active,DM-PERMIT-00246,2025-01-01,2025-01-15,2024-12-01,1246,White,2025-02-01,2026-08-01,,0,Fictional flock fixture.
DEV_MIGRATION_FL_00247,DM-FLOCK-00247,DEV_MIGRATION_A_00025,DEV_MIGRATION_F_00049,DEV_MIGRATION_D_00049,DEV_MIGRATION_Q_00049,Egg Production,Active,DM-PERMIT-00247,2025-01-01,2025-01-15,2024-12-01,1247,Brown,2025-02-01,2026-08-01,,0,Fictional flock fixture.
DEV_MIGRATION_FL_00248,DM-FLOCK-00248,DEV_MIGRATION_A_00025,DEV_MIGRATION_F_00050,DEV_MIGRATION_D_00150,DEV_MIGRATION_Q_00050,Egg Production,Active,DM-PERMIT-00248,2025-01-01,2025-01-15,2024-12-01,1248,White,2025-02-01,2026-08-01,,0,Fictional flock fixture.
DEV_MIGRATION_FL_00249,DM-FLOCK-00249,DEV_MIGRATION_A_00025,DEV_MIGRATION_F_00049,DEV_MIGRATION_D_00049,DEV_MIGRATION_Q_00049,Egg Production,Active,DM-PERMIT-00249,2025-01-01,2025-01-15,2024-12-01,1249,Brown,2025-02-01,2026-08-01,,0,Fictional flock fixture.
DEV_MIGRATION_FL_00250,DM-FLOCK-00250,DEV_MIGRATION_A_00025,DEV_MIGRATION_F_00050,DEV_MIGRATION_D_00150,DEV_MIGRATION_Q_00050,Egg Production,Active,DM-PERMIT-00250,2025-01-01,2025-01-15,2024-12-01,1250,White,2025-02-01,2026-08-01,,0,Fictional flock fixture.
DEV_MIGRATION_FL_00251,DM-FLOCK-00251,DEV_MIGRATION_A_00026,DEV_MIGRATION_F_00051,DEV_MIGRATION_D_00051,DEV_MIGRATION_Q_00051,Egg Production,Active,DM-PERMIT-00251,2025-01-01,2025-01-15,2024-12-01,1251,Brown,2025-02-01,2026-08-01,,0,Fictional flock fixture.
DEV_MIGRATION_FL_00252,DM-FLOCK-00252,DEV_MIGRATION_A_00026,DEV_MIGRATION_F_00052,DEV_MIGRATION_D_00052,DEV_MIGRATION_Q_00052,Egg Production,Active,DM-PERMIT-00252,2025-01-01,2025-01-15,2024-12-01,1252,White,2025-02-01,2026-08-01,,0,Fictional flock fixture.
DEV_MIGRATION_FL_00253,DM-FLOCK-00253,DEV_MIGRATION_A_00026,DEV_MIGRATION_F_00051,DEV_MIGRATION_D_00051,DEV_MIGRATION_Q_00051,Egg Production,Active,DM-PERMIT-00253,2025-01-01,2025-01-15,2024-12-01,1253,Brown,2025-02-01,2026-08-01,,0,Fictional flock fixture.
DEV_MIGRATION_FL_00254,DM-FLOCK-00254,DEV_MIGRATION_A_00026,DEV_MIGRATION_F_00052,DEV_MIGRATION_D_00052,DEV_MIGRATION_Q_00052,Egg Production,Active,DM-PERMIT-00254,2025-01-01,2025-01-15,2024-12-01,1254,White,2025-02-01,2026-08-01,,0,Fictional flock fixture.
DEV_MIGRATION_FL_00255,DM-FLOCK-00255,DEV_MIGRATION_A_00026,DEV_MIGRATION_F_00051,DEV_MIGRATION_D_00051,DEV_MIGRATION_Q_00051,Egg Production,Active,DM-PERMIT-00255,2025-01-01,2025-01-15,2024-12-01,1255,Brown,2025-02-01,2026-08-01,,0,Fictional flock fixture.
DEV_MIGRATION_FL_00256,DM-FLOCK-00256,DEV_MIGRATION_A_00026,DEV_MIGRATION_F_00052,DEV_MIGRATION_D_00052,DEV_MIGRATION_Q_00052,Egg Production,Active,DM-PERMIT-00256,2025-01-01,2025-01-15,2024-12-01,1256,White,2025-02-01,2026-08-01,,0,Fictional flock fixture.
DEV_MIGRATION_FL_00257,DM-FLOCK-00257,DEV_MIGRATION_A_00026,DEV_MIGRATION_F_00051,DEV_MIGRATION_D_00051,DEV_MIGRATION_Q_00051,Egg Production,Active,DM-PERMIT-00257,2025-01-01,2025-01-15,2024-12-01,1257,Brown,2025-02-01,2026-08-01,,0,Fictional flock fixture.
DEV_MIGRATION_FL_00258,DM-FLOCK-00258,DEV_MIGRATION_A_00026,DEV_MIGRATION_F_00052,DEV_MIGRATION_D_00052,DEV_MIGRATION_Q_00052,Egg Production,Active,DM-PERMIT-00258,2025-01-01,2025-01-15,2024-12-01,1258,White,2025-02-01,2026-08-01,,0,Fictional flock fixture.
DEV_MIGRATION_FL_00259,DM-FLOCK-00259,DEV_MIGRATION_A_00026,DEV_MIGRATION_F_00051,DEV_MIGRATION_D_00051,DEV_MIGRATION_Q_00051,Egg Production,Active,DM-PERMIT-00259,2025-01-01,2025-01-15,2024-12-01,1259,Brown,2025-02-01,2026-08-01,,0,Fictional flock fixture.
DEV_MIGRATION_FL_00260,DM-FLOCK-00260,DEV_MIGRATION_A_00026,DEV_MIGRATION_F_00052,DEV_MIGRATION_D_00052,DEV_MIGRATION_Q_00052,Egg Production,Active,DM-PERMIT-00260,2025-01-01,2025-01-15,2024-12-01,1260,White,2025-02-01,2026-08-01,,0,Fictional flock fixture.
DEV_MIGRATION_FL_00261,DM-FLOCK-00261,DEV_MIGRATION_A_00027,DEV_MIGRATION_F_00053,DEV_MIGRATION_D_00053,DEV_MIGRATION_Q_00053,Egg Production,Active,DM-PERMIT-00261,2025-01-01,2025-01-15,2024-12-01,1261,Brown,2025-02-01,2026-08-01,,0,Fictional flock fixture.
DEV_MIGRATION_FL_00262,DM-FLOCK-00262,DEV_MIGRATION_A_00027,DEV_MIGRATION_F_00054,DEV_MIGRATION_D_00054,DEV_MIGRATION_Q_00054,Egg Production,Active,DM-PERMIT-00262,2025-01-01,2025-01-15,2024-12-01,1262,White,2025-02-01,2026-08-01,,0,Fictional flock fixture.
DEV_MIGRATION_FL_00263,DM-FLOCK-00263,DEV_MIGRATION_A_00027,DEV_MIGRATION_F_00053,DEV_MIGRATION_D_00053,DEV_MIGRATION_Q_00053,Egg Production,Active,DM-PERMIT-00263,2025-01-01,2025-01-15,2024-12-01,1263,Brown,2025-02-01,2026-08-01,,0,Fictional flock fixture.
DEV_MIGRATION_FL_00264,DM-FLOCK-00264,DEV_MIGRATION_A_00027,DEV_MIGRATION_F_00054,DEV_MIGRATION_D_00054,DEV_MIGRATION_Q_00054,Egg Production,Active,DM-PERMIT-00264,2025-01-01,2025-01-15,2024-12-01,1264,White,2025-02-01,2026-08-01,,0,Fictional flock fixture.
DEV_MIGRATION_FL_00265,DM-FLOCK-00265,DEV_MIGRATION_A_00027,DEV_MIGRATION_F_00053,DEV_MIGRATION_D_00053,DEV_MIGRATION_Q_00053,Egg Production,Active,DM-PERMIT-00265,2025-01-01,2025-01-15,2024-12-01,1265,Brown,2025-02-01,2026-08-01,,0,Fictional flock fixture.
DEV_MIGRATION_FL_00266,DM-FLOCK-00266,DEV_MIGRATION_A_00027,DEV_MIGRATION_F_00054,DEV_MIGRATION_D_00054,DEV_MIGRATION_Q_00054,Egg Production,Active,DM-PERMIT-00266,2025-01-01,2025-01-15,2024-12-01,1266,White,2025-02-01,2026-08-01,,0,Fictional flock fixture.
DEV_MIGRATION_FL_00267,DM-FLOCK-00267,DEV_MIGRATION_A_00027,DEV_MIGRATION_F_00053,DEV_MIGRATION_D_00053,DEV_MIGRATION_Q_00053,Egg Production,Active,DM-PERMIT-00267,2025-01-01,2025-01-15,2024-12-01,1267,Brown,2025-02-01,2026-08-01,,0,Fictional flock fixture.
DEV_MIGRATION_FL_00268,DM-FLOCK-00268,DEV_MIGRATION_A_00027,DEV_MIGRATION_F_00054,DEV_MIGRATION_D_00054,DEV_MIGRATION_Q_00054,Egg Production,Active,DM-PERMIT-00268,2025-01-01,2025-01-15,2024-12-01,1268,White,2025-02-01,2026-08-01,,0,Fictional flock fixture.
DEV_MIGRATION_FL_00269,DM-FLOCK-00269,DEV_MIGRATION_A_00027,DEV_MIGRATION_F_00053,DEV_MIGRATION_D_00053,DEV_MIGRATION_Q_00053,Egg Production,Active,DM-PERMIT-00269,2025-01-01,2025-01-15,2024-12-01,1269,Brown,2025-02-01,2026-08-01,,0,Fictional flock fixture.
DEV_MIGRATION_FL_00270,DM-FLOCK-00270,DEV_MIGRATION_A_00027,DEV_MIGRATION_F_00054,DEV_MIGRATION_D_00054,DEV_MIGRATION_Q_00054,Egg Production,Active,DM-PERMIT-00270,2025-01-01,2025-01-15,2024-12-01,1270,White,2025-02-01,2026-08-01,,0,Fictional flock fixture.
DEV_MIGRATION_FL_00271,DM-FLOCK-00271,DEV_MIGRATION_A_00028,DEV_MIGRATION_F_00055,DEV_MIGRATION_D_00055,DEV_MIGRATION_Q_00055,Egg Production,Active,DM-PERMIT-00271,2025-01-01,2025-01-15,2024-12-01,1271,Brown,2025-02-01,2026-08-01,,0,Fictional flock fixture.
DEV_MIGRATION_FL_00272,DM-FLOCK-00272,DEV_MIGRATION_A_00028,DEV_MIGRATION_F_00056,DEV_MIGRATION_D_00056,DEV_MIGRATION_Q_00056,Egg Production,Active,DM-PERMIT-00272,2025-01-01,2025-01-15,2024-12-01,1272,White,2025-02-01,2026-08-01,,0,Fictional flock fixture.
DEV_MIGRATION_FL_00273,DM-FLOCK-00273,DEV_MIGRATION_A_00028,DEV_MIGRATION_F_00055,DEV_MIGRATION_D_00055,DEV_MIGRATION_Q_00055,Egg Production,Active,DM-PERMIT-00273,2025-01-01,2025-01-15,2024-12-01,1273,Brown,2025-02-01,2026-08-01,,0,Fictional flock fixture.
DEV_MIGRATION_FL_00274,DM-FLOCK-00274,DEV_MIGRATION_A_00028,DEV_MIGRATION_F_00056,DEV_MIGRATION_D_00056,DEV_MIGRATION_Q_00056,Egg Production,Active,DM-PERMIT-00274,2025-01-01,2025-01-15,2024-12-01,1274,White,2025-02-01,2026-08-01,,0,Fictional flock fixture.
DEV_MIGRATION_FL_00275,DM-FLOCK-00275,DEV_MIGRATION_A_00028,DEV_MIGRATION_F_00055,DEV_MIGRATION_D_00055,DEV_MIGRATION_Q_00055,Egg Production,Active,DM-PERMIT-00275,2025-01-01,2025-01-15,2024-12-01,1275,Brown,2025-02-01,2026-08-01,,0,Fictional flock fixture.
DEV_MIGRATION_FL_00276,DM-FLOCK-00276,DEV_MIGRATION_A_00028,DEV_MIGRATION_F_00056,DEV_MIGRATION_D_00056,DEV_MIGRATION_Q_00056,Egg Production,Active,DM-PERMIT-00276,2025-01-01,2025-01-15,2024-12-01,1276,White,2025-02-01,2026-08-01,,0,Fictional flock fixture.
DEV_MIGRATION_FL_00277,DM-FLOCK-00277,DEV_MIGRATION_A_00028,DEV_MIGRATION_F_00055,DEV_MIGRATION_D_00055,DEV_MIGRATION_Q_00055,Egg Production,Active,DM-PERMIT-00277,2025-01-01,2025-01-15,2024-12-01,1277,Brown,2025-02-01,2026-08-01,,0,Fictional flock fixture.
DEV_MIGRATION_FL_00278,DM-FLOCK-00278,DEV_MIGRATION_A_00028,DEV_MIGRATION_F_00056,DEV_MIGRATION_D_00056,DEV_MIGRATION_Q_00056,Egg Production,Active,DM-PERMIT-00278,2025-01-01,2025-01-15,2024-12-01,1278,White,2025-02-01,2026-08-01,,0,Fictional flock fixture.
DEV_MIGRATION_FL_00279,DM-FLOCK-00279,DEV_MIGRATION_A_00028,DEV_MIGRATION_F_00055,DEV_MIGRATION_D_00055,DEV_MIGRATION_Q_00055,Egg Production,Active,DM-PERMIT-00279,2025-01-01,2025-01-15,2024-12-01,1279,Brown,2025-02-01,2026-08-01,,0,Fictional flock fixture.
DEV_MIGRATION_FL_00280,DM-FLOCK-00280,DEV_MIGRATION_A_00028,DEV_MIGRATION_F_00056,DEV_MIGRATION_D_00056,DEV_MIGRATION_Q_00056,Egg Production,Active,DM-PERMIT-00280,2025-01-01,2025-01-15,2024-12-01,1280,White,2025-02-01,2026-08-01,,0,Fictional flock fixture.
DEV_MIGRATION_FL_00281,DM-FLOCK-00281,DEV_MIGRATION_A_00029,DEV_MIGRATION_F_00057,DEV_MIGRATION_D_00057,DEV_MIGRATION_Q_00057,Egg Production,Active,DM-PERMIT-00281,2025-01-01,2025-01-15,2024-12-01,1281,Brown,2025-02-01,2026-08-01,,0,Fictional flock fixture.
DEV_MIGRATION_FL_00282,DM-FLOCK-00282,DEV_MIGRATION_A_00029,DEV_MIGRATION_F_00058,DEV_MIGRATION_D_00058,DEV_MIGRATION_Q_00058,Egg Production,Active,DM-PERMIT-00282,2025-01-01,2025-01-15,2024-12-01,1282,White,2025-02-01,2026-08-01,,0,Fictional flock fixture.
DEV_MIGRATION_FL_00283,DM-FLOCK-00283,DEV_MIGRATION_A_00029,DEV_MIGRATION_F_00057,DEV_MIGRATION_D_00057,DEV_MIGRATION_Q_00057,Egg Production,Active,DM-PERMIT-00283,2025-01-01,2025-01-15,2024-12-01,1283,Brown,2025-02-01,2026-08-01,,0,Fictional flock fixture.
DEV_MIGRATION_FL_00284,DM-FLOCK-00284,DEV_MIGRATION_A_00029,DEV_MIGRATION_F_00058,DEV_MIGRATION_D_00058,DEV_MIGRATION_Q_00058,Egg Production,Active,DM-PERMIT-00284,2025-01-01,2025-01-15,2024-12-01,1284,White,2025-02-01,2026-08-01,,0,Fictional flock fixture.
DEV_MIGRATION_FL_00285,DM-FLOCK-00285,DEV_MIGRATION_A_00029,DEV_MIGRATION_F_00057,DEV_MIGRATION_D_00057,DEV_MIGRATION_Q_00057,Egg Production,Active,DM-PERMIT-00285,2025-01-01,2025-01-15,2024-12-01,1285,Brown,2025-02-01,2026-08-01,,0,Fictional flock fixture.
DEV_MIGRATION_FL_00286,DM-FLOCK-00286,DEV_MIGRATION_A_00029,DEV_MIGRATION_F_00058,DEV_MIGRATION_D_00058,DEV_MIGRATION_Q_00058,Egg Production,Active,DM-PERMIT-00286,2025-01-01,2025-01-15,2024-12-01,1286,White,2025-02-01,2026-08-01,,0,Fictional flock fixture.
DEV_MIGRATION_FL_00287,DM-FLOCK-00287,DEV_MIGRATION_A_00029,DEV_MIGRATION_F_00057,DEV_MIGRATION_D_00057,DEV_MIGRATION_Q_00057,Egg Production,Active,DM-PERMIT-00287,2025-01-01,2025-01-15,2024-12-01,1287,Brown,2025-02-01,2026-08-01,,0,Fictional flock fixture.
DEV_MIGRATION_FL_00288,DM-FLOCK-00288,DEV_MIGRATION_A_00029,DEV_MIGRATION_F_00058,DEV_MIGRATION_D_00058,DEV_MIGRATION_Q_00058,Egg Production,Active,DM-PERMIT-00288,2025-01-01,2025-01-15,2024-12-01,1288,White,2025-02-01,2026-08-01,,0,Fictional flock fixture.
DEV_MIGRATION_FL_00289,DM-FLOCK-00289,DEV_MIGRATION_A_00029,DEV_MIGRATION_F_00057,DEV_MIGRATION_D_00057,DEV_MIGRATION_Q_00057,Egg Production,Active,DM-PERMIT-00289,2025-01-01,2025-01-15,2024-12-01,1289,Brown,2025-02-01,2026-08-01,,0,Fictional flock fixture.
DEV_MIGRATION_FL_00290,DM-FLOCK-00290,DEV_MIGRATION_A_00029,DEV_MIGRATION_F_00058,DEV_MIGRATION_D_00058,DEV_MIGRATION_Q_00058,Egg Production,Active,DM-PERMIT-00290,2025-01-01,2025-01-15,2024-12-01,1290,White,2025-02-01,2026-08-01,,0,Fictional flock fixture.
DEV_MIGRATION_FL_00291,DM-FLOCK-00291,DEV_MIGRATION_A_00030,DEV_MIGRATION_F_00059,DEV_MIGRATION_D_00059,DEV_MIGRATION_Q_00059,Egg Production,Active,DM-PERMIT-00291,2025-01-01,2025-01-15,2024-12-01,1291,Brown,2025-02-01,2026-08-01,,0,Fictional flock fixture.
DEV_MIGRATION_FL_00292,DM-FLOCK-00292,DEV_MIGRATION_A_00030,DEV_MIGRATION_F_00060,DEV_MIGRATION_D_00060,DEV_MIGRATION_Q_00060,Egg Production,Active,DM-PERMIT-00292,2025-01-01,2025-01-15,2024-12-01,1292,White,2025-02-01,2026-08-01,,0,Fictional flock fixture.
DEV_MIGRATION_FL_00293,DM-FLOCK-00293,DEV_MIGRATION_A_00030,DEV_MIGRATION_F_00059,DEV_MIGRATION_D_00059,DEV_MIGRATION_Q_00059,Egg Production,Active,DM-PERMIT-00293,2025-01-01,2025-01-15,2024-12-01,1293,Brown,2025-02-01,2026-08-01,,0,Fictional flock fixture.
DEV_MIGRATION_FL_00294,DM-FLOCK-00294,DEV_MIGRATION_A_00030,DEV_MIGRATION_F_00060,DEV_MIGRATION_D_00060,DEV_MIGRATION_Q_00060,Egg Production,Active,DM-PERMIT-00294,2025-01-01,2025-01-15,2024-12-01,1294,White,2025-02-01,2026-08-01,,0,Fictional flock fixture.
DEV_MIGRATION_FL_00295,DM-FLOCK-00295,DEV_MIGRATION_A_00030,DEV_MIGRATION_F_00059,DEV_MIGRATION_D_00059,DEV_MIGRATION_Q_00059,Egg Production,Active,DM-PERMIT-00295,2025-01-01,2025-01-15,2024-12-01,1295,Brown,2025-02-01,2026-08-01,,0,Fictional flock fixture.
DEV_MIGRATION_FL_00296,DM-FLOCK-00296,DEV_MIGRATION_A_00030,DEV_MIGRATION_F_00060,DEV_MIGRATION_D_00060,DEV_MIGRATION_Q_00060,Egg Production,Active,DM-PERMIT-00296,2025-01-01,2025-01-15,2024-12-01,1296,White,2025-02-01,2026-08-01,,0,Fictional flock fixture.
DEV_MIGRATION_FL_00297,DM-FLOCK-00297,DEV_MIGRATION_A_00030,DEV_MIGRATION_F_00059,DEV_MIGRATION_D_00059,DEV_MIGRATION_Q_00059,Egg Production,Active,DM-PERMIT-00297,2025-01-01,2025-01-15,2024-12-01,1297,Brown,2025-02-01,2026-08-01,,0,Fictional flock fixture.
DEV_MIGRATION_FL_00298,DM-FLOCK-00298,DEV_MIGRATION_A_00030,DEV_MIGRATION_F_00060,DEV_MIGRATION_D_00060,DEV_MIGRATION_Q_00060,Egg Production,Active,DM-PERMIT-00298,2025-01-01,2025-01-15,2024-12-01,1298,White,2025-02-01,2026-08-01,,0,Fictional flock fixture.
DEV_MIGRATION_FL_00299,DM-FLOCK-00299,DEV_MIGRATION_A_00030,DEV_MIGRATION_F_00059,DEV_MIGRATION_D_00059,DEV_MIGRATION_Q_00059,Egg Production,Active,DM-PERMIT-00299,2025-01-01,2025-01-15,2024-12-01,1299,Brown,2025-02-01,2026-08-01,,0,Fictional flock fixture.
DEV_MIGRATION_FL_00300,DM-FLOCK-00300,DEV_MIGRATION_A_00030,DEV_MIGRATION_F_00060,DEV_MIGRATION_D_00060,DEV_MIGRATION_Q_00060,Egg Production,Active,DM-PERMIT-00300,2025-01-01,2025-01-15,2024-12-01,1300,White,2025-02-01,2026-08-01,,0,Fictional flock fixture.
DEV_MIGRATION_FL_00301,DM-FLOCK-00301,DEV_MIGRATION_A_00031,DEV_MIGRATION_F_00061,DEV_MIGRATION_D_00061,DEV_MIGRATION_Q_00061,Egg Production,Active,DM-PERMIT-00301,2025-01-01,2025-01-15,2024-12-01,1301,Brown,2025-02-01,2026-08-01,,0,Fictional flock fixture.
DEV_MIGRATION_FL_00302,DM-FLOCK-00302,DEV_MIGRATION_A_00031,DEV_MIGRATION_F_00062,DEV_MIGRATION_D_00062,DEV_MIGRATION_Q_00062,Egg Production,Active,DM-PERMIT-00302,2025-01-01,2025-01-15,2024-12-01,1302,White,2025-02-01,2026-08-01,,0,Fictional flock fixture.
DEV_MIGRATION_FL_00303,DM-FLOCK-00303,DEV_MIGRATION_A_00031,DEV_MIGRATION_F_00061,DEV_MIGRATION_D_00061,DEV_MIGRATION_Q_00061,Egg Production,Active,DM-PERMIT-00303,2025-01-01,2025-01-15,2024-12-01,1303,Brown,2025-02-01,2026-08-01,,0,Fictional flock fixture.
DEV_MIGRATION_FL_00304,DM-FLOCK-00304,DEV_MIGRATION_A_00031,DEV_MIGRATION_F_00062,DEV_MIGRATION_D_00062,DEV_MIGRATION_Q_00062,Egg Production,Active,DM-PERMIT-00304,2025-01-01,2025-01-15,2024-12-01,1304,White,2025-02-01,2026-08-01,,0,Fictional flock fixture.
DEV_MIGRATION_FL_00305,DM-FLOCK-00305,DEV_MIGRATION_A_00031,DEV_MIGRATION_F_00061,DEV_MIGRATION_D_00061,DEV_MIGRATION_Q_00061,Egg Production,Active,DM-PERMIT-00305,2025-01-01,2025-01-15,2024-12-01,1305,Brown,2025-02-01,2026-08-01,,0,Fictional flock fixture.
DEV_MIGRATION_FL_00306,DM-FLOCK-00306,DEV_MIGRATION_A_00031,DEV_MIGRATION_F_00062,DEV_MIGRATION_D_00062,DEV_MIGRATION_Q_00062,Egg Production,Active,DM-PERMIT-00306,2025-01-01,2025-01-15,2024-12-01,1306,White,2025-02-01,2026-08-01,,0,Fictional flock fixture.
DEV_MIGRATION_FL_00307,DM-FLOCK-00307,DEV_MIGRATION_A_00031,DEV_MIGRATION_F_00061,DEV_MIGRATION_D_00061,DEV_MIGRATION_Q_00061,Egg Production,Active,DM-PERMIT-00307,2025-01-01,2025-01-15,2024-12-01,1307,Brown,2025-02-01,2026-08-01,,0,Fictional flock fixture.
DEV_MIGRATION_FL_00308,DM-FLOCK-00308,DEV_MIGRATION_A_00031,DEV_MIGRATION_F_00062,DEV_MIGRATION_D_00062,DEV_MIGRATION_Q_00062,Egg Production,Active,DM-PERMIT-00308,2025-01-01,2025-01-15,2024-12-01,1308,White,2025-02-01,2026-08-01,,0,Fictional flock fixture.
DEV_MIGRATION_FL_00309,DM-FLOCK-00309,DEV_MIGRATION_A_00031,DEV_MIGRATION_F_00061,DEV_MIGRATION_D_00061,DEV_MIGRATION_Q_00061,Egg Production,Active,DM-PERMIT-00309,2025-01-01,2025-01-15,2024-12-01,1309,Brown,2025-02-01,2026-08-01,,0,Fictional flock fixture.
DEV_MIGRATION_FL_00310,DM-FLOCK-00310,DEV_MIGRATION_A_00031,DEV_MIGRATION_F_00062,DEV_MIGRATION_D_00062,DEV_MIGRATION_Q_00062,Egg Production,Active,DM-PERMIT-00310,2025-01-01,2025-01-15,2024-12-01,1310,White,2025-02-01,2026-08-01,,0,Fictional flock fixture.
DEV_MIGRATION_FL_00311,DM-FLOCK-00311,DEV_MIGRATION_A_00032,DEV_MIGRATION_F_00063,DEV_MIGRATION_D_00063,DEV_MIGRATION_Q_00063,Egg Production,Active,DM-PERMIT-00311,2025-01-01,2025-01-15,2024-12-01,1311,Brown,2025-02-01,2026-08-01,,0,Fictional flock fixture.
DEV_MIGRATION_FL_00312,DM-FLOCK-00312,DEV_MIGRATION_A_00032,DEV_MIGRATION_F_00064,DEV_MIGRATION_D_00064,DEV_MIGRATION_Q_00064,Egg Production,Active,DM-PERMIT-00312,2025-01-01,2025-01-15,2024-12-01,1312,White,2025-02-01,2026-08-01,,0,Fictional flock fixture.
DEV_MIGRATION_FL_00313,DM-FLOCK-00313,DEV_MIGRATION_A_00032,DEV_MIGRATION_F_00063,DEV_MIGRATION_D_00063,DEV_MIGRATION_Q_00063,Egg Production,Active,DM-PERMIT-00313,2025-01-01,2025-01-15,2024-12-01,1313,Brown,2025-02-01,2026-08-01,,0,Fictional flock fixture.
DEV_MIGRATION_FL_00314,DM-FLOCK-00314,DEV_MIGRATION_A_00032,DEV_MIGRATION_F_00064,DEV_MIGRATION_D_00064,DEV_MIGRATION_Q_00064,Egg Production,Active,DM-PERMIT-00314,2025-01-01,2025-01-15,2024-12-01,1314,White,2025-02-01,2026-08-01,,0,Fictional flock fixture.
DEV_MIGRATION_FL_00315,DM-FLOCK-00315,DEV_MIGRATION_A_00032,DEV_MIGRATION_F_00063,DEV_MIGRATION_D_00063,DEV_MIGRATION_Q_00063,Egg Production,Active,DM-PERMIT-00315,2025-01-01,2025-01-15,2024-12-01,1315,Brown,2025-02-01,2026-08-01,,0,Fictional flock fixture.
DEV_MIGRATION_FL_00316,DM-FLOCK-00316,DEV_MIGRATION_A_00032,DEV_MIGRATION_F_00064,DEV_MIGRATION_D_00064,DEV_MIGRATION_Q_00064,Egg Production,Active,DM-PERMIT-00316,2025-01-01,2025-01-15,2024-12-01,1316,White,2025-02-01,2026-08-01,,0,Fictional flock fixture.
DEV_MIGRATION_FL_00317,DM-FLOCK-00317,DEV_MIGRATION_A_00032,DEV_MIGRATION_F_00063,DEV_MIGRATION_D_00063,DEV_MIGRATION_Q_00063,Egg Production,Active,DM-PERMIT-00317,2025-01-01,2025-01-15,2024-12-01,1317,Brown,2025-02-01,2026-08-01,,0,Fictional flock fixture.
DEV_MIGRATION_FL_00318,DM-FLOCK-00318,DEV_MIGRATION_A_00032,DEV_MIGRATION_F_00064,DEV_MIGRATION_D_00064,DEV_MIGRATION_Q_00064,Egg Production,Active,DM-PERMIT-00318,2025-01-01,2025-01-15,2024-12-01,1318,White,2025-02-01,2026-08-01,,0,Fictional flock fixture.
DEV_MIGRATION_FL_00319,DM-FLOCK-00319,DEV_MIGRATION_A_00032,DEV_MIGRATION_F_00063,DEV_MIGRATION_D_00063,DEV_MIGRATION_Q_00063,Egg Production,Active,DM-PERMIT-00319,2025-01-01,2025-01-15,2024-12-01,1319,Brown,2025-02-01,2026-08-01,,0,Fictional flock fixture.
DEV_MIGRATION_FL_00320,DM-FLOCK-00320,DEV_MIGRATION_A_00032,DEV_MIGRATION_F_00064,DEV_MIGRATION_D_00064,DEV_MIGRATION_Q_00064,Egg Production,Active,DM-PERMIT-00320,2025-01-01,2025-01-15,2024-12-01,1320,White,2025-02-01,2026-08-01,,0,Fictional flock fixture.
DEV_MIGRATION_FL_00321,DM-FLOCK-00321,DEV_MIGRATION_A_00033,DEV_MIGRATION_F_00065,DEV_MIGRATION_D_00065,DEV_MIGRATION_Q_00065,Egg Production,Active,DM-PERMIT-00321,2025-01-01,2025-01-15,2024-12-01,1321,Brown,2025-02-01,2026-08-01,,0,Fictional flock fixture.
DEV_MIGRATION_FL_00322,DM-FLOCK-00322,DEV_MIGRATION_A_00033,DEV_MIGRATION_F_00066,DEV_MIGRATION_D_00066,DEV_MIGRATION_Q_00066,Egg Production,Active,DM-PERMIT-00322,2025-01-01,2025-01-15,2024-12-01,1322,White,2025-02-01,2026-08-01,,0,Fictional flock fixture.
DEV_MIGRATION_FL_00323,DM-FLOCK-00323,DEV_MIGRATION_A_00033,DEV_MIGRATION_F_00065,DEV_MIGRATION_D_00065,DEV_MIGRATION_Q_00065,Egg Production,Active,DM-PERMIT-00323,2025-01-01,2025-01-15,2024-12-01,1323,Brown,2025-02-01,2026-08-01,,0,Fictional flock fixture.
DEV_MIGRATION_FL_00324,DM-FLOCK-00324,DEV_MIGRATION_A_00033,DEV_MIGRATION_F_00066,DEV_MIGRATION_D_00066,DEV_MIGRATION_Q_00066,Egg Production,Active,DM-PERMIT-00324,2025-01-01,2025-01-15,2024-12-01,1324,White,2025-02-01,2026-08-01,,0,Fictional flock fixture.
DEV_MIGRATION_FL_00325,DM-FLOCK-00325,DEV_MIGRATION_A_00033,DEV_MIGRATION_F_00065,DEV_MIGRATION_D_00065,DEV_MIGRATION_Q_00065,Egg Production,Active,DM-PERMIT-00325,2025-01-01,2025-01-15,2024-12-01,1325,Brown,2025-02-01,2026-08-01,,0,Fictional flock fixture.
DEV_MIGRATION_FL_00326,DM-FLOCK-00326,DEV_MIGRATION_A_00033,DEV_MIGRATION_F_00066,DEV_MIGRATION_D_00066,DEV_MIGRATION_Q_00066,Egg Production,Active,DM-PERMIT-00326,2025-01-01,2025-01-15,2024-12-01,1326,White,2025-02-01,2026-08-01,,0,Fictional flock fixture.
DEV_MIGRATION_FL_00327,DM-FLOCK-00327,DEV_MIGRATION_A_00033,DEV_MIGRATION_F_00065,DEV_MIGRATION_D_00065,DEV_MIGRATION_Q_00065,Egg Production,Active,DM-PERMIT-00327,2025-01-01,2025-01-15,2024-12-01,1327,Brown,2025-02-01,2026-08-01,,0,Fictional flock fixture.
DEV_MIGRATION_FL_00328,DM-FLOCK-00328,DEV_MIGRATION_A_00033,DEV_MIGRATION_F_00066,DEV_MIGRATION_D_00066,DEV_MIGRATION_Q_00066,Egg Production,Active,DM-PERMIT-00328,2025-01-01,2025-01-15,2024-12-01,1328,White,2025-02-01,2026-08-01,,0,Fictional flock fixture.
DEV_MIGRATION_FL_00329,DM-FLOCK-00329,DEV_MIGRATION_A_00033,DEV_MIGRATION_F_00065,DEV_MIGRATION_D_00065,DEV_MIGRATION_Q_00065,Egg Production,Active,DM-PERMIT-00329,2025-01-01,2025-01-15,2024-12-01,1329,Brown,2025-02-01,2026-08-01,,0,Fictional flock fixture.
DEV_MIGRATION_FL_00330,DM-FLOCK-00330,DEV_MIGRATION_A_00033,DEV_MIGRATION_F_00066,DEV_MIGRATION_D_00066,DEV_MIGRATION_Q_00066,Egg Production,Active,DM-PERMIT-00330,2025-01-01,2025-01-15,2024-12-01,1330,White,2025-02-01,2026-08-01,,0,Fictional flock fixture.
DEV_MIGRATION_FL_00331,DM-FLOCK-00331,DEV_MIGRATION_A_00034,DEV_MIGRATION_F_00067,DEV_MIGRATION_D_00067,DEV_MIGRATION_Q_00067,Egg Production,Active,DM-PERMIT-00331,2025-01-01,2025-01-15,2024-12-01,1331,Brown,2025-02-01,2026-08-01,,0,Fictional flock fixture.
DEV_MIGRATION_FL_00332,DM-FLOCK-00332,DEV_MIGRATION_A_00034,DEV_MIGRATION_F_00068,DEV_MIGRATION_D_00068,DEV_MIGRATION_Q_00068,Egg Production,Active,DM-PERMIT-00332,2025-01-01,2025-01-15,2024-12-01,1332,White,2025-02-01,2026-08-01,,0,Fictional flock fixture.
DEV_MIGRATION_FL_00333,DM-FLOCK-00333,DEV_MIGRATION_A_00034,DEV_MIGRATION_F_00067,DEV_MIGRATION_D_00067,DEV_MIGRATION_Q_00067,Egg Production,Active,DM-PERMIT-00333,2025-01-01,2025-01-15,2024-12-01,1333,Brown,2025-02-01,2026-08-01,,0,Fictional flock fixture.
DEV_MIGRATION_FL_00334,DM-FLOCK-00334,DEV_MIGRATION_A_00034,DEV_MIGRATION_F_00068,DEV_MIGRATION_D_00068,DEV_MIGRATION_Q_00068,Egg Production,Active,DM-PERMIT-00334,2025-01-01,2025-01-15,2024-12-01,1334,White,2025-02-01,2026-08-01,,0,Fictional flock fixture.
DEV_MIGRATION_FL_00335,DM-FLOCK-00335,DEV_MIGRATION_A_00034,DEV_MIGRATION_F_00067,DEV_MIGRATION_D_00067,DEV_MIGRATION_Q_00067,Egg Production,Active,DM-PERMIT-00335,2025-01-01,2025-01-15,2024-12-01,1335,Brown,2025-02-01,2026-08-01,,0,Fictional flock fixture.
DEV_MIGRATION_FL_00336,DM-FLOCK-00336,DEV_MIGRATION_A_00034,DEV_MIGRATION_F_00068,DEV_MIGRATION_D_00068,DEV_MIGRATION_Q_00068,Egg Production,Active,DM-PERMIT-00336,2025-01-01,2025-01-15,2024-12-01,1336,White,2025-02-01,2026-08-01,,0,Fictional flock fixture.
DEV_MIGRATION_FL_00337,DM-FLOCK-00337,DEV_MIGRATION_A_00034,DEV_MIGRATION_F_00067,DEV_MIGRATION_D_00067,DEV_MIGRATION_Q_00067,Egg Production,Active,DM-PERMIT-00337,2025-01-01,2025-01-15,2024-12-01,1337,Brown,2025-02-01,2026-08-01,,0,Fictional flock fixture.
DEV_MIGRATION_FL_00338,DM-FLOCK-00338,DEV_MIGRATION_A_00034,DEV_MIGRATION_F_00068,DEV_MIGRATION_D_00068,DEV_MIGRATION_Q_00068,Egg Production,Active,DM-PERMIT-00338,2025-01-01,2025-01-15,2024-12-01,1338,White,2025-02-01,2026-08-01,,0,Fictional flock fixture.
DEV_MIGRATION_FL_00339,DM-FLOCK-00339,DEV_MIGRATION_A_00034,DEV_MIGRATION_F_00067,DEV_MIGRATION_D_00067,DEV_MIGRATION_Q_00067,Egg Production,Active,DM-PERMIT-00339,2025-01-01,2025-01-15,2024-12-01,1339,Brown,2025-02-01,2026-08-01,,0,Fictional flock fixture.
DEV_MIGRATION_FL_00340,DM-FLOCK-00340,DEV_MIGRATION_A_00034,DEV_MIGRATION_F_00068,DEV_MIGRATION_D_00068,DEV_MIGRATION_Q_00068,Egg Production,Active,DM-PERMIT-00340,2025-01-01,2025-01-15,2024-12-01,1340,White,2025-02-01,2026-08-01,,0,Fictional flock fixture.
DEV_MIGRATION_FL_00341,DM-FLOCK-00341,DEV_MIGRATION_A_00035,DEV_MIGRATION_F_00069,DEV_MIGRATION_D_00069,DEV_MIGRATION_Q_00069,Egg Production,Active,DM-PERMIT-00341,2025-01-01,2025-01-15,2024-12-01,1341,Brown,2025-02-01,2026-08-01,,0,Fictional flock fixture.
DEV_MIGRATION_FL_00342,DM-FLOCK-00342,DEV_MIGRATION_A_00035,DEV_MIGRATION_F_00070,DEV_MIGRATION_D_00070,DEV_MIGRATION_Q_00070,Egg Production,Active,DM-PERMIT-00342,2025-01-01,2025-01-15,2024-12-01,1342,White,2025-02-01,2026-08-01,,0,Fictional flock fixture.
DEV_MIGRATION_FL_00343,DM-FLOCK-00343,DEV_MIGRATION_A_00035,DEV_MIGRATION_F_00069,DEV_MIGRATION_D_00069,DEV_MIGRATION_Q_00069,Egg Production,Active,DM-PERMIT-00343,2025-01-01,2025-01-15,2024-12-01,1343,Brown,2025-02-01,2026-08-01,,0,Fictional flock fixture.
DEV_MIGRATION_FL_00344,DM-FLOCK-00344,DEV_MIGRATION_A_00035,DEV_MIGRATION_F_00070,DEV_MIGRATION_D_00070,DEV_MIGRATION_Q_00070,Egg Production,Active,DM-PERMIT-00344,2025-01-01,2025-01-15,2024-12-01,1344,White,2025-02-01,2026-08-01,,0,Fictional flock fixture.
DEV_MIGRATION_FL_00345,DM-FLOCK-00345,DEV_MIGRATION_A_00035,DEV_MIGRATION_F_00069,DEV_MIGRATION_D_00069,DEV_MIGRATION_Q_00069,Egg Production,Active,DM-PERMIT-00345,2025-01-01,2025-01-15,2024-12-01,1345,Brown,2025-02-01,2026-08-01,,0,Fictional flock fixture.
DEV_MIGRATION_FL_00346,DM-FLOCK-00346,DEV_MIGRATION_A_00035,DEV_MIGRATION_F_00070,DEV_MIGRATION_D_00070,DEV_MIGRATION_Q_00070,Egg Production,Active,DM-PERMIT-00346,2025-01-01,2025-01-15,2024-12-01,1346,White,2025-02-01,2026-08-01,,0,Fictional flock fixture.
DEV_MIGRATION_FL_00347,DM-FLOCK-00347,DEV_MIGRATION_A_00035,DEV_MIGRATION_F_00069,DEV_MIGRATION_D_00069,DEV_MIGRATION_Q_00069,Egg Production,Active,DM-PERMIT-00347,2025-01-01,2025-01-15,2024-12-01,1347,Brown,2025-02-01,2026-08-01,,0,Fictional flock fixture.
DEV_MIGRATION_FL_00348,DM-FLOCK-00348,DEV_MIGRATION_A_00035,DEV_MIGRATION_F_00070,DEV_MIGRATION_D_00070,DEV_MIGRATION_Q_00070,Egg Production,Active,DM-PERMIT-00348,2025-01-01,2025-01-15,2024-12-01,1348,White,2025-02-01,2026-08-01,,0,Fictional flock fixture.
DEV_MIGRATION_FL_00349,DM-FLOCK-00349,DEV_MIGRATION_A_00035,DEV_MIGRATION_F_00069,DEV_MIGRATION_D_00069,DEV_MIGRATION_Q_00069,Egg Production,Active,DM-PERMIT-00349,2025-01-01,2025-01-15,2024-12-01,1349,Brown,2025-02-01,2026-08-01,,0,Fictional flock fixture.
DEV_MIGRATION_FL_00350,DM-FLOCK-00350,DEV_MIGRATION_A_00035,DEV_MIGRATION_F_00070,DEV_MIGRATION_D_00070,DEV_MIGRATION_Q_00070,Egg Production,Active,DM-PERMIT-00350,2025-01-01,2025-01-15,2024-12-01,1350,White,2025-02-01,2026-08-01,,0,Fictional flock fixture.
DEV_MIGRATION_FL_00351,DM-FLOCK-00351,DEV_MIGRATION_A_00036,DEV_MIGRATION_F_00071,DEV_MIGRATION_D_00071,DEV_MIGRATION_Q_00071,Egg Production,Active,DM-PERMIT-00351,2025-01-01,2025-01-15,2024-12-01,1351,Brown,2025-02-01,2026-08-01,,0,Fictional flock fixture.
DEV_MIGRATION_FL_00352,DM-FLOCK-00352,DEV_MIGRATION_A_00036,DEV_MIGRATION_F_00072,DEV_MIGRATION_D_00072,DEV_MIGRATION_Q_00072,Egg Production,Active,DM-PERMIT-00352,2025-01-01,2025-01-15,2024-12-01,1352,White,2025-02-01,2026-08-01,,0,Fictional flock fixture.
DEV_MIGRATION_FL_00353,DM-FLOCK-00353,DEV_MIGRATION_A_00036,DEV_MIGRATION_F_00071,DEV_MIGRATION_D_00071,DEV_MIGRATION_Q_00071,Egg Production,Active,DM-PERMIT-00353,2025-01-01,2025-01-15,2024-12-01,1353,Brown,2025-02-01,2026-08-01,,0,Fictional flock fixture.
DEV_MIGRATION_FL_00354,DM-FLOCK-00354,DEV_MIGRATION_A_00036,DEV_MIGRATION_F_00072,DEV_MIGRATION_D_00072,DEV_MIGRATION_Q_00072,Egg Production,Active,DM-PERMIT-00354,2025-01-01,2025-01-15,2024-12-01,1354,White,2025-02-01,2026-08-01,,0,Fictional flock fixture.
DEV_MIGRATION_FL_00355,DM-FLOCK-00355,DEV_MIGRATION_A_00036,DEV_MIGRATION_F_00071,DEV_MIGRATION_D_00071,DEV_MIGRATION_Q_00071,Egg Production,Active,DM-PERMIT-00355,2025-01-01,2025-01-15,2024-12-01,1355,Brown,2025-02-01,2026-08-01,,0,Fictional flock fixture.
DEV_MIGRATION_FL_00356,DM-FLOCK-00356,DEV_MIGRATION_A_00036,DEV_MIGRATION_F_00072,DEV_MIGRATION_D_00072,DEV_MIGRATION_Q_00072,Egg Production,Active,DM-PERMIT-00356,2025-01-01,2025-01-15,2024-12-01,1356,White,2025-02-01,2026-08-01,,0,Fictional flock fixture.
DEV_MIGRATION_FL_00357,DM-FLOCK-00357,DEV_MIGRATION_A_00036,DEV_MIGRATION_F_00071,DEV_MIGRATION_D_00071,DEV_MIGRATION_Q_00071,Egg Production,Active,DM-PERMIT-00357,2025-01-01,2025-01-15,2024-12-01,1357,Brown,2025-02-01,2026-08-01,,0,Fictional flock fixture.
DEV_MIGRATION_FL_00358,DM-FLOCK-00358,DEV_MIGRATION_A_00036,DEV_MIGRATION_F_00072,DEV_MIGRATION_D_00072,DEV_MIGRATION_Q_00072,Egg Production,Active,DM-PERMIT-00358,2025-01-01,2025-01-15,2024-12-01,1358,White,2025-02-01,2026-08-01,,0,Fictional flock fixture.
DEV_MIGRATION_FL_00359,DM-FLOCK-00359,DEV_MIGRATION_A_00036,DEV_MIGRATION_F_00071,DEV_MIGRATION_D_00071,DEV_MIGRATION_Q_00071,Egg Production,Active,DM-PERMIT-00359,2025-01-01,2025-01-15,2024-12-01,1359,Brown,2025-02-01,2026-08-01,,0,Fictional flock fixture.
DEV_MIGRATION_FL_00360,DM-FLOCK-00360,DEV_MIGRATION_A_00036,DEV_MIGRATION_F_00072,DEV_MIGRATION_D_00072,DEV_MIGRATION_Q_00072,Egg Production,Active,DM-PERMIT-00360,2025-01-01,2025-01-15,2024-12-01,1360,White,2025-02-01,2026-08-01,,0,Fictional flock fixture.
DEV_MIGRATION_FL_00361,DM-FLOCK-00361,DEV_MIGRATION_A_00037,DEV_MIGRATION_F_00073,DEV_MIGRATION_D_00073,DEV_MIGRATION_Q_00073,Egg Production,Active,DM-PERMIT-00361,2025-01-01,2025-01-15,2024-12-01,1361,Brown,2025-02-01,2026-08-01,,0,Fictional flock fixture.
DEV_MIGRATION_FL_00362,DM-FLOCK-00362,DEV_MIGRATION_A_00037,DEV_MIGRATION_F_00074,DEV_MIGRATION_D_00074,DEV_MIGRATION_Q_00074,Egg Production,Active,DM-PERMIT-00362,2025-01-01,2025-01-15,2024-12-01,1362,White,2025-02-01,2026-08-01,,0,Fictional flock fixture.
DEV_MIGRATION_FL_00363,DM-FLOCK-00363,DEV_MIGRATION_A_00037,DEV_MIGRATION_F_00073,DEV_MIGRATION_D_00073,DEV_MIGRATION_Q_00073,Egg Production,Active,DM-PERMIT-00363,2025-01-01,2025-01-15,2024-12-01,1363,Brown,2025-02-01,2026-08-01,,0,Fictional flock fixture.
DEV_MIGRATION_FL_00364,DM-FLOCK-00364,DEV_MIGRATION_A_00037,DEV_MIGRATION_F_00074,DEV_MIGRATION_D_00074,DEV_MIGRATION_Q_00074,Egg Production,Active,DM-PERMIT-00364,2025-01-01,2025-01-15,2024-12-01,1364,White,2025-02-01,2026-08-01,,0,Fictional flock fixture.
DEV_MIGRATION_FL_00365,DM-FLOCK-00365,DEV_MIGRATION_A_00037,DEV_MIGRATION_F_00073,DEV_MIGRATION_D_00073,DEV_MIGRATION_Q_00073,Egg Production,Active,DM-PERMIT-00365,2025-01-01,2025-01-15,2024-12-01,1365,Brown,2025-02-01,2026-08-01,,0,Fictional flock fixture.
DEV_MIGRATION_FL_00366,DM-FLOCK-00366,DEV_MIGRATION_A_00037,DEV_MIGRATION_F_00074,DEV_MIGRATION_D_00074,DEV_MIGRATION_Q_00074,Egg Production,Active,DM-PERMIT-00366,2025-01-01,2025-01-15,2024-12-01,1366,White,2025-02-01,2026-08-01,,0,Fictional flock fixture.
DEV_MIGRATION_FL_00367,DM-FLOCK-00367,DEV_MIGRATION_A_00037,DEV_MIGRATION_F_00073,DEV_MIGRATION_D_00073,DEV_MIGRATION_Q_00073,Egg Production,Active,DM-PERMIT-00367,2025-01-01,2025-01-15,2024-12-01,1367,Brown,2025-02-01,2026-08-01,,0,Fictional flock fixture.
DEV_MIGRATION_FL_00368,DM-FLOCK-00368,DEV_MIGRATION_A_00037,DEV_MIGRATION_F_00074,DEV_MIGRATION_D_00074,DEV_MIGRATION_Q_00074,Egg Production,Active,DM-PERMIT-00368,2025-01-01,2025-01-15,2024-12-01,1368,White,2025-02-01,2026-08-01,,0,Fictional flock fixture.
DEV_MIGRATION_FL_00369,DM-FLOCK-00369,DEV_MIGRATION_A_00037,DEV_MIGRATION_F_00073,DEV_MIGRATION_D_00073,DEV_MIGRATION_Q_00073,Egg Production,Active,DM-PERMIT-00369,2025-01-01,2025-01-15,2024-12-01,1369,Brown,2025-02-01,2026-08-01,,0,Fictional flock fixture.
DEV_MIGRATION_FL_00370,DM-FLOCK-00370,DEV_MIGRATION_A_00037,DEV_MIGRATION_F_00074,DEV_MIGRATION_D_00074,DEV_MIGRATION_Q_00074,Egg Production,Active,DM-PERMIT-00370,2025-01-01,2025-01-15,2024-12-01,1370,White,2025-02-01,2026-08-01,,0,Fictional flock fixture.
DEV_MIGRATION_FL_00371,DM-FLOCK-00371,DEV_MIGRATION_A_00038,DEV_MIGRATION_F_00075,DEV_MIGRATION_D_00075,DEV_MIGRATION_Q_00075,Egg Production,Active,DM-PERMIT-00371,2025-01-01,2025-01-15,2024-12-01,1371,Brown,2025-02-01,2026-08-01,,0,Fictional flock fixture.
DEV_MIGRATION_FL_00372,DM-FLOCK-00372,DEV_MIGRATION_A_00038,DEV_MIGRATION_F_00076,DEV_MIGRATION_D_00076,DEV_MIGRATION_Q_00076,Egg Production,Active,DM-PERMIT-00372,2025-01-01,2025-01-15,2024-12-01,1372,White,2025-02-01,2026-08-01,,0,Fictional flock fixture.
DEV_MIGRATION_FL_00373,DM-FLOCK-00373,DEV_MIGRATION_A_00038,DEV_MIGRATION_F_00075,DEV_MIGRATION_D_00075,DEV_MIGRATION_Q_00075,Egg Production,Active,DM-PERMIT-00373,2025-01-01,2025-01-15,2024-12-01,1373,Brown,2025-02-01,2026-08-01,,0,Fictional flock fixture.
DEV_MIGRATION_FL_00374,DM-FLOCK-00374,DEV_MIGRATION_A_00038,DEV_MIGRATION_F_00076,DEV_MIGRATION_D_00076,DEV_MIGRATION_Q_00076,Egg Production,Active,DM-PERMIT-00374,2025-01-01,2025-01-15,2024-12-01,1374,White,2025-02-01,2026-08-01,,0,Fictional flock fixture.
DEV_MIGRATION_FL_00375,DM-FLOCK-00375,DEV_MIGRATION_A_00038,DEV_MIGRATION_F_00075,DEV_MIGRATION_D_00075,DEV_MIGRATION_Q_00075,Egg Production,Active,DM-PERMIT-00375,2025-01-01,2025-01-15,2024-12-01,1375,Brown,2025-02-01,2026-08-01,,0,Fictional flock fixture.
DEV_MIGRATION_FL_00376,DM-FLOCK-00376,DEV_MIGRATION_A_00038,DEV_MIGRATION_F_00076,DEV_MIGRATION_D_00076,DEV_MIGRATION_Q_00076,Egg Production,Active,DM-PERMIT-00376,2025-01-01,2025-01-15,2024-12-01,1376,White,2025-02-01,2026-08-01,,0,Fictional flock fixture.
DEV_MIGRATION_FL_00377,DM-FLOCK-00377,DEV_MIGRATION_A_00038,DEV_MIGRATION_F_00075,DEV_MIGRATION_D_00075,DEV_MIGRATION_Q_00075,Egg Production,Active,DM-PERMIT-00377,2025-01-01,2025-01-15,2024-12-01,1377,Brown,2025-02-01,2026-08-01,,0,Fictional flock fixture.
DEV_MIGRATION_FL_00378,DM-FLOCK-00378,DEV_MIGRATION_A_00038,DEV_MIGRATION_F_00076,DEV_MIGRATION_D_00076,DEV_MIGRATION_Q_00076,Egg Production,Active,DM-PERMIT-00378,2025-01-01,2025-01-15,2024-12-01,1378,White,2025-02-01,2026-08-01,,0,Fictional flock fixture.
DEV_MIGRATION_FL_00379,DM-FLOCK-00379,DEV_MIGRATION_A_00038,DEV_MIGRATION_F_00075,DEV_MIGRATION_D_00075,DEV_MIGRATION_Q_00075,Egg Production,Active,DM-PERMIT-00379,2025-01-01,2025-01-15,2024-12-01,1379,Brown,2025-02-01,2026-08-01,,0,Fictional flock fixture.
DEV_MIGRATION_FL_00380,DM-FLOCK-00380,DEV_MIGRATION_A_00038,DEV_MIGRATION_F_00076,DEV_MIGRATION_D_00076,DEV_MIGRATION_Q_00076,Egg Production,Active,DM-PERMIT-00380,2025-01-01,2025-01-15,2024-12-01,1380,White,2025-02-01,2026-08-01,,0,Fictional flock fixture.
DEV_MIGRATION_FL_00381,DM-FLOCK-00381,DEV_MIGRATION_A_00039,DEV_MIGRATION_F_00077,DEV_MIGRATION_D_00077,DEV_MIGRATION_Q_00077,Egg Production,Active,DM-PERMIT-00381,2025-01-01,2025-01-15,2024-12-01,1381,Brown,2025-02-01,2026-08-01,,0,Fictional flock fixture.
DEV_MIGRATION_FL_00382,DM-FLOCK-00382,DEV_MIGRATION_A_00039,DEV_MIGRATION_F_00078,DEV_MIGRATION_D_00078,DEV_MIGRATION_Q_00078,Egg Production,Active,DM-PERMIT-00382,2025-01-01,2025-01-15,2024-12-01,1382,White,2025-02-01,2026-08-01,,0,Fictional flock fixture.
DEV_MIGRATION_FL_00383,DM-FLOCK-00383,DEV_MIGRATION_A_00039,DEV_MIGRATION_F_00077,DEV_MIGRATION_D_00077,DEV_MIGRATION_Q_00077,Egg Production,Active,DM-PERMIT-00383,2025-01-01,2025-01-15,2024-12-01,1383,Brown,2025-02-01,2026-08-01,,0,Fictional flock fixture.
DEV_MIGRATION_FL_00384,DM-FLOCK-00384,DEV_MIGRATION_A_00039,DEV_MIGRATION_F_00078,DEV_MIGRATION_D_00078,DEV_MIGRATION_Q_00078,Egg Production,Active,DM-PERMIT-00384,2025-01-01,2025-01-15,2024-12-01,1384,White,2025-02-01,2026-08-01,,0,Fictional flock fixture.
DEV_MIGRATION_FL_00385,DM-FLOCK-00385,DEV_MIGRATION_A_00039,DEV_MIGRATION_F_00077,DEV_MIGRATION_D_00077,DEV_MIGRATION_Q_00077,Egg Production,Active,DM-PERMIT-00385,2025-01-01,2025-01-15,2024-12-01,1385,Brown,2025-02-01,2026-08-01,,0,Fictional flock fixture.
DEV_MIGRATION_FL_00386,DM-FLOCK-00386,DEV_MIGRATION_A_00039,DEV_MIGRATION_F_00078,DEV_MIGRATION_D_00078,DEV_MIGRATION_Q_00078,Egg Production,Active,DM-PERMIT-00386,2025-01-01,2025-01-15,2024-12-01,1386,White,2025-02-01,2026-08-01,,0,Fictional flock fixture.
DEV_MIGRATION_FL_00387,DM-FLOCK-00387,DEV_MIGRATION_A_00039,DEV_MIGRATION_F_00077,DEV_MIGRATION_D_00077,DEV_MIGRATION_Q_00077,Egg Production,Active,DM-PERMIT-00387,2025-01-01,2025-01-15,2024-12-01,1387,Brown,2025-02-01,2026-08-01,,0,Fictional flock fixture.
DEV_MIGRATION_FL_00388,DM-FLOCK-00388,DEV_MIGRATION_A_00039,DEV_MIGRATION_F_00078,DEV_MIGRATION_D_00078,DEV_MIGRATION_Q_00078,Egg Production,Active,DM-PERMIT-00388,2025-01-01,2025-01-15,2024-12-01,1388,White,2025-02-01,2026-08-01,,0,Fictional flock fixture.
DEV_MIGRATION_FL_00389,DM-FLOCK-00389,DEV_MIGRATION_A_00039,DEV_MIGRATION_F_00077,DEV_MIGRATION_D_00077,DEV_MIGRATION_Q_00077,Egg Production,Active,DM-PERMIT-00389,2025-01-01,2025-01-15,2024-12-01,1389,Brown,2025-02-01,2026-08-01,,0,Fictional flock fixture.
DEV_MIGRATION_FL_00390,DM-FLOCK-00390,DEV_MIGRATION_A_00039,DEV_MIGRATION_F_00078,DEV_MIGRATION_D_00078,DEV_MIGRATION_Q_00078,Egg Production,Active,DM-PERMIT-00390,2025-01-01,2025-01-15,2024-12-01,1390,White,2025-02-01,2026-08-01,,0,Fictional flock fixture.
DEV_MIGRATION_FL_00391,DM-FLOCK-00391,DEV_MIGRATION_A_00040,DEV_MIGRATION_F_00079,DEV_MIGRATION_D_00079,DEV_MIGRATION_Q_00079,Egg Production,Active,DM-PERMIT-00391,2025-01-01,2025-01-15,2024-12-01,1391,Brown,2025-02-01,2026-08-01,,0,Fictional flock fixture.
DEV_MIGRATION_FL_00392,DM-FLOCK-00392,DEV_MIGRATION_A_00040,DEV_MIGRATION_F_00080,DEV_MIGRATION_D_00080,DEV_MIGRATION_Q_00080,Egg Production,Active,DM-PERMIT-00392,2025-01-01,2025-01-15,2024-12-01,1392,White,2025-02-01,2026-08-01,,0,Fictional flock fixture.
DEV_MIGRATION_FL_00393,DM-FLOCK-00393,DEV_MIGRATION_A_00040,DEV_MIGRATION_F_00079,DEV_MIGRATION_D_00079,DEV_MIGRATION_Q_00079,Egg Production,Active,DM-PERMIT-00393,2025-01-01,2025-01-15,2024-12-01,1393,Brown,2025-02-01,2026-08-01,,0,Fictional flock fixture.
DEV_MIGRATION_FL_00394,DM-FLOCK-00394,DEV_MIGRATION_A_00040,DEV_MIGRATION_F_00080,DEV_MIGRATION_D_00080,DEV_MIGRATION_Q_00080,Egg Production,Active,DM-PERMIT-00394,2025-01-01,2025-01-15,2024-12-01,1394,White,2025-02-01,2026-08-01,,0,Fictional flock fixture.
DEV_MIGRATION_FL_00395,DM-FLOCK-00395,DEV_MIGRATION_A_00040,DEV_MIGRATION_F_00079,DEV_MIGRATION_D_00079,DEV_MIGRATION_Q_00079,Egg Production,Active,DM-PERMIT-00395,2025-01-01,2025-01-15,2024-12-01,1395,Brown,2025-02-01,2026-08-01,,0,Fictional flock fixture.
DEV_MIGRATION_FL_00396,DM-FLOCK-00396,DEV_MIGRATION_A_00040,DEV_MIGRATION_F_00080,DEV_MIGRATION_D_00080,DEV_MIGRATION_Q_00080,Egg Production,Active,DM-PERMIT-00396,2025-01-01,2025-01-15,2024-12-01,1396,White,2025-02-01,2026-08-01,,0,Fictional flock fixture.
DEV_MIGRATION_FL_00397,DM-FLOCK-00397,DEV_MIGRATION_A_00040,DEV_MIGRATION_F_00079,DEV_MIGRATION_D_00079,DEV_MIGRATION_Q_00079,Egg Production,Active,DM-PERMIT-00397,2025-01-01,2025-01-15,2024-12-01,1397,Brown,2025-02-01,2026-08-01,,0,Fictional flock fixture.
DEV_MIGRATION_FL_00398,DM-FLOCK-00398,DEV_MIGRATION_A_00040,DEV_MIGRATION_F_00080,DEV_MIGRATION_D_00080,DEV_MIGRATION_Q_00080,Egg Production,Active,DM-PERMIT-00398,2025-01-01,2025-01-15,2024-12-01,1398,White,2025-02-01,2026-08-01,,0,Fictional flock fixture.
DEV_MIGRATION_FL_00399,DM-FLOCK-00399,DEV_MIGRATION_A_00040,DEV_MIGRATION_F_00079,DEV_MIGRATION_D_00079,DEV_MIGRATION_Q_00079,Egg Production,Active,DM-PERMIT-00399,2025-01-01,2025-01-15,2024-12-01,1399,Brown,2025-02-01,2026-08-01,,0,Fictional flock fixture.
DEV_MIGRATION_FL_00400,DM-FLOCK-00400,DEV_MIGRATION_A_00040,DEV_MIGRATION_F_00080,DEV_MIGRATION_D_00080,DEV_MIGRATION_Q_00080,Egg Production,Active,DM-PERMIT-00400,2025-01-01,2025-01-15,2024-12-01,1400,White,2025-02-01,2026-08-01,,0,Fictional flock fixture.
DEV_MIGRATION_FL_00401,DM-FLOCK-00401,DEV_MIGRATION_A_00041,DEV_MIGRATION_F_00081,DEV_MIGRATION_D_00081,DEV_MIGRATION_Q_00081,Egg Production,Active,DM-PERMIT-00401,2025-01-01,2025-01-15,2024-12-01,1401,Brown,2025-02-01,2026-08-01,,0,Fictional flock fixture.
DEV_MIGRATION_FL_00402,DM-FLOCK-00402,DEV_MIGRATION_A_00041,DEV_MIGRATION_F_00082,DEV_MIGRATION_D_00082,DEV_MIGRATION_Q_00082,Egg Production,Active,DM-PERMIT-00402,2025-01-01,2025-01-15,2024-12-01,1402,White,2025-02-01,2026-08-01,,0,Fictional flock fixture.
DEV_MIGRATION_FL_00403,DM-FLOCK-00403,DEV_MIGRATION_A_00041,DEV_MIGRATION_F_00081,DEV_MIGRATION_D_00081,DEV_MIGRATION_Q_00081,Egg Production,Active,DM-PERMIT-00403,2025-01-01,2025-01-15,2024-12-01,1403,Brown,2025-02-01,2026-08-01,,0,Fictional flock fixture.
DEV_MIGRATION_FL_00404,DM-FLOCK-00404,DEV_MIGRATION_A_00041,DEV_MIGRATION_F_00082,DEV_MIGRATION_D_00082,DEV_MIGRATION_Q_00082,Egg Production,Active,DM-PERMIT-00404,2025-01-01,2025-01-15,2024-12-01,1404,White,2025-02-01,2026-08-01,,0,Fictional flock fixture.
DEV_MIGRATION_FL_00405,DM-FLOCK-00405,DEV_MIGRATION_A_00041,DEV_MIGRATION_F_00081,DEV_MIGRATION_D_00081,DEV_MIGRATION_Q_00081,Egg Production,Active,DM-PERMIT-00405,2025-01-01,2025-01-15,2024-12-01,1405,Brown,2025-02-01,2026-08-01,,0,Fictional flock fixture.
DEV_MIGRATION_FL_00406,DM-FLOCK-00406,DEV_MIGRATION_A_00041,DEV_MIGRATION_F_00082,DEV_MIGRATION_D_00082,DEV_MIGRATION_Q_00082,Egg Production,Active,DM-PERMIT-00406,2025-01-01,2025-01-15,2024-12-01,1406,White,2025-02-01,2026-08-01,,0,Fictional flock fixture.
DEV_MIGRATION_FL_00407,DM-FLOCK-00407,DEV_MIGRATION_A_00041,DEV_MIGRATION_F_00081,DEV_MIGRATION_D_00081,DEV_MIGRATION_Q_00081,Egg Production,Active,DM-PERMIT-00407,2025-01-01,2025-01-15,2024-12-01,1407,Brown,2025-02-01,2026-08-01,,0,Fictional flock fixture.
DEV_MIGRATION_FL_00408,DM-FLOCK-00408,DEV_MIGRATION_A_00041,DEV_MIGRATION_F_00082,DEV_MIGRATION_D_00082,DEV_MIGRATION_Q_00082,Egg Production,Active,DM-PERMIT-00408,2025-01-01,2025-01-15,2024-12-01,1408,White,2025-02-01,2026-08-01,,0,Fictional flock fixture.
DEV_MIGRATION_FL_00409,DM-FLOCK-00409,DEV_MIGRATION_A_00041,DEV_MIGRATION_F_00081,DEV_MIGRATION_D_00081,DEV_MIGRATION_Q_00081,Egg Production,Active,DM-PERMIT-00409,2025-01-01,2025-01-15,2024-12-01,1409,Brown,2025-02-01,2026-08-01,,0,Fictional flock fixture.
DEV_MIGRATION_FL_00410,DM-FLOCK-00410,DEV_MIGRATION_A_00041,DEV_MIGRATION_F_00082,DEV_MIGRATION_D_00082,DEV_MIGRATION_Q_00082,Egg Production,Active,DM-PERMIT-00410,2025-01-01,2025-01-15,2024-12-01,1410,White,2025-02-01,2026-08-01,,0,Fictional flock fixture.
DEV_MIGRATION_FL_00411,DM-FLOCK-00411,DEV_MIGRATION_A_00042,DEV_MIGRATION_F_00083,DEV_MIGRATION_D_00083,DEV_MIGRATION_Q_00083,Egg Production,Active,DM-PERMIT-00411,2025-01-01,2025-01-15,2024-12-01,1411,Brown,2025-02-01,2026-08-01,,0,Fictional flock fixture.
DEV_MIGRATION_FL_00412,DM-FLOCK-00412,DEV_MIGRATION_A_00042,DEV_MIGRATION_F_00084,DEV_MIGRATION_D_00084,DEV_MIGRATION_Q_00084,Egg Production,Active,DM-PERMIT-00412,2025-01-01,2025-01-15,2024-12-01,1412,White,2025-02-01,2026-08-01,,0,Fictional flock fixture.
DEV_MIGRATION_FL_00413,DM-FLOCK-00413,DEV_MIGRATION_A_00042,DEV_MIGRATION_F_00083,DEV_MIGRATION_D_00083,DEV_MIGRATION_Q_00083,Egg Production,Active,DM-PERMIT-00413,2025-01-01,2025-01-15,2024-12-01,1413,Brown,2025-02-01,2026-08-01,,0,Fictional flock fixture.
DEV_MIGRATION_FL_00414,DM-FLOCK-00414,DEV_MIGRATION_A_00042,DEV_MIGRATION_F_00084,DEV_MIGRATION_D_00084,DEV_MIGRATION_Q_00084,Egg Production,Active,DM-PERMIT-00414,2025-01-01,2025-01-15,2024-12-01,1414,White,2025-02-01,2026-08-01,,0,Fictional flock fixture.
DEV_MIGRATION_FL_00415,DM-FLOCK-00415,DEV_MIGRATION_A_00042,DEV_MIGRATION_F_00083,DEV_MIGRATION_D_00083,DEV_MIGRATION_Q_00083,Egg Production,Active,DM-PERMIT-00415,2025-01-01,2025-01-15,2024-12-01,1415,Brown,2025-02-01,2026-08-01,,0,Fictional flock fixture.
DEV_MIGRATION_FL_00416,DM-FLOCK-00416,DEV_MIGRATION_A_00042,DEV_MIGRATION_F_00084,DEV_MIGRATION_D_00084,DEV_MIGRATION_Q_00084,Egg Production,Active,DM-PERMIT-00416,2025-01-01,2025-01-15,2024-12-01,1416,White,2025-02-01,2026-08-01,,0,Fictional flock fixture.
DEV_MIGRATION_FL_00417,DM-FLOCK-00417,DEV_MIGRATION_A_00042,DEV_MIGRATION_F_00083,DEV_MIGRATION_D_00083,DEV_MIGRATION_Q_00083,Egg Production,Active,DM-PERMIT-00417,2025-01-01,2025-01-15,2024-12-01,1417,Brown,2025-02-01,2026-08-01,,0,Fictional flock fixture.
DEV_MIGRATION_FL_00418,DM-FLOCK-00418,DEV_MIGRATION_A_00042,DEV_MIGRATION_F_00084,DEV_MIGRATION_D_00084,DEV_MIGRATION_Q_00084,Egg Production,Active,DM-PERMIT-00418,2025-01-01,2025-01-15,2024-12-01,1418,White,2025-02-01,2026-08-01,,0,Fictional flock fixture.
DEV_MIGRATION_FL_00419,DM-FLOCK-00419,DEV_MIGRATION_A_00042,DEV_MIGRATION_F_00083,DEV_MIGRATION_D_00083,DEV_MIGRATION_Q_00083,Egg Production,Active,DM-PERMIT-00419,2025-01-01,2025-01-15,2024-12-01,1419,Brown,2025-02-01,2026-08-01,,0,Fictional flock fixture.
DEV_MIGRATION_FL_00420,DM-FLOCK-00420,DEV_MIGRATION_A_00042,DEV_MIGRATION_F_00084,DEV_MIGRATION_D_00084,DEV_MIGRATION_Q_00084,Egg Production,Active,DM-PERMIT-00420,2025-01-01,2025-01-15,2024-12-01,1420,White,2025-02-01,2026-08-01,,0,Fictional flock fixture.
DEV_MIGRATION_FL_00421,DM-FLOCK-00421,DEV_MIGRATION_A_00043,DEV_MIGRATION_F_00085,DEV_MIGRATION_D_00085,DEV_MIGRATION_Q_00085,Egg Production,Active,DM-PERMIT-00421,2025-01-01,2025-01-15,2024-12-01,1421,Brown,2025-02-01,2026-08-01,,0,Fictional flock fixture.
DEV_MIGRATION_FL_00422,DM-FLOCK-00422,DEV_MIGRATION_A_00043,DEV_MIGRATION_F_00086,DEV_MIGRATION_D_00086,DEV_MIGRATION_Q_00086,Egg Production,Active,DM-PERMIT-00422,2025-01-01,2025-01-15,2024-12-01,1422,White,2025-02-01,2026-08-01,,0,Fictional flock fixture.
DEV_MIGRATION_FL_00423,DM-FLOCK-00423,DEV_MIGRATION_A_00043,DEV_MIGRATION_F_00085,DEV_MIGRATION_D_00085,DEV_MIGRATION_Q_00085,Egg Production,Active,DM-PERMIT-00423,2025-01-01,2025-01-15,2024-12-01,1423,Brown,2025-02-01,2026-08-01,,0,Fictional flock fixture.
DEV_MIGRATION_FL_00424,DM-FLOCK-00424,DEV_MIGRATION_A_00043,DEV_MIGRATION_F_00086,DEV_MIGRATION_D_00086,DEV_MIGRATION_Q_00086,Egg Production,Active,DM-PERMIT-00424,2025-01-01,2025-01-15,2024-12-01,1424,White,2025-02-01,2026-08-01,,0,Fictional flock fixture.
DEV_MIGRATION_FL_00425,DM-FLOCK-00425,DEV_MIGRATION_A_00043,DEV_MIGRATION_F_00085,DEV_MIGRATION_D_00085,DEV_MIGRATION_Q_00085,Egg Production,Active,DM-PERMIT-00425,2025-01-01,2025-01-15,2024-12-01,1425,Brown,2025-02-01,2026-08-01,,0,Fictional flock fixture.
DEV_MIGRATION_FL_00426,DM-FLOCK-00426,DEV_MIGRATION_A_00043,DEV_MIGRATION_F_00086,DEV_MIGRATION_D_00086,DEV_MIGRATION_Q_00086,Egg Production,Active,DM-PERMIT-00426,2025-01-01,2025-01-15,2024-12-01,1426,White,2025-02-01,2026-08-01,,0,Fictional flock fixture.
DEV_MIGRATION_FL_00427,DM-FLOCK-00427,DEV_MIGRATION_A_00043,DEV_MIGRATION_F_00085,DEV_MIGRATION_D_00085,DEV_MIGRATION_Q_00085,Egg Production,Active,DM-PERMIT-00427,2025-01-01,2025-01-15,2024-12-01,1427,Brown,2025-02-01,2026-08-01,,0,Fictional flock fixture.
DEV_MIGRATION_FL_00428,DM-FLOCK-00428,DEV_MIGRATION_A_00043,DEV_MIGRATION_F_00086,DEV_MIGRATION_D_00086,DEV_MIGRATION_Q_00086,Egg Production,Active,DM-PERMIT-00428,2025-01-01,2025-01-15,2024-12-01,1428,White,2025-02-01,2026-08-01,,0,Fictional flock fixture.
DEV_MIGRATION_FL_00429,DM-FLOCK-00429,DEV_MIGRATION_A_00043,DEV_MIGRATION_F_00085,DEV_MIGRATION_D_00085,DEV_MIGRATION_Q_00085,Egg Production,Active,DM-PERMIT-00429,2025-01-01,2025-01-15,2024-12-01,1429,Brown,2025-02-01,2026-08-01,,0,Fictional flock fixture.
DEV_MIGRATION_FL_00430,DM-FLOCK-00430,DEV_MIGRATION_A_00043,DEV_MIGRATION_F_00086,DEV_MIGRATION_D_00086,DEV_MIGRATION_Q_00086,Egg Production,Active,DM-PERMIT-00430,2025-01-01,2025-01-15,2024-12-01,1430,White,2025-02-01,2026-08-01,,0,Fictional flock fixture.
DEV_MIGRATION_FL_00431,DM-FLOCK-00431,DEV_MIGRATION_A_00044,DEV_MIGRATION_F_00087,DEV_MIGRATION_D_00087,DEV_MIGRATION_Q_00087,Egg Production,Active,DM-PERMIT-00431,2025-01-01,2025-01-15,2024-12-01,1431,Brown,2025-02-01,2026-08-01,,0,Fictional flock fixture.
DEV_MIGRATION_FL_00432,DM-FLOCK-00432,DEV_MIGRATION_A_00044,DEV_MIGRATION_F_00088,DEV_MIGRATION_D_00088,DEV_MIGRATION_Q_00088,Egg Production,Active,DM-PERMIT-00432,2025-01-01,2025-01-15,2024-12-01,1432,White,2025-02-01,2026-08-01,,0,Fictional flock fixture.
DEV_MIGRATION_FL_00433,DM-FLOCK-00433,DEV_MIGRATION_A_00044,DEV_MIGRATION_F_00087,DEV_MIGRATION_D_00087,DEV_MIGRATION_Q_00087,Egg Production,Active,DM-PERMIT-00433,2025-01-01,2025-01-15,2024-12-01,1433,Brown,2025-02-01,2026-08-01,,0,Fictional flock fixture.
DEV_MIGRATION_FL_00434,DM-FLOCK-00434,DEV_MIGRATION_A_00044,DEV_MIGRATION_F_00088,DEV_MIGRATION_D_00088,DEV_MIGRATION_Q_00088,Egg Production,Active,DM-PERMIT-00434,2025-01-01,2025-01-15,2024-12-01,1434,White,2025-02-01,2026-08-01,,0,Fictional flock fixture.
DEV_MIGRATION_FL_00435,DM-FLOCK-00435,DEV_MIGRATION_A_00044,DEV_MIGRATION_F_00087,DEV_MIGRATION_D_00087,DEV_MIGRATION_Q_00087,Egg Production,Active,DM-PERMIT-00435,2025-01-01,2025-01-15,2024-12-01,1435,Brown,2025-02-01,2026-08-01,,0,Fictional flock fixture.
DEV_MIGRATION_FL_00436,DM-FLOCK-00436,DEV_MIGRATION_A_00044,DEV_MIGRATION_F_00088,DEV_MIGRATION_D_00088,DEV_MIGRATION_Q_00088,Egg Production,Active,DM-PERMIT-00436,2025-01-01,2025-01-15,2024-12-01,1436,White,2025-02-01,2026-08-01,,0,Fictional flock fixture.
DEV_MIGRATION_FL_00437,DM-FLOCK-00437,DEV_MIGRATION_A_00044,DEV_MIGRATION_F_00087,DEV_MIGRATION_D_00087,DEV_MIGRATION_Q_00087,Egg Production,Active,DM-PERMIT-00437,2025-01-01,2025-01-15,2024-12-01,1437,Brown,2025-02-01,2026-08-01,,0,Fictional flock fixture.
DEV_MIGRATION_FL_00438,DM-FLOCK-00438,DEV_MIGRATION_A_00044,DEV_MIGRATION_F_00088,DEV_MIGRATION_D_00088,DEV_MIGRATION_Q_00088,Egg Production,Active,DM-PERMIT-00438,2025-01-01,2025-01-15,2024-12-01,1438,White,2025-02-01,2026-08-01,,0,Fictional flock fixture.
DEV_MIGRATION_FL_00439,DM-FLOCK-00439,DEV_MIGRATION_A_00044,DEV_MIGRATION_F_00087,DEV_MIGRATION_D_00087,DEV_MIGRATION_Q_00087,Egg Production,Active,DM-PERMIT-00439,2025-01-01,2025-01-15,2024-12-01,1439,Brown,2025-02-01,2026-08-01,,0,Fictional flock fixture.
DEV_MIGRATION_FL_00440,DM-FLOCK-00440,DEV_MIGRATION_A_00044,DEV_MIGRATION_F_00088,DEV_MIGRATION_D_00088,DEV_MIGRATION_Q_00088,Egg Production,Active,DM-PERMIT-00440,2025-01-01,2025-01-15,2024-12-01,1440,White,2025-02-01,2026-08-01,,0,Fictional flock fixture.
DEV_MIGRATION_FL_00441,DM-FLOCK-00441,DEV_MIGRATION_A_00045,DEV_MIGRATION_F_00089,DEV_MIGRATION_D_00089,DEV_MIGRATION_Q_00089,Egg Production,Active,DM-PERMIT-00441,2025-01-01,2025-01-15,2024-12-01,1441,Brown,2025-02-01,2026-08-01,,0,Fictional flock fixture.
DEV_MIGRATION_FL_00442,DM-FLOCK-00442,DEV_MIGRATION_A_00045,DEV_MIGRATION_F_00090,DEV_MIGRATION_D_00090,DEV_MIGRATION_Q_00090,Egg Production,Active,DM-PERMIT-00442,2025-01-01,2025-01-15,2024-12-01,1442,White,2025-02-01,2026-08-01,,0,Fictional flock fixture.
DEV_MIGRATION_FL_00443,DM-FLOCK-00443,DEV_MIGRATION_A_00045,DEV_MIGRATION_F_00089,DEV_MIGRATION_D_00089,DEV_MIGRATION_Q_00089,Egg Production,Active,DM-PERMIT-00443,2025-01-01,2025-01-15,2024-12-01,1443,Brown,2025-02-01,2026-08-01,,0,Fictional flock fixture.
DEV_MIGRATION_FL_00444,DM-FLOCK-00444,DEV_MIGRATION_A_00045,DEV_MIGRATION_F_00090,DEV_MIGRATION_D_00090,DEV_MIGRATION_Q_00090,Egg Production,Active,DM-PERMIT-00444,2025-01-01,2025-01-15,2024-12-01,1444,White,2025-02-01,2026-08-01,,0,Fictional flock fixture.
DEV_MIGRATION_FL_00445,DM-FLOCK-00445,DEV_MIGRATION_A_00045,DEV_MIGRATION_F_00089,DEV_MIGRATION_D_00089,DEV_MIGRATION_Q_00089,Egg Production,Active,DM-PERMIT-00445,2025-01-01,2025-01-15,2024-12-01,1445,Brown,2025-02-01,2026-08-01,,0,Fictional flock fixture.
DEV_MIGRATION_FL_00446,DM-FLOCK-00446,DEV_MIGRATION_A_00045,DEV_MIGRATION_F_00090,DEV_MIGRATION_D_00090,DEV_MIGRATION_Q_00090,Egg Production,Active,DM-PERMIT-00446,2025-01-01,2025-01-15,2024-12-01,1446,White,2025-02-01,2026-08-01,,0,Fictional flock fixture.
DEV_MIGRATION_FL_00447,DM-FLOCK-00447,DEV_MIGRATION_A_00045,DEV_MIGRATION_F_00089,DEV_MIGRATION_D_00089,DEV_MIGRATION_Q_00089,Egg Production,Active,DM-PERMIT-00447,2025-01-01,2025-01-15,2024-12-01,1447,Brown,2025-02-01,2026-08-01,,0,Fictional flock fixture.
DEV_MIGRATION_FL_00448,DM-FLOCK-00448,DEV_MIGRATION_A_00045,DEV_MIGRATION_F_00090,DEV_MIGRATION_D_00090,DEV_MIGRATION_Q_00090,Egg Production,Active,DM-PERMIT-00448,2025-01-01,2025-01-15,2024-12-01,1448,White,2025-02-01,2026-08-01,,0,Fictional flock fixture.
DEV_MIGRATION_FL_00449,DM-FLOCK-00449,DEV_MIGRATION_A_00045,DEV_MIGRATION_F_00089,DEV_MIGRATION_D_00089,DEV_MIGRATION_Q_00089,Egg Production,Active,DM-PERMIT-00449,2025-01-01,2025-01-15,2024-12-01,1449,Brown,2025-02-01,2026-08-01,,0,Fictional flock fixture.
DEV_MIGRATION_FL_00450,DM-FLOCK-00450,DEV_MIGRATION_A_00045,DEV_MIGRATION_F_00090,DEV_MIGRATION_D_00090,DEV_MIGRATION_Q_00090,Egg Production,Active,DM-PERMIT-00450,2025-01-01,2025-01-15,2024-12-01,1450,White,2025-02-01,2026-08-01,,0,Fictional flock fixture.
DEV_MIGRATION_FL_00451,DM-FLOCK-00451,DEV_MIGRATION_A_00046,DEV_MIGRATION_F_00091,DEV_MIGRATION_D_00091,DEV_MIGRATION_Q_00091,Egg Production,Active,DM-PERMIT-00451,2025-01-01,2025-01-15,2024-12-01,1451,Brown,2025-02-01,2026-08-01,,0,Fictional flock fixture.
DEV_MIGRATION_FL_00452,DM-FLOCK-00452,DEV_MIGRATION_A_00046,DEV_MIGRATION_F_00092,DEV_MIGRATION_D_00092,DEV_MIGRATION_Q_00092,Egg Production,Active,DM-PERMIT-00452,2025-01-01,2025-01-15,2024-12-01,1452,White,2025-02-01,2026-08-01,,0,Fictional flock fixture.
DEV_MIGRATION_FL_00453,DM-FLOCK-00453,DEV_MIGRATION_A_00046,DEV_MIGRATION_F_00091,DEV_MIGRATION_D_00091,DEV_MIGRATION_Q_00091,Egg Production,Active,DM-PERMIT-00453,2025-01-01,2025-01-15,2024-12-01,1453,Brown,2025-02-01,2026-08-01,,0,Fictional flock fixture.
DEV_MIGRATION_FL_00454,DM-FLOCK-00454,DEV_MIGRATION_A_00046,DEV_MIGRATION_F_00092,DEV_MIGRATION_D_00092,DEV_MIGRATION_Q_00092,Egg Production,Active,DM-PERMIT-00454,2025-01-01,2025-01-15,2024-12-01,1454,White,2025-02-01,2026-08-01,,0,Fictional flock fixture.
DEV_MIGRATION_FL_00455,DM-FLOCK-00455,DEV_MIGRATION_A_00046,DEV_MIGRATION_F_00091,DEV_MIGRATION_D_00091,DEV_MIGRATION_Q_00091,Egg Production,Active,DM-PERMIT-00455,2025-01-01,2025-01-15,2024-12-01,1455,Brown,2025-02-01,2026-08-01,,0,Fictional flock fixture.
DEV_MIGRATION_FL_00456,DM-FLOCK-00456,DEV_MIGRATION_A_00046,DEV_MIGRATION_F_00092,DEV_MIGRATION_D_00092,DEV_MIGRATION_Q_00092,Egg Production,Active,DM-PERMIT-00456,2025-01-01,2025-01-15,2024-12-01,1456,White,2025-02-01,2026-08-01,,0,Fictional flock fixture.
DEV_MIGRATION_FL_00457,DM-FLOCK-00457,DEV_MIGRATION_A_00046,DEV_MIGRATION_F_00091,DEV_MIGRATION_D_00091,DEV_MIGRATION_Q_00091,Egg Production,Active,DM-PERMIT-00457,2025-01-01,2025-01-15,2024-12-01,1457,Brown,2025-02-01,2026-08-01,,0,Fictional flock fixture.
DEV_MIGRATION_FL_00458,DM-FLOCK-00458,DEV_MIGRATION_A_00046,DEV_MIGRATION_F_00092,DEV_MIGRATION_D_00092,DEV_MIGRATION_Q_00092,Egg Production,Active,DM-PERMIT-00458,2025-01-01,2025-01-15,2024-12-01,1458,White,2025-02-01,2026-08-01,,0,Fictional flock fixture.
DEV_MIGRATION_FL_00459,DM-FLOCK-00459,DEV_MIGRATION_A_00046,DEV_MIGRATION_F_00091,DEV_MIGRATION_D_00091,DEV_MIGRATION_Q_00091,Egg Production,Active,DM-PERMIT-00459,2025-01-01,2025-01-15,2024-12-01,1459,Brown,2025-02-01,2026-08-01,,0,Fictional flock fixture.
DEV_MIGRATION_FL_00460,DM-FLOCK-00460,DEV_MIGRATION_A_00046,DEV_MIGRATION_F_00092,DEV_MIGRATION_D_00092,DEV_MIGRATION_Q_00092,Egg Production,Active,DM-PERMIT-00460,2025-01-01,2025-01-15,2024-12-01,1460,White,2025-02-01,2026-08-01,,0,Fictional flock fixture.
DEV_MIGRATION_FL_00461,DM-FLOCK-00461,DEV_MIGRATION_A_00047,DEV_MIGRATION_F_00093,DEV_MIGRATION_D_00093,DEV_MIGRATION_Q_00093,Egg Production,Active,DM-PERMIT-00461,2025-01-01,2025-01-15,2024-12-01,1461,Brown,2025-02-01,2026-08-01,,0,Fictional flock fixture.
DEV_MIGRATION_FL_00462,DM-FLOCK-00462,DEV_MIGRATION_A_00047,DEV_MIGRATION_F_00094,DEV_MIGRATION_D_00094,DEV_MIGRATION_Q_00094,Egg Production,Active,DM-PERMIT-00462,2025-01-01,2025-01-15,2024-12-01,1462,White,2025-02-01,2026-08-01,,0,Fictional flock fixture.
DEV_MIGRATION_FL_00463,DM-FLOCK-00463,DEV_MIGRATION_A_00047,DEV_MIGRATION_F_00093,DEV_MIGRATION_D_00093,DEV_MIGRATION_Q_00093,Egg Production,Active,DM-PERMIT-00463,2025-01-01,2025-01-15,2024-12-01,1463,Brown,2025-02-01,2026-08-01,,0,Fictional flock fixture.
DEV_MIGRATION_FL_00464,DM-FLOCK-00464,DEV_MIGRATION_A_00047,DEV_MIGRATION_F_00094,DEV_MIGRATION_D_00094,DEV_MIGRATION_Q_00094,Egg Production,Active,DM-PERMIT-00464,2025-01-01,2025-01-15,2024-12-01,1464,White,2025-02-01,2026-08-01,,0,Fictional flock fixture.
DEV_MIGRATION_FL_00465,DM-FLOCK-00465,DEV_MIGRATION_A_00047,DEV_MIGRATION_F_00093,DEV_MIGRATION_D_00093,DEV_MIGRATION_Q_00093,Egg Production,Active,DM-PERMIT-00465,2025-01-01,2025-01-15,2024-12-01,1465,Brown,2025-02-01,2026-08-01,,0,Fictional flock fixture.
DEV_MIGRATION_FL_00466,DM-FLOCK-00466,DEV_MIGRATION_A_00047,DEV_MIGRATION_F_00094,DEV_MIGRATION_D_00094,DEV_MIGRATION_Q_00094,Egg Production,Active,DM-PERMIT-00466,2025-01-01,2025-01-15,2024-12-01,1466,White,2025-02-01,2026-08-01,,0,Fictional flock fixture.
DEV_MIGRATION_FL_00467,DM-FLOCK-00467,DEV_MIGRATION_A_00047,DEV_MIGRATION_F_00093,DEV_MIGRATION_D_00093,DEV_MIGRATION_Q_00093,Egg Production,Active,DM-PERMIT-00467,2025-01-01,2025-01-15,2024-12-01,1467,Brown,2025-02-01,2026-08-01,,0,Fictional flock fixture.
DEV_MIGRATION_FL_00468,DM-FLOCK-00468,DEV_MIGRATION_A_00047,DEV_MIGRATION_F_00094,DEV_MIGRATION_D_00094,DEV_MIGRATION_Q_00094,Egg Production,Active,DM-PERMIT-00468,2025-01-01,2025-01-15,2024-12-01,1468,White,2025-02-01,2026-08-01,,0,Fictional flock fixture.
DEV_MIGRATION_FL_00469,DM-FLOCK-00469,DEV_MIGRATION_A_00047,DEV_MIGRATION_F_00093,DEV_MIGRATION_D_00093,DEV_MIGRATION_Q_00093,Egg Production,Active,DM-PERMIT-00469,2025-01-01,2025-01-15,2024-12-01,1469,Brown,2025-02-01,2026-08-01,,0,Fictional flock fixture.
DEV_MIGRATION_FL_00470,DM-FLOCK-00470,DEV_MIGRATION_A_00047,DEV_MIGRATION_F_00094,DEV_MIGRATION_D_00094,DEV_MIGRATION_Q_00094,Egg Production,Active,DM-PERMIT-00470,2025-01-01,2025-01-15,2024-12-01,1470,White,2025-02-01,2026-08-01,,0,Fictional flock fixture.
DEV_MIGRATION_FL_00471,DM-FLOCK-00471,DEV_MIGRATION_A_00048,DEV_MIGRATION_F_00095,DEV_MIGRATION_D_00095,DEV_MIGRATION_Q_00095,Egg Production,Active,DM-PERMIT-00471,2025-01-01,2025-01-15,2024-12-01,1471,Brown,2025-02-01,2026-08-01,,0,Fictional flock fixture.
DEV_MIGRATION_FL_00472,DM-FLOCK-00472,DEV_MIGRATION_A_00048,DEV_MIGRATION_F_00096,DEV_MIGRATION_D_00096,DEV_MIGRATION_Q_00096,Egg Production,Active,DM-PERMIT-00472,2025-01-01,2025-01-15,2024-12-01,1472,White,2025-02-01,2026-08-01,,0,Fictional flock fixture.
DEV_MIGRATION_FL_00473,DM-FLOCK-00473,DEV_MIGRATION_A_00048,DEV_MIGRATION_F_00095,DEV_MIGRATION_D_00095,DEV_MIGRATION_Q_00095,Egg Production,Active,DM-PERMIT-00473,2025-01-01,2025-01-15,2024-12-01,1473,Brown,2025-02-01,2026-08-01,,0,Fictional flock fixture.
DEV_MIGRATION_FL_00474,DM-FLOCK-00474,DEV_MIGRATION_A_00048,DEV_MIGRATION_F_00096,DEV_MIGRATION_D_00096,DEV_MIGRATION_Q_00096,Egg Production,Active,DM-PERMIT-00474,2025-01-01,2025-01-15,2024-12-01,1474,White,2025-02-01,2026-08-01,,0,Fictional flock fixture.
DEV_MIGRATION_FL_00475,DM-FLOCK-00475,DEV_MIGRATION_A_00048,DEV_MIGRATION_F_00095,DEV_MIGRATION_D_00095,DEV_MIGRATION_Q_00095,Egg Production,Active,DM-PERMIT-00475,2025-01-01,2025-01-15,2024-12-01,1475,Brown,2025-02-01,2026-08-01,,0,Fictional flock fixture.
DEV_MIGRATION_FL_00476,DM-FLOCK-00476,DEV_MIGRATION_A_00048,DEV_MIGRATION_F_00096,DEV_MIGRATION_D_00096,DEV_MIGRATION_Q_00096,Egg Production,Active,DM-PERMIT-00476,2025-01-01,2025-01-15,2024-12-01,1476,White,2025-02-01,2026-08-01,,0,Fictional flock fixture.
DEV_MIGRATION_FL_00477,DM-FLOCK-00477,DEV_MIGRATION_A_00048,DEV_MIGRATION_F_00095,DEV_MIGRATION_D_00095,DEV_MIGRATION_Q_00095,Egg Production,Active,DM-PERMIT-00477,2025-01-01,2025-01-15,2024-12-01,1477,Brown,2025-02-01,2026-08-01,,0,Fictional flock fixture.
DEV_MIGRATION_FL_00478,DM-FLOCK-00478,DEV_MIGRATION_A_00048,DEV_MIGRATION_F_00096,DEV_MIGRATION_D_00096,DEV_MIGRATION_Q_00096,Egg Production,Active,DM-PERMIT-00478,2025-01-01,2025-01-15,2024-12-01,1478,White,2025-02-01,2026-08-01,,0,Fictional flock fixture.
DEV_MIGRATION_FL_00479,DM-FLOCK-00479,DEV_MIGRATION_A_00048,DEV_MIGRATION_F_00095,DEV_MIGRATION_D_00095,DEV_MIGRATION_Q_00095,Egg Production,Active,DM-PERMIT-00479,2025-01-01,2025-01-15,2024-12-01,1479,Brown,2025-02-01,2026-08-01,,0,Fictional flock fixture.
DEV_MIGRATION_FL_00480,DM-FLOCK-00480,DEV_MIGRATION_A_00048,DEV_MIGRATION_F_00096,DEV_MIGRATION_D_00096,DEV_MIGRATION_Q_00096,Egg Production,Active,DM-PERMIT-00480,2025-01-01,2025-01-15,2024-12-01,1480,White,2025-02-01,2026-08-01,,0,Fictional flock fixture.
DEV_MIGRATION_FL_00481,DM-FLOCK-00481,DEV_MIGRATION_A_00049,DEV_MIGRATION_F_00097,DEV_MIGRATION_D_00097,DEV_MIGRATION_Q_00097,Egg Production,Active,DM-PERMIT-00481,2025-01-01,2025-01-15,2024-12-01,1481,Brown,2025-02-01,2026-08-01,,0,Fictional flock fixture.
DEV_MIGRATION_FL_00482,DM-FLOCK-00482,DEV_MIGRATION_A_00049,DEV_MIGRATION_F_00098,DEV_MIGRATION_D_00098,DEV_MIGRATION_Q_00098,Egg Production,Active,DM-PERMIT-00482,2025-01-01,2025-01-15,2024-12-01,1482,White,2025-02-01,2026-08-01,,0,Fictional flock fixture.
DEV_MIGRATION_FL_00483,DM-FLOCK-00483,DEV_MIGRATION_A_00049,DEV_MIGRATION_F_00097,DEV_MIGRATION_D_00097,DEV_MIGRATION_Q_00097,Egg Production,Active,DM-PERMIT-00483,2025-01-01,2025-01-15,2024-12-01,1483,Brown,2025-02-01,2026-08-01,,0,Fictional flock fixture.
DEV_MIGRATION_FL_00484,DM-FLOCK-00484,DEV_MIGRATION_A_00049,DEV_MIGRATION_F_00098,DEV_MIGRATION_D_00098,DEV_MIGRATION_Q_00098,Egg Production,Active,DM-PERMIT-00484,2025-01-01,2025-01-15,2024-12-01,1484,White,2025-02-01,2026-08-01,,0,Fictional flock fixture.
DEV_MIGRATION_FL_00485,DM-FLOCK-00485,DEV_MIGRATION_A_00049,DEV_MIGRATION_F_00097,DEV_MIGRATION_D_00097,DEV_MIGRATION_Q_00097,Egg Production,Active,DM-PERMIT-00485,2025-01-01,2025-01-15,2024-12-01,1485,Brown,2025-02-01,2026-08-01,,0,Fictional flock fixture.
DEV_MIGRATION_FL_00486,DM-FLOCK-00486,DEV_MIGRATION_A_00049,DEV_MIGRATION_F_00098,DEV_MIGRATION_D_00098,DEV_MIGRATION_Q_00098,Egg Production,Active,DM-PERMIT-00486,2025-01-01,2025-01-15,2024-12-01,1486,White,2025-02-01,2026-08-01,,0,Fictional flock fixture.
DEV_MIGRATION_FL_00487,DM-FLOCK-00487,DEV_MIGRATION_A_00049,DEV_MIGRATION_F_00097,DEV_MIGRATION_D_00097,DEV_MIGRATION_Q_00097,Egg Production,Active,DM-PERMIT-00487,2025-01-01,2025-01-15,2024-12-01,1487,Brown,2025-02-01,2026-08-01,,0,Fictional flock fixture.
DEV_MIGRATION_FL_00488,DM-FLOCK-00488,DEV_MIGRATION_A_00049,DEV_MIGRATION_F_00098,DEV_MIGRATION_D_00098,DEV_MIGRATION_Q_00098,Egg Production,Active,DM-PERMIT-00488,2025-01-01,2025-01-15,2024-12-01,1488,White,2025-02-01,2026-08-01,,0,Fictional flock fixture.
DEV_MIGRATION_FL_00489,DM-FLOCK-00489,DEV_MIGRATION_A_00049,DEV_MIGRATION_F_00097,DEV_MIGRATION_D_00097,DEV_MIGRATION_Q_00097,Egg Production,Active,DM-PERMIT-00489,2025-01-01,2025-01-15,2024-12-01,1489,Brown,2025-02-01,2026-08-01,,0,Fictional flock fixture.
DEV_MIGRATION_FL_00490,DM-FLOCK-00490,DEV_MIGRATION_A_00049,DEV_MIGRATION_F_00098,DEV_MIGRATION_D_00098,DEV_MIGRATION_Q_00098,Egg Production,Active,DM-PERMIT-00490,2025-01-01,2025-01-15,2024-12-01,1490,White,2025-02-01,2026-08-01,,0,Fictional flock fixture.
DEV_MIGRATION_FL_00491,DM-FLOCK-00491,DEV_MIGRATION_A_00050,DEV_MIGRATION_F_00099,DEV_MIGRATION_D_00099,DEV_MIGRATION_Q_00099,Egg Production,Active,DM-PERMIT-00491,2025-01-01,2025-01-15,2024-12-01,1491,Brown,2025-02-01,2026-08-01,,0,Fictional flock fixture.
DEV_MIGRATION_FL_00492,DM-FLOCK-00492,DEV_MIGRATION_A_00050,DEV_MIGRATION_F_00100,DEV_MIGRATION_D_00100,DEV_MIGRATION_Q_00100,Egg Production,Active,DM-PERMIT-00492,2025-01-01,2025-01-15,2024-12-01,1492,White,2025-02-01,2026-08-01,,0,Fictional flock fixture.
DEV_MIGRATION_FL_00493,DM-FLOCK-00493,DEV_MIGRATION_A_00050,DEV_MIGRATION_F_00099,DEV_MIGRATION_D_00099,DEV_MIGRATION_Q_00099,Egg Production,Active,DM-PERMIT-00493,2025-01-01,2025-01-15,2024-12-01,1493,Brown,2025-02-01,2026-08-01,,0,Fictional flock fixture.
DEV_MIGRATION_FL_00494,DM-FLOCK-00494,DEV_MIGRATION_A_00050,DEV_MIGRATION_F_00100,DEV_MIGRATION_D_00100,DEV_MIGRATION_Q_00100,Egg Production,Active,DM-PERMIT-00494,2025-01-01,2025-01-15,2024-12-01,1494,White,2025-02-01,2026-08-01,,0,Fictional flock fixture.
DEV_MIGRATION_FL_00495,DM-FLOCK-00495,DEV_MIGRATION_A_00050,DEV_MIGRATION_F_00099,DEV_MIGRATION_D_00099,DEV_MIGRATION_Q_00099,Egg Production,Active,DM-PERMIT-00495,2025-01-01,2025-01-15,2024-12-01,1495,Brown,2025-02-01,2026-08-01,,0,Fictional flock fixture.
DEV_MIGRATION_FL_00496,DM-FLOCK-00496,DEV_MIGRATION_A_00050,DEV_MIGRATION_F_00100,DEV_MIGRATION_D_00100,DEV_MIGRATION_Q_00100,Egg Production,Active,DM-PERMIT-00496,2025-01-01,2025-01-15,2024-12-01,1496,White,2025-02-01,2026-08-01,,0,Fictional flock fixture.
DEV_MIGRATION_FL_00497,DM-FLOCK-00497,DEV_MIGRATION_A_00050,DEV_MIGRATION_F_00099,DEV_MIGRATION_D_00099,DEV_MIGRATION_Q_00099,Egg Production,Active,DM-PERMIT-00497,2025-01-01,2025-01-15,2024-12-01,1497,Brown,2025-02-01,2026-08-01,,0,Fictional flock fixture.
DEV_MIGRATION_FL_00498,DM-FLOCK-00498,DEV_MIGRATION_A_00050,DEV_MIGRATION_F_00100,DEV_MIGRATION_D_00100,DEV_MIGRATION_Q_00100,Egg Production,Active,DM-PERMIT-00498,2025-01-01,2025-01-15,2024-12-01,1498,White,2025-02-01,2026-08-01,,0,Fictional flock fixture.
DEV_MIGRATION_FL_00499,DM-FLOCK-00499,DEV_MIGRATION_A_00050,DEV_MIGRATION_F_00099,DEV_MIGRATION_D_00099,DEV_MIGRATION_Q_00099,Egg Production,Active,DM-PERMIT-00499,2025-01-01,2025-01-15,2024-12-01,1499,Brown,2025-02-01,2026-08-01,,0,Fictional flock fixture.
DEV_MIGRATION_FL_00500,DM-FLOCK-00500,DEV_MIGRATION_A_00050,DEV_MIGRATION_F_00100,DEV_MIGRATION_D_00100,DEV_MIGRATION_Q_00100,Egg Production,Active,DM-PERMIT-00500,2025-01-01,2025-01-15,2024-12-01,1500,White,2025-02-01,2026-08-01,,0,Fictional flock fixture.
