FLOCK_TRANSACTION_ID,FLOCK_ID,TRANSACTION_TYPE,QUANTITY,TRANSACTION_DATE,NOTES
DEV_MIGRATION_FT_00001,DEV_MIGRATION_FL_00001,Count,101,2025-01-01,Fictional transaction fixture.
DEV_MIGRATION_FT_00002,DEV_MIGRATION_FL_00001,Delivery,102,2025-02-02,Fictional transaction fixture.
DEV_MIGRATION_FT_00003,DEV_MIGRATION_FL_00001,Removal,103,2025-03-03,Fictional transaction fixture.
DEV_MIGRATION_FT_00004,DEV_MIGRATION_FL_00001,Sale,104,2025-04-04,Fictional transaction fixture.
DEV_MIGRATION_FT_00005,DEV_MIGRATION_FL_00002,Count,105,2025-05-05,Fictional transaction fixture.
DEV_MIGRATION_FT_00006,DEV_MIGRATION_FL_00002,Delivery,106,2025-06-06,Fictional transaction fixture.
DEV_MIGRATION_FT_00007,DEV_MIGRATION_FL_00002,Removal,107,2025-07-07,Fictional transaction fixture.
DEV_MIGRATION_FT_00008,DEV_MIGRATION_FL_00002,Sale,108,2025-08-08,Fictional transaction fixture.
DEV_MIGRATION_FT_00009,DEV_MIGRATION_FL_00003,Count,109,2025-09-09,Fictional transaction fixture.
DEV_MIGRATION_FT_00010,DEV_MIGRATION_FL_00003,Delivery,110,2025-10-10,Fictional transaction fixture.
DEV_MIGRATION_FT_00011,DEV_MIGRATION_FL_00003,Removal,111,2025-11-11,Fictional transaction fixture.
DEV_MIGRATION_FT_00012,DEV_MIGRATION_FL_00003,Sale,112,2025-12-12,Fictional transaction fixture.
DEV_MIGRATION_FT_00013,DEV_MIGRATION_FL_00004,Count,113,2025-01-13,Fictional transaction fixture.
DEV_MIGRATION_FT_00014,DEV_MIGRATION_FL_00004,Delivery,114,2025-02-14,Fictional transaction fixture.
DEV_MIGRATION_FT_00015,DEV_MIGRATION_FL_00004,Removal,115,2025-03-15,Fictional transaction fixture.
DEV_MIGRATION_FT_00016,DEV_MIGRATION_FL_00004,Sale,116,2025-04-16,Fictional transaction fixture.
DEV_MIGRATION_FT_00017,DEV_MIGRATION_FL_00005,Count,117,2025-05-17,Fictional transaction fixture.
DEV_MIGRATION_FT_00018,DEV_MIGRATION_FL_00005,Delivery,118,2025-06-18,Fictional transaction fixture.
DEV_MIGRATION_FT_00019,DEV_MIGRATION_FL_00005,Removal,119,2025-07-19,Fictional transaction fixture.
DEV_MIGRATION_FT_00020,DEV_MIGRATION_FL_00005,Sale,120,2025-08-20,Fictional transaction fixture.
DEV_MIGRATION_FT_00021,DEV_MIGRATION_FL_00006,Count,121,2025-09-21,Fictional transaction fixture.
DEV_MIGRATION_FT_00022,DEV_MIGRATION_FL_00006,Delivery,122,2025-10-22,Fictional transaction fixture.
DEV_MIGRATION_FT_00023,DEV_MIGRATION_FL_00006,Removal,123,2025-11-23,Fictional transaction fixture.
DEV_MIGRATION_FT_00024,DEV_MIGRATION_FL_00006,Sale,124,2025-12-24,Fictional transaction fixture.
DEV_MIGRATION_FT_00025,DEV_MIGRATION_FL_00007,Count,100,2025-01-25,Fictional transaction fixture.
DEV_MIGRATION_FT_00026,DEV_MIGRATION_FL_00007,Delivery,101,2025-02-26,Fictional transaction fixture.
DEV_MIGRATION_FT_00027,DEV_MIGRATION_FL_00007,Removal,102,2025-03-27,Fictional transaction fixture.
DEV_MIGRATION_FT_00028,DEV_MIGRATION_FL_00007,Sale,103,2025-04-28,Fictional transaction fixture.
DEV_MIGRATION_FT_00029,DEV_MIGRATION_FL_00008,Count,104,2025-05-01,Fictional transaction fixture.
DEV_MIGRATION_FT_00030,DEV_MIGRATION_FL_00008,Delivery,105,2025-06-02,Fictional transaction fixture.
DEV_MIGRATION_FT_00031,DEV_MIGRATION_FL_00008,Removal,106,2025-07-03,Fictional transaction fixture.
DEV_MIGRATION_FT_00032,DEV_MIGRATION_FL_00008,Sale,107,2025-08-04,Fictional transaction fixture.
DEV_MIGRATION_FT_00033,DEV_MIGRATION_FL_00009,Count,108,2025-09-05,Fictional transaction fixture.
DEV_MIGRATION_FT_00034,DEV_MIGRATION_FL_00009,Delivery,109,2025-10-06,Fictional transaction fixture.
DEV_MIGRATION_FT_00035,DEV_MIGRATION_FL_00009,Removal,110,2025-11-07,Fictional transaction fixture.
DEV_MIGRATION_FT_00036,DEV_MIGRATION_FL_00009,Sale,111,2025-12-08,Fictional transaction fixture.
DEV_MIGRATION_FT_00037,DEV_MIGRATION_FL_00010,Count,112,2025-01-09,Fictional transaction fixture.
DEV_MIGRATION_FT_00038,DEV_MIGRATION_FL_00010,Delivery,113,2025-02-10,Fictional transaction fixture.
DEV_MIGRATION_FT_00039,DEV_MIGRATION_FL_00010,Removal,114,2025-03-11,Fictional transaction fixture.
DEV_MIGRATION_FT_00040,DEV_MIGRATION_FL_00010,Sale,115,2025-04-12,Fictional transaction fixture.
DEV_MIGRATION_FT_00041,DEV_MIGRATION_FL_00011,Count,116,2025-05-13,Fictional transaction fixture.
DEV_MIGRATION_FT_00042,DEV_MIGRATION_FL_00011,Delivery,117,2025-06-14,Fictional transaction fixture.
DEV_MIGRATION_FT_00043,DEV_MIGRATION_FL_00011,Removal,118,2025-07-15,Fictional transaction fixture.
DEV_MIGRATION_FT_00044,DEV_MIGRATION_FL_00011,Sale,119,2025-08-16,Fictional transaction fixture.
DEV_MIGRATION_FT_00045,DEV_MIGRATION_FL_00012,Count,120,2025-09-17,Fictional transaction fixture.
DEV_MIGRATION_FT_00046,DEV_MIGRATION_FL_00012,Delivery,121,2025-10-18,Fictional transaction fixture.
DEV_MIGRATION_FT_00047,DEV_MIGRATION_FL_00012,Removal,122,2025-11-19,Fictional transaction fixture.
DEV_MIGRATION_FT_00048,DEV_MIGRATION_FL_00012,Sale,123,2025-12-20,Fictional transaction fixture.
DEV_MIGRATION_FT_00049,DEV_MIGRATION_FL_00013,Count,124,2025-01-21,Fictional transaction fixture.
DEV_MIGRATION_FT_00050,DEV_MIGRATION_FL_00013,Delivery,100,2025-02-22,Fictional transaction fixture.
DEV_MIGRATION_FT_00051,DEV_MIGRATION_FL_00013,Removal,101,2025-03-23,Fictional transaction fixture.
DEV_MIGRATION_FT_00052,DEV_MIGRATION_FL_00013,Sale,102,2025-04-24,Fictional transaction fixture.
DEV_MIGRATION_FT_00053,DEV_MIGRATION_FL_00014,Count,103,2025-05-25,Fictional transaction fixture.
DEV_MIGRATION_FT_00054,DEV_MIGRATION_FL_00014,Delivery,104,2025-06-26,Fictional transaction fixture.
DEV_MIGRATION_FT_00055,DEV_MIGRATION_FL_00014,Removal,105,2025-07-27,Fictional transaction fixture.
DEV_MIGRATION_FT_00056,DEV_MIGRATION_FL_00014,Sale,106,2025-08-28,Fictional transaction fixture.
DEV_MIGRATION_FT_00057,DEV_MIGRATION_FL_00015,Count,107,2025-09-01,Fictional transaction fixture.
DEV_MIGRATION_FT_00058,DEV_MIGRATION_FL_00015,Delivery,108,2025-10-02,Fictional transaction fixture.
DEV_MIGRATION_FT_00059,DEV_MIGRATION_FL_00015,Removal,109,2025-11-03,Fictional transaction fixture.
DEV_MIGRATION_FT_00060,DEV_MIGRATION_FL_00015,Sale,110,2025-12-04,Fictional transaction fixture.
DEV_MIGRATION_FT_00061,DEV_MIGRATION_FL_00016,Count,111,2025-01-05,Fictional transaction fixture.
DEV_MIGRATION_FT_00062,DEV_MIGRATION_FL_00016,Delivery,112,2025-02-06,Fictional transaction fixture.
DEV_MIGRATION_FT_00063,DEV_MIGRATION_FL_00016,Removal,113,2025-03-07,Fictional transaction fixture.
DEV_MIGRATION_FT_00064,DEV_MIGRATION_FL_00016,Sale,114,2025-04-08,Fictional transaction fixture.
DEV_MIGRATION_FT_00065,DEV_MIGRATION_FL_00017,Count,115,2025-05-09,Fictional transaction fixture.
DEV_MIGRATION_FT_00066,DEV_MIGRATION_FL_00017,Delivery,116,2025-06-10,Fictional transaction fixture.
DEV_MIGRATION_FT_00067,DEV_MIGRATION_FL_00017,Removal,117,2025-07-11,Fictional transaction fixture.
DEV_MIGRATION_FT_00068,DEV_MIGRATION_FL_00017,Sale,118,2025-08-12,Fictional transaction fixture.
DEV_MIGRATION_FT_00069,DEV_MIGRATION_FL_00018,Count,119,2025-09-13,Fictional transaction fixture.
DEV_MIGRATION_FT_00070,DEV_MIGRATION_FL_00018,Delivery,120,2025-10-14,Fictional transaction fixture.
DEV_MIGRATION_FT_00071,DEV_MIGRATION_FL_00018,Removal,121,2025-11-15,Fictional transaction fixture.
DEV_MIGRATION_FT_00072,DEV_MIGRATION_FL_00018,Sale,122,2025-12-16,Fictional transaction fixture.
DEV_MIGRATION_FT_00073,DEV_MIGRATION_FL_00019,Count,123,2025-01-17,Fictional transaction fixture.
DEV_MIGRATION_FT_00074,DEV_MIGRATION_FL_00019,Delivery,124,2025-02-18,Fictional transaction fixture.
DEV_MIGRATION_FT_00075,DEV_MIGRATION_FL_00019,Removal,100,2025-03-19,Fictional transaction fixture.
DEV_MIGRATION_FT_00076,DEV_MIGRATION_FL_00019,Sale,101,2025-04-20,Fictional transaction fixture.
DEV_MIGRATION_FT_00077,DEV_MIGRATION_FL_00020,Count,102,2025-05-21,Fictional transaction fixture.
DEV_MIGRATION_FT_00078,DEV_MIGRATION_FL_00020,Delivery,103,2025-06-22,Fictional transaction fixture.
DEV_MIGRATION_FT_00079,DEV_MIGRATION_FL_00020,Removal,104,2025-07-23,Fictional transaction fixture.
DEV_MIGRATION_FT_00080,DEV_MIGRATION_FL_00020,Sale,105,2025-08-24,Fictional transaction fixture.
DEV_MIGRATION_FT_00081,DEV_MIGRATION_FL_00021,Count,106,2025-09-25,Fictional transaction fixture.
DEV_MIGRATION_FT_00082,DEV_MIGRATION_FL_00021,Delivery,107,2025-10-26,Fictional transaction fixture.
DEV_MIGRATION_FT_00083,DEV_MIGRATION_FL_00021,Removal,108,2025-11-27,Fictional transaction fixture.
DEV_MIGRATION_FT_00084,DEV_MIGRATION_FL_00021,Sale,109,2025-12-28,Fictional transaction fixture.
DEV_MIGRATION_FT_00085,DEV_MIGRATION_FL_00022,Count,110,2025-01-01,Fictional transaction fixture.
DEV_MIGRATION_FT_00086,DEV_MIGRATION_FL_00022,Delivery,111,2025-02-02,Fictional transaction fixture.
DEV_MIGRATION_FT_00087,DEV_MIGRATION_FL_00022,Removal,112,2025-03-03,Fictional transaction fixture.
DEV_MIGRATION_FT_00088,DEV_MIGRATION_FL_00022,Sale,113,2025-04-04,Fictional transaction fixture.
DEV_MIGRATION_FT_00089,DEV_MIGRATION_FL_00023,Count,114,2025-05-05,Fictional transaction fixture.
DEV_MIGRATION_FT_00090,DEV_MIGRATION_FL_00023,Delivery,115,2025-06-06,Fictional transaction fixture.
DEV_MIGRATION_FT_00091,DEV_MIGRATION_FL_00023,Removal,116,2025-07-07,Fictional transaction fixture.
DEV_MIGRATION_FT_00092,DEV_MIGRATION_FL_00023,Sale,117,2025-08-08,Fictional transaction fixture.
DEV_MIGRATION_FT_00093,DEV_MIGRATION_FL_00024,Count,118,2025-09-09,Fictional transaction fixture.
DEV_MIGRATION_FT_00094,DEV_MIGRATION_FL_00024,Delivery,119,2025-10-10,Fictional transaction fixture.
DEV_MIGRATION_FT_00095,DEV_MIGRATION_FL_00024,Removal,120,2025-11-11,Fictional transaction fixture.
DEV_MIGRATION_FT_00096,DEV_MIGRATION_FL_00024,Sale,121,2025-12-12,Fictional transaction fixture.
DEV_MIGRATION_FT_00097,DEV_MIGRATION_FL_00025,Count,122,2025-01-13,Fictional transaction fixture.
DEV_MIGRATION_FT_00098,DEV_MIGRATION_FL_00025,Delivery,123,2025-02-14,Fictional transaction fixture.
DEV_MIGRATION_FT_00099,DEV_MIGRATION_FL_00025,Removal,124,2025-03-15,Fictional transaction fixture.
DEV_MIGRATION_FT_00100,DEV_MIGRATION_FL_00025,Sale,100,2025-04-16,Fictional transaction fixture.
DEV_MIGRATION_FT_00101,DEV_MIGRATION_FL_00026,Count,101,2025-05-17,Fictional transaction fixture.
DEV_MIGRATION_FT_00102,DEV_MIGRATION_FL_00026,Delivery,102,2025-06-18,Fictional transaction fixture.
DEV_MIGRATION_FT_00103,DEV_MIGRATION_FL_00026,Removal,103,2025-07-19,Fictional transaction fixture.
DEV_MIGRATION_FT_00104,DEV_MIGRATION_FL_00026,Sale,104,2025-08-20,Fictional transaction fixture.
DEV_MIGRATION_FT_00105,DEV_MIGRATION_FL_00027,Count,105,2025-09-21,Fictional transaction fixture.
DEV_MIGRATION_FT_00106,DEV_MIGRATION_FL_00027,Delivery,106,2025-10-22,Fictional transaction fixture.
DEV_MIGRATION_FT_00107,DEV_MIGRATION_FL_00027,Removal,107,2025-11-23,Fictional transaction fixture.
DEV_MIGRATION_FT_00108,DEV_MIGRATION_FL_00027,Sale,108,2025-12-24,Fictional transaction fixture.
DEV_MIGRATION_FT_00109,DEV_MIGRATION_FL_00028,Count,109,2025-01-25,Fictional transaction fixture.
DEV_MIGRATION_FT_00110,DEV_MIGRATION_FL_00028,Delivery,110,2025-02-26,Fictional transaction fixture.
DEV_MIGRATION_FT_00111,DEV_MIGRATION_FL_00028,Removal,111,2025-03-27,Fictional transaction fixture.
DEV_MIGRATION_FT_00112,DEV_MIGRATION_FL_00028,Sale,112,2025-04-28,Fictional transaction fixture.
DEV_MIGRATION_FT_00113,DEV_MIGRATION_FL_00029,Count,113,2025-05-01,Fictional transaction fixture.
DEV_MIGRATION_FT_00114,DEV_MIGRATION_FL_00029,Delivery,114,2025-06-02,Fictional transaction fixture.
DEV_MIGRATION_FT_00115,DEV_MIGRATION_FL_00029,Removal,115,2025-07-03,Fictional transaction fixture.
DEV_MIGRATION_FT_00116,DEV_MIGRATION_FL_00029,Sale,116,2025-08-04,Fictional transaction fixture.
DEV_MIGRATION_FT_00117,DEV_MIGRATION_FL_00030,Count,117,2025-09-05,Fictional transaction fixture.
DEV_MIGRATION_FT_00118,DEV_MIGRATION_FL_00030,Delivery,118,2025-10-06,Fictional transaction fixture.
DEV_MIGRATION_FT_00119,DEV_MIGRATION_FL_00030,Removal,119,2025-11-07,Fictional transaction fixture.
DEV_MIGRATION_FT_00120,DEV_MIGRATION_FL_00030,Sale,120,2025-12-08,Fictional transaction fixture.
DEV_MIGRATION_FT_00121,DEV_MIGRATION_FL_00031,Count,121,2025-01-09,Fictional transaction fixture.
DEV_MIGRATION_FT_00122,DEV_MIGRATION_FL_00031,Delivery,122,2025-02-10,Fictional transaction fixture.
DEV_MIGRATION_FT_00123,DEV_MIGRATION_FL_00031,Removal,123,2025-03-11,Fictional transaction fixture.
DEV_MIGRATION_FT_00124,DEV_MIGRATION_FL_00031,Sale,124,2025-04-12,Fictional transaction fixture.
DEV_MIGRATION_FT_00125,DEV_MIGRATION_FL_00032,Count,100,2025-05-13,Fictional transaction fixture.
DEV_MIGRATION_FT_00126,DEV_MIGRATION_FL_00032,Delivery,101,2025-06-14,Fictional transaction fixture.
DEV_MIGRATION_FT_00127,DEV_MIGRATION_FL_00032,Removal,102,2025-07-15,Fictional transaction fixture.
DEV_MIGRATION_FT_00128,DEV_MIGRATION_FL_00032,Sale,103,2025-08-16,Fictional transaction fixture.
DEV_MIGRATION_FT_00129,DEV_MIGRATION_FL_00033,Count,104,2025-09-17,Fictional transaction fixture.
DEV_MIGRATION_FT_00130,DEV_MIGRATION_FL_00033,Delivery,105,2025-10-18,Fictional transaction fixture.
DEV_MIGRATION_FT_00131,DEV_MIGRATION_FL_00033,Removal,106,2025-11-19,Fictional transaction fixture.
DEV_MIGRATION_FT_00132,DEV_MIGRATION_FL_00033,Sale,107,2025-12-20,Fictional transaction fixture.
DEV_MIGRATION_FT_00133,DEV_MIGRATION_FL_00034,Count,108,2025-01-21,Fictional transaction fixture.
DEV_MIGRATION_FT_00134,DEV_MIGRATION_FL_00034,Delivery,109,2025-02-22,Fictional transaction fixture.
DEV_MIGRATION_FT_00135,DEV_MIGRATION_FL_00034,Removal,110,2025-03-23,Fictional transaction fixture.
DEV_MIGRATION_FT_00136,DEV_MIGRATION_FL_00034,Sale,111,2025-04-24,Fictional transaction fixture.
DEV_MIGRATION_FT_00137,DEV_MIGRATION_FL_00035,Count,112,2025-05-25,Fictional transaction fixture.
DEV_MIGRATION_FT_00138,DEV_MIGRATION_FL_00035,Delivery,113,2025-06-26,Fictional transaction fixture.
DEV_MIGRATION_FT_00139,DEV_MIGRATION_FL_00035,Removal,114,2025-07-27,Fictional transaction fixture.
DEV_MIGRATION_FT_00140,DEV_MIGRATION_FL_00035,Sale,115,2025-08-28,Fictional transaction fixture.
DEV_MIGRATION_FT_00141,DEV_MIGRATION_FL_00036,Count,116,2025-09-01,Fictional transaction fixture.
DEV_MIGRATION_FT_00142,DEV_MIGRATION_FL_00036,Delivery,117,2025-10-02,Fictional transaction fixture.
DEV_MIGRATION_FT_00143,DEV_MIGRATION_FL_00036,Removal,118,2025-11-03,Fictional transaction fixture.
DEV_MIGRATION_FT_00144,DEV_MIGRATION_FL_00036,Sale,119,2025-12-04,Fictional transaction fixture.
DEV_MIGRATION_FT_00145,DEV_MIGRATION_FL_00037,Count,120,2025-01-05,Fictional transaction fixture.
DEV_MIGRATION_FT_00146,DEV_MIGRATION_FL_00037,Delivery,121,2025-02-06,Fictional transaction fixture.
DEV_MIGRATION_FT_00147,DEV_MIGRATION_FL_00037,Removal,122,2025-03-07,Fictional transaction fixture.
DEV_MIGRATION_FT_00148,DEV_MIGRATION_FL_00037,Sale,123,2025-04-08,Fictional transaction fixture.
DEV_MIGRATION_FT_00149,DEV_MIGRATION_FL_00038,Count,124,2025-05-09,Fictional transaction fixture.
DEV_MIGRATION_FT_00150,DEV_MIGRATION_FL_00038,Delivery,100,2025-06-10,Fictional transaction fixture.
DEV_MIGRATION_FT_00151,DEV_MIGRATION_FL_00038,Removal,101,2025-07-11,Fictional transaction fixture.
DEV_MIGRATION_FT_00152,DEV_MIGRATION_FL_00038,Sale,102,2025-08-12,Fictional transaction fixture.
DEV_MIGRATION_FT_00153,DEV_MIGRATION_FL_00039,Count,103,2025-09-13,Fictional transaction fixture.
DEV_MIGRATION_FT_00154,DEV_MIGRATION_FL_00039,Delivery,104,2025-10-14,Fictional transaction fixture.
DEV_MIGRATION_FT_00155,DEV_MIGRATION_FL_00039,Removal,105,2025-11-15,Fictional transaction fixture.
DEV_MIGRATION_FT_00156,DEV_MIGRATION_FL_00039,Sale,106,2025-12-16,Fictional transaction fixture.
DEV_MIGRATION_FT_00157,DEV_MIGRATION_FL_00040,Count,107,2025-01-17,Fictional transaction fixture.
DEV_MIGRATION_FT_00158,DEV_MIGRATION_FL_00040,Delivery,108,2025-02-18,Fictional transaction fixture.
DEV_MIGRATION_FT_00159,DEV_MIGRATION_FL_00040,Removal,109,2025-03-19,Fictional transaction fixture.
DEV_MIGRATION_FT_00160,DEV_MIGRATION_FL_00040,Sale,110,2025-04-20,Fictional transaction fixture.
DEV_MIGRATION_FT_00161,DEV_MIGRATION_FL_00041,Count,111,2025-05-21,Fictional transaction fixture.
DEV_MIGRATION_FT_00162,DEV_MIGRATION_FL_00041,Delivery,112,2025-06-22,Fictional transaction fixture.
DEV_MIGRATION_FT_00163,DEV_MIGRATION_FL_00041,Removal,113,2025-07-23,Fictional transaction fixture.
DEV_MIGRATION_FT_00164,DEV_MIGRATION_FL_00041,Sale,114,2025-08-24,Fictional transaction fixture.
DEV_MIGRATION_FT_00165,DEV_MIGRATION_FL_00042,Count,115,2025-09-25,Fictional transaction fixture.
DEV_MIGRATION_FT_00166,DEV_MIGRATION_FL_00042,Delivery,116,2025-10-26,Fictional transaction fixture.
DEV_MIGRATION_FT_00167,DEV_MIGRATION_FL_00042,Removal,117,2025-11-27,Fictional transaction fixture.
DEV_MIGRATION_FT_00168,DEV_MIGRATION_FL_00042,Sale,118,2025-12-28,Fictional transaction fixture.
DEV_MIGRATION_FT_00169,DEV_MIGRATION_FL_00043,Count,119,2025-01-01,Fictional transaction fixture.
DEV_MIGRATION_FT_00170,DEV_MIGRATION_FL_00043,Delivery,120,2025-02-02,Fictional transaction fixture.
DEV_MIGRATION_FT_00171,DEV_MIGRATION_FL_00043,Removal,121,2025-03-03,Fictional transaction fixture.
DEV_MIGRATION_FT_00172,DEV_MIGRATION_FL_00043,Sale,122,2025-04-04,Fictional transaction fixture.
DEV_MIGRATION_FT_00173,DEV_MIGRATION_FL_00044,Count,123,2025-05-05,Fictional transaction fixture.
DEV_MIGRATION_FT_00174,DEV_MIGRATION_FL_00044,Delivery,124,2025-06-06,Fictional transaction fixture.
DEV_MIGRATION_FT_00175,DEV_MIGRATION_FL_00044,Removal,100,2025-07-07,Fictional transaction fixture.
DEV_MIGRATION_FT_00176,DEV_MIGRATION_FL_00044,Sale,101,2025-08-08,Fictional transaction fixture.
DEV_MIGRATION_FT_00177,DEV_MIGRATION_FL_00045,Count,102,2025-09-09,Fictional transaction fixture.
DEV_MIGRATION_FT_00178,DEV_MIGRATION_FL_00045,Delivery,103,2025-10-10,Fictional transaction fixture.
DEV_MIGRATION_FT_00179,DEV_MIGRATION_FL_00045,Removal,104,2025-11-11,Fictional transaction fixture.
DEV_MIGRATION_FT_00180,DEV_MIGRATION_FL_00045,Sale,105,2025-12-12,Fictional transaction fixture.
DEV_MIGRATION_FT_00181,DEV_MIGRATION_FL_00046,Count,106,2025-01-13,Fictional transaction fixture.
DEV_MIGRATION_FT_00182,DEV_MIGRATION_FL_00046,Delivery,107,2025-02-14,Fictional transaction fixture.
DEV_MIGRATION_FT_00183,DEV_MIGRATION_FL_00046,Removal,108,2025-03-15,Fictional transaction fixture.
DEV_MIGRATION_FT_00184,DEV_MIGRATION_FL_00046,Sale,109,2025-04-16,Fictional transaction fixture.
DEV_MIGRATION_FT_00185,DEV_MIGRATION_FL_00047,Count,110,2025-05-17,Fictional transaction fixture.
DEV_MIGRATION_FT_00186,DEV_MIGRATION_FL_00047,Delivery,111,2025-06-18,Fictional transaction fixture.
DEV_MIGRATION_FT_00187,DEV_MIGRATION_FL_00047,Removal,112,2025-07-19,Fictional transaction fixture.
DEV_MIGRATION_FT_00188,DEV_MIGRATION_FL_00047,Sale,113,2025-08-20,Fictional transaction fixture.
DEV_MIGRATION_FT_00189,DEV_MIGRATION_FL_00048,Count,114,2025-09-21,Fictional transaction fixture.
DEV_MIGRATION_FT_00190,DEV_MIGRATION_FL_00048,Delivery,115,2025-10-22,Fictional transaction fixture.
DEV_MIGRATION_FT_00191,DEV_MIGRATION_FL_00048,Removal,116,2025-11-23,Fictional transaction fixture.
DEV_MIGRATION_FT_00192,DEV_MIGRATION_FL_00048,Sale,117,2025-12-24,Fictional transaction fixture.
DEV_MIGRATION_FT_00193,DEV_MIGRATION_FL_00049,Count,118,2025-01-25,Fictional transaction fixture.
DEV_MIGRATION_FT_00194,DEV_MIGRATION_FL_00049,Delivery,119,2025-02-26,Fictional transaction fixture.
DEV_MIGRATION_FT_00195,DEV_MIGRATION_FL_00049,Removal,120,2025-03-27,Fictional transaction fixture.
DEV_MIGRATION_FT_00196,DEV_MIGRATION_FL_00049,Sale,121,2025-04-28,Fictional transaction fixture.
DEV_MIGRATION_FT_00197,DEV_MIGRATION_FL_00050,Count,122,2025-05-01,Fictional transaction fixture.
DEV_MIGRATION_FT_00198,DEV_MIGRATION_FL_00050,Delivery,123,2025-06-02,Fictional transaction fixture.
DEV_MIGRATION_FT_00199,DEV_MIGRATION_FL_00050,Removal,124,2025-07-03,Fictional transaction fixture.
DEV_MIGRATION_FT_00200,DEV_MIGRATION_FL_00050,Sale,100,2025-08-04,Fictional transaction fixture.
DEV_MIGRATION_FT_00201,DEV_MIGRATION_FL_00051,Count,101,2025-09-05,Fictional transaction fixture.
DEV_MIGRATION_FT_00202,DEV_MIGRATION_FL_00051,Delivery,102,2025-10-06,Fictional transaction fixture.
DEV_MIGRATION_FT_00203,DEV_MIGRATION_FL_00051,Removal,103,2025-11-07,Fictional transaction fixture.
DEV_MIGRATION_FT_00204,DEV_MIGRATION_FL_00051,Sale,104,2025-12-08,Fictional transaction fixture.
DEV_MIGRATION_FT_00205,DEV_MIGRATION_FL_00052,Count,105,2025-01-09,Fictional transaction fixture.
DEV_MIGRATION_FT_00206,DEV_MIGRATION_FL_00052,Delivery,106,2025-02-10,Fictional transaction fixture.
DEV_MIGRATION_FT_00207,DEV_MIGRATION_FL_00052,Removal,107,2025-03-11,Fictional transaction fixture.
DEV_MIGRATION_FT_00208,DEV_MIGRATION_FL_00052,Sale,108,2025-04-12,Fictional transaction fixture.
DEV_MIGRATION_FT_00209,DEV_MIGRATION_FL_00053,Count,109,2025-05-13,Fictional transaction fixture.
DEV_MIGRATION_FT_00210,DEV_MIGRATION_FL_00053,Delivery,110,2025-06-14,Fictional transaction fixture.
DEV_MIGRATION_FT_00211,DEV_MIGRATION_FL_00053,Removal,111,2025-07-15,Fictional transaction fixture.
DEV_MIGRATION_FT_00212,DEV_MIGRATION_FL_00053,Sale,112,2025-08-16,Fictional transaction fixture.
DEV_MIGRATION_FT_00213,DEV_MIGRATION_FL_00054,Count,113,2025-09-17,Fictional transaction fixture.
DEV_MIGRATION_FT_00214,DEV_MIGRATION_FL_00054,Delivery,114,2025-10-18,Fictional transaction fixture.
DEV_MIGRATION_FT_00215,DEV_MIGRATION_FL_00054,Removal,115,2025-11-19,Fictional transaction fixture.
DEV_MIGRATION_FT_00216,DEV_MIGRATION_FL_00054,Sale,116,2025-12-20,Fictional transaction fixture.
DEV_MIGRATION_FT_00217,DEV_MIGRATION_FL_00055,Count,117,2025-01-21,Fictional transaction fixture.
DEV_MIGRATION_FT_00218,DEV_MIGRATION_FL_00055,Delivery,118,2025-02-22,Fictional transaction fixture.
DEV_MIGRATION_FT_00219,DEV_MIGRATION_FL_00055,Removal,119,2025-03-23,Fictional transaction fixture.
DEV_MIGRATION_FT_00220,DEV_MIGRATION_FL_00055,Sale,120,2025-04-24,Fictional transaction fixture.
DEV_MIGRATION_FT_00221,DEV_MIGRATION_FL_00056,Count,121,2025-05-25,Fictional transaction fixture.
DEV_MIGRATION_FT_00222,DEV_MIGRATION_FL_00056,Delivery,122,2025-06-26,Fictional transaction fixture.
DEV_MIGRATION_FT_00223,DEV_MIGRATION_FL_00056,Removal,123,2025-07-27,Fictional transaction fixture.
DEV_MIGRATION_FT_00224,DEV_MIGRATION_FL_00056,Sale,124,2025-08-28,Fictional transaction fixture.
DEV_MIGRATION_FT_00225,DEV_MIGRATION_FL_00057,Count,100,2025-09-01,Fictional transaction fixture.
DEV_MIGRATION_FT_00226,DEV_MIGRATION_FL_00057,Delivery,101,2025-10-02,Fictional transaction fixture.
DEV_MIGRATION_FT_00227,DEV_MIGRATION_FL_00057,Removal,102,2025-11-03,Fictional transaction fixture.
DEV_MIGRATION_FT_00228,DEV_MIGRATION_FL_00057,Sale,103,2025-12-04,Fictional transaction fixture.
DEV_MIGRATION_FT_00229,DEV_MIGRATION_FL_00058,Count,104,2025-01-05,Fictional transaction fixture.
DEV_MIGRATION_FT_00230,DEV_MIGRATION_FL_00058,Delivery,105,2025-02-06,Fictional transaction fixture.
DEV_MIGRATION_FT_00231,DEV_MIGRATION_FL_00058,Removal,106,2025-03-07,Fictional transaction fixture.
DEV_MIGRATION_FT_00232,DEV_MIGRATION_FL_00058,Sale,107,2025-04-08,Fictional transaction fixture.
DEV_MIGRATION_FT_00233,DEV_MIGRATION_FL_00059,Count,108,2025-05-09,Fictional transaction fixture.
DEV_MIGRATION_FT_00234,DEV_MIGRATION_FL_00059,Delivery,109,2025-06-10,Fictional transaction fixture.
DEV_MIGRATION_FT_00235,DEV_MIGRATION_FL_00059,Removal,110,2025-07-11,Fictional transaction fixture.
DEV_MIGRATION_FT_00236,DEV_MIGRATION_FL_00059,Sale,111,2025-08-12,Fictional transaction fixture.
DEV_MIGRATION_FT_00237,DEV_MIGRATION_FL_00060,Count,112,2025-09-13,Fictional transaction fixture.
DEV_MIGRATION_FT_00238,DEV_MIGRATION_FL_00060,Delivery,113,2025-10-14,Fictional transaction fixture.
DEV_MIGRATION_FT_00239,DEV_MIGRATION_FL_00060,Removal,114,2025-11-15,Fictional transaction fixture.
DEV_MIGRATION_FT_00240,DEV_MIGRATION_FL_00060,Sale,115,2025-12-16,Fictional transaction fixture.
DEV_MIGRATION_FT_00241,DEV_MIGRATION_FL_00061,Count,116,2025-01-17,Fictional transaction fixture.
DEV_MIGRATION_FT_00242,DEV_MIGRATION_FL_00061,Delivery,117,2025-02-18,Fictional transaction fixture.
DEV_MIGRATION_FT_00243,DEV_MIGRATION_FL_00061,Removal,118,2025-03-19,Fictional transaction fixture.
DEV_MIGRATION_FT_00244,DEV_MIGRATION_FL_00061,Sale,119,2025-04-20,Fictional transaction fixture.
DEV_MIGRATION_FT_00245,DEV_MIGRATION_FL_00062,Count,120,2025-05-21,Fictional transaction fixture.
DEV_MIGRATION_FT_00246,DEV_MIGRATION_FL_00062,Delivery,121,2025-06-22,Fictional transaction fixture.
DEV_MIGRATION_FT_00247,DEV_MIGRATION_FL_00062,Removal,122,2025-07-23,Fictional transaction fixture.
DEV_MIGRATION_FT_00248,DEV_MIGRATION_FL_00062,Sale,123,2025-08-24,Fictional transaction fixture.
DEV_MIGRATION_FT_00249,DEV_MIGRATION_FL_00063,Count,124,2025-09-25,Fictional transaction fixture.
DEV_MIGRATION_FT_00250,DEV_MIGRATION_FL_00063,Delivery,100,2025-10-26,Fictional transaction fixture.
DEV_MIGRATION_FT_00251,DEV_MIGRATION_FL_00063,Removal,101,2025-11-27,Fictional transaction fixture.
DEV_MIGRATION_FT_00252,DEV_MIGRATION_FL_00063,Sale,102,2025-12-28,Fictional transaction fixture.
DEV_MIGRATION_FT_00253,DEV_MIGRATION_FL_00064,Count,103,2025-01-01,Fictional transaction fixture.
DEV_MIGRATION_FT_00254,DEV_MIGRATION_FL_00064,Delivery,104,2025-02-02,Fictional transaction fixture.
DEV_MIGRATION_FT_00255,DEV_MIGRATION_FL_00064,Removal,105,2025-03-03,Fictional transaction fixture.
DEV_MIGRATION_FT_00256,DEV_MIGRATION_FL_00064,Sale,106,2025-04-04,Fictional transaction fixture.
DEV_MIGRATION_FT_00257,DEV_MIGRATION_FL_00065,Count,107,2025-05-05,Fictional transaction fixture.
DEV_MIGRATION_FT_00258,DEV_MIGRATION_FL_00065,Delivery,108,2025-06-06,Fictional transaction fixture.
DEV_MIGRATION_FT_00259,DEV_MIGRATION_FL_00065,Removal,109,2025-07-07,Fictional transaction fixture.
DEV_MIGRATION_FT_00260,DEV_MIGRATION_FL_00065,Sale,110,2025-08-08,Fictional transaction fixture.
DEV_MIGRATION_FT_00261,DEV_MIGRATION_FL_00066,Count,111,2025-09-09,Fictional transaction fixture.
DEV_MIGRATION_FT_00262,DEV_MIGRATION_FL_00066,Delivery,112,2025-10-10,Fictional transaction fixture.
DEV_MIGRATION_FT_00263,DEV_MIGRATION_FL_00066,Removal,113,2025-11-11,Fictional transaction fixture.
DEV_MIGRATION_FT_00264,DEV_MIGRATION_FL_00066,Sale,114,2025-12-12,Fictional transaction fixture.
DEV_MIGRATION_FT_00265,DEV_MIGRATION_FL_00067,Count,115,2025-01-13,Fictional transaction fixture.
DEV_MIGRATION_FT_00266,DEV_MIGRATION_FL_00067,Delivery,116,2025-02-14,Fictional transaction fixture.
DEV_MIGRATION_FT_00267,DEV_MIGRATION_FL_00067,Removal,117,2025-03-15,Fictional transaction fixture.
DEV_MIGRATION_FT_00268,DEV_MIGRATION_FL_00067,Sale,118,2025-04-16,Fictional transaction fixture.
DEV_MIGRATION_FT_00269,DEV_MIGRATION_FL_00068,Count,119,2025-05-17,Fictional transaction fixture.
DEV_MIGRATION_FT_00270,DEV_MIGRATION_FL_00068,Delivery,120,2025-06-18,Fictional transaction fixture.
DEV_MIGRATION_FT_00271,DEV_MIGRATION_FL_00068,Removal,121,2025-07-19,Fictional transaction fixture.
DEV_MIGRATION_FT_00272,DEV_MIGRATION_FL_00068,Sale,122,2025-08-20,Fictional transaction fixture.
DEV_MIGRATION_FT_00273,DEV_MIGRATION_FL_00069,Count,123,2025-09-21,Fictional transaction fixture.
DEV_MIGRATION_FT_00274,DEV_MIGRATION_FL_00069,Delivery,124,2025-10-22,Fictional transaction fixture.
DEV_MIGRATION_FT_00275,DEV_MIGRATION_FL_00069,Removal,100,2025-11-23,Fictional transaction fixture.
DEV_MIGRATION_FT_00276,DEV_MIGRATION_FL_00069,Sale,101,2025-12-24,Fictional transaction fixture.
DEV_MIGRATION_FT_00277,DEV_MIGRATION_FL_00070,Count,102,2025-01-25,Fictional transaction fixture.
DEV_MIGRATION_FT_00278,DEV_MIGRATION_FL_00070,Delivery,103,2025-02-26,Fictional transaction fixture.
DEV_MIGRATION_FT_00279,DEV_MIGRATION_FL_00070,Removal,104,2025-03-27,Fictional transaction fixture.
DEV_MIGRATION_FT_00280,DEV_MIGRATION_FL_00070,Sale,105,2025-04-28,Fictional transaction fixture.
DEV_MIGRATION_FT_00281,DEV_MIGRATION_FL_00071,Count,106,2025-05-01,Fictional transaction fixture.
DEV_MIGRATION_FT_00282,DEV_MIGRATION_FL_00071,Delivery,107,2025-06-02,Fictional transaction fixture.
DEV_MIGRATION_FT_00283,DEV_MIGRATION_FL_00071,Removal,108,2025-07-03,Fictional transaction fixture.
DEV_MIGRATION_FT_00284,DEV_MIGRATION_FL_00071,Sale,109,2025-08-04,Fictional transaction fixture.
DEV_MIGRATION_FT_00285,DEV_MIGRATION_FL_00072,Count,110,2025-09-05,Fictional transaction fixture.
DEV_MIGRATION_FT_00286,DEV_MIGRATION_FL_00072,Delivery,111,2025-10-06,Fictional transaction fixture.
DEV_MIGRATION_FT_00287,DEV_MIGRATION_FL_00072,Removal,112,2025-11-07,Fictional transaction fixture.
DEV_MIGRATION_FT_00288,DEV_MIGRATION_FL_00072,Sale,113,2025-12-08,Fictional transaction fixture.
DEV_MIGRATION_FT_00289,DEV_MIGRATION_FL_00073,Count,114,2025-01-09,Fictional transaction fixture.
DEV_MIGRATION_FT_00290,DEV_MIGRATION_FL_00073,Delivery,115,2025-02-10,Fictional transaction fixture.
DEV_MIGRATION_FT_00291,DEV_MIGRATION_FL_00073,Removal,116,2025-03-11,Fictional transaction fixture.
DEV_MIGRATION_FT_00292,DEV_MIGRATION_FL_00073,Sale,117,2025-04-12,Fictional transaction fixture.
DEV_MIGRATION_FT_00293,DEV_MIGRATION_FL_00074,Count,118,2025-05-13,Fictional transaction fixture.
DEV_MIGRATION_FT_00294,DEV_MIGRATION_FL_00074,Delivery,119,2025-06-14,Fictional transaction fixture.
DEV_MIGRATION_FT_00295,DEV_MIGRATION_FL_00074,Removal,120,2025-07-15,Fictional transaction fixture.
DEV_MIGRATION_FT_00296,DEV_MIGRATION_FL_00074,Sale,121,2025-08-16,Fictional transaction fixture.
DEV_MIGRATION_FT_00297,DEV_MIGRATION_FL_00075,Count,122,2025-09-17,Fictional transaction fixture.
DEV_MIGRATION_FT_00298,DEV_MIGRATION_FL_00075,Delivery,123,2025-10-18,Fictional transaction fixture.
DEV_MIGRATION_FT_00299,DEV_MIGRATION_FL_00075,Removal,124,2025-11-19,Fictional transaction fixture.
DEV_MIGRATION_FT_00300,DEV_MIGRATION_FL_00075,Sale,100,2025-12-20,Fictional transaction fixture.
DEV_MIGRATION_FT_00301,DEV_MIGRATION_FL_00076,Count,101,2025-01-21,Fictional transaction fixture.
DEV_MIGRATION_FT_00302,DEV_MIGRATION_FL_00076,Delivery,102,2025-02-22,Fictional transaction fixture.
DEV_MIGRATION_FT_00303,DEV_MIGRATION_FL_00076,Removal,103,2025-03-23,Fictional transaction fixture.
DEV_MIGRATION_FT_00304,DEV_MIGRATION_FL_00076,Sale,104,2025-04-24,Fictional transaction fixture.
DEV_MIGRATION_FT_00305,DEV_MIGRATION_FL_00077,Count,105,2025-05-25,Fictional transaction fixture.
DEV_MIGRATION_FT_00306,DEV_MIGRATION_FL_00077,Delivery,106,2025-06-26,Fictional transaction fixture.
DEV_MIGRATION_FT_00307,DEV_MIGRATION_FL_00077,Removal,107,2025-07-27,Fictional transaction fixture.
DEV_MIGRATION_FT_00308,DEV_MIGRATION_FL_00077,Sale,108,2025-08-28,Fictional transaction fixture.
DEV_MIGRATION_FT_00309,DEV_MIGRATION_FL_00078,Count,109,2025-09-01,Fictional transaction fixture.
DEV_MIGRATION_FT_00310,DEV_MIGRATION_FL_00078,Delivery,110,2025-10-02,Fictional transaction fixture.
DEV_MIGRATION_FT_00311,DEV_MIGRATION_FL_00078,Removal,111,2025-11-03,Fictional transaction fixture.
DEV_MIGRATION_FT_00312,DEV_MIGRATION_FL_00078,Sale,112,2025-12-04,Fictional transaction fixture.
DEV_MIGRATION_FT_00313,DEV_MIGRATION_FL_00079,Count,113,2025-01-05,Fictional transaction fixture.
DEV_MIGRATION_FT_00314,DEV_MIGRATION_FL_00079,Delivery,114,2025-02-06,Fictional transaction fixture.
DEV_MIGRATION_FT_00315,DEV_MIGRATION_FL_00079,Removal,115,2025-03-07,Fictional transaction fixture.
DEV_MIGRATION_FT_00316,DEV_MIGRATION_FL_00079,Sale,116,2025-04-08,Fictional transaction fixture.
DEV_MIGRATION_FT_00317,DEV_MIGRATION_FL_00080,Count,117,2025-05-09,Fictional transaction fixture.
DEV_MIGRATION_FT_00318,DEV_MIGRATION_FL_00080,Delivery,118,2025-06-10,Fictional transaction fixture.
DEV_MIGRATION_FT_00319,DEV_MIGRATION_FL_00080,Removal,119,2025-07-11,Fictional transaction fixture.
DEV_MIGRATION_FT_00320,DEV_MIGRATION_FL_00080,Sale,120,2025-08-12,Fictional transaction fixture.
DEV_MIGRATION_FT_00321,DEV_MIGRATION_FL_00081,Count,121,2025-09-13,Fictional transaction fixture.
DEV_MIGRATION_FT_00322,DEV_MIGRATION_FL_00081,Delivery,122,2025-10-14,Fictional transaction fixture.
DEV_MIGRATION_FT_00323,DEV_MIGRATION_FL_00081,Removal,123,2025-11-15,Fictional transaction fixture.
DEV_MIGRATION_FT_00324,DEV_MIGRATION_FL_00081,Sale,124,2025-12-16,Fictional transaction fixture.
DEV_MIGRATION_FT_00325,DEV_MIGRATION_FL_00082,Count,100,2025-01-17,Fictional transaction fixture.
DEV_MIGRATION_FT_00326,DEV_MIGRATION_FL_00082,Delivery,101,2025-02-18,Fictional transaction fixture.
DEV_MIGRATION_FT_00327,DEV_MIGRATION_FL_00082,Removal,102,2025-03-19,Fictional transaction fixture.
DEV_MIGRATION_FT_00328,DEV_MIGRATION_FL_00082,Sale,103,2025-04-20,Fictional transaction fixture.
DEV_MIGRATION_FT_00329,DEV_MIGRATION_FL_00083,Count,104,2025-05-21,Fictional transaction fixture.
DEV_MIGRATION_FT_00330,DEV_MIGRATION_FL_00083,Delivery,105,2025-06-22,Fictional transaction fixture.
DEV_MIGRATION_FT_00331,DEV_MIGRATION_FL_00083,Removal,106,2025-07-23,Fictional transaction fixture.
DEV_MIGRATION_FT_00332,DEV_MIGRATION_FL_00083,Sale,107,2025-08-24,Fictional transaction fixture.
DEV_MIGRATION_FT_00333,DEV_MIGRATION_FL_00084,Count,108,2025-09-25,Fictional transaction fixture.
DEV_MIGRATION_FT_00334,DEV_MIGRATION_FL_00084,Delivery,109,2025-10-26,Fictional transaction fixture.
DEV_MIGRATION_FT_00335,DEV_MIGRATION_FL_00084,Removal,110,2025-11-27,Fictional transaction fixture.
DEV_MIGRATION_FT_00336,DEV_MIGRATION_FL_00084,Sale,111,2025-12-28,Fictional transaction fixture.
DEV_MIGRATION_FT_00337,DEV_MIGRATION_FL_00085,Count,112,2025-01-01,Fictional transaction fixture.
DEV_MIGRATION_FT_00338,DEV_MIGRATION_FL_00085,Delivery,113,2025-02-02,Fictional transaction fixture.
DEV_MIGRATION_FT_00339,DEV_MIGRATION_FL_00085,Removal,114,2025-03-03,Fictional transaction fixture.
DEV_MIGRATION_FT_00340,DEV_MIGRATION_FL_00085,Sale,115,2025-04-04,Fictional transaction fixture.
DEV_MIGRATION_FT_00341,DEV_MIGRATION_FL_00086,Count,116,2025-05-05,Fictional transaction fixture.
DEV_MIGRATION_FT_00342,DEV_MIGRATION_FL_00086,Delivery,117,2025-06-06,Fictional transaction fixture.
DEV_MIGRATION_FT_00343,DEV_MIGRATION_FL_00086,Removal,118,2025-07-07,Fictional transaction fixture.
DEV_MIGRATION_FT_00344,DEV_MIGRATION_FL_00086,Sale,119,2025-08-08,Fictional transaction fixture.
DEV_MIGRATION_FT_00345,DEV_MIGRATION_FL_00087,Count,120,2025-09-09,Fictional transaction fixture.
DEV_MIGRATION_FT_00346,DEV_MIGRATION_FL_00087,Delivery,121,2025-10-10,Fictional transaction fixture.
DEV_MIGRATION_FT_00347,DEV_MIGRATION_FL_00087,Removal,122,2025-11-11,Fictional transaction fixture.
DEV_MIGRATION_FT_00348,DEV_MIGRATION_FL_00087,Sale,123,2025-12-12,Fictional transaction fixture.
DEV_MIGRATION_FT_00349,DEV_MIGRATION_FL_00088,Count,124,2025-01-13,Fictional transaction fixture.
DEV_MIGRATION_FT_00350,DEV_MIGRATION_FL_00088,Delivery,100,2025-02-14,Fictional transaction fixture.
DEV_MIGRATION_FT_00351,DEV_MIGRATION_FL_00088,Removal,101,2025-03-15,Fictional transaction fixture.
DEV_MIGRATION_FT_00352,DEV_MIGRATION_FL_00088,Sale,102,2025-04-16,Fictional transaction fixture.
DEV_MIGRATION_FT_00353,DEV_MIGRATION_FL_00089,Count,103,2025-05-17,Fictional transaction fixture.
DEV_MIGRATION_FT_00354,DEV_MIGRATION_FL_00089,Delivery,104,2025-06-18,Fictional transaction fixture.
DEV_MIGRATION_FT_00355,DEV_MIGRATION_FL_00089,Removal,105,2025-07-19,Fictional transaction fixture.
DEV_MIGRATION_FT_00356,DEV_MIGRATION_FL_00089,Sale,106,2025-08-20,Fictional transaction fixture.
DEV_MIGRATION_FT_00357,DEV_MIGRATION_FL_00090,Count,107,2025-09-21,Fictional transaction fixture.
DEV_MIGRATION_FT_00358,DEV_MIGRATION_FL_00090,Delivery,108,2025-10-22,Fictional transaction fixture.
DEV_MIGRATION_FT_00359,DEV_MIGRATION_FL_00090,Removal,109,2025-11-23,Fictional transaction fixture.
DEV_MIGRATION_FT_00360,DEV_MIGRATION_FL_00090,Sale,110,2025-12-24,Fictional transaction fixture.
DEV_MIGRATION_FT_00361,DEV_MIGRATION_FL_00091,Count,111,2025-01-25,Fictional transaction fixture.
DEV_MIGRATION_FT_00362,DEV_MIGRATION_FL_00091,Delivery,112,2025-02-26,Fictional transaction fixture.
DEV_MIGRATION_FT_00363,DEV_MIGRATION_FL_00091,Removal,113,2025-03-27,Fictional transaction fixture.
DEV_MIGRATION_FT_00364,DEV_MIGRATION_FL_00091,Sale,114,2025-04-28,Fictional transaction fixture.
DEV_MIGRATION_FT_00365,DEV_MIGRATION_FL_00092,Count,115,2025-05-01,Fictional transaction fixture.
DEV_MIGRATION_FT_00366,DEV_MIGRATION_FL_00092,Delivery,116,2025-06-02,Fictional transaction fixture.
DEV_MIGRATION_FT_00367,DEV_MIGRATION_FL_00092,Removal,117,2025-07-03,Fictional transaction fixture.
DEV_MIGRATION_FT_00368,DEV_MIGRATION_FL_00092,Sale,118,2025-08-04,Fictional transaction fixture.
DEV_MIGRATION_FT_00369,DEV_MIGRATION_FL_00093,Count,119,2025-09-05,Fictional transaction fixture.
DEV_MIGRATION_FT_00370,DEV_MIGRATION_FL_00093,Delivery,120,2025-10-06,Fictional transaction fixture.
DEV_MIGRATION_FT_00371,DEV_MIGRATION_FL_00093,Removal,121,2025-11-07,Fictional transaction fixture.
DEV_MIGRATION_FT_00372,DEV_MIGRATION_FL_00093,Sale,122,2025-12-08,Fictional transaction fixture.
DEV_MIGRATION_FT_00373,DEV_MIGRATION_FL_00094,Count,123,2025-01-09,Fictional transaction fixture.
DEV_MIGRATION_FT_00374,DEV_MIGRATION_FL_00094,Delivery,124,2025-02-10,Fictional transaction fixture.
DEV_MIGRATION_FT_00375,DEV_MIGRATION_FL_00094,Removal,100,2025-03-11,Fictional transaction fixture.
DEV_MIGRATION_FT_00376,DEV_MIGRATION_FL_00094,Sale,101,2025-04-12,Fictional transaction fixture.
DEV_MIGRATION_FT_00377,DEV_MIGRATION_FL_00095,Count,102,2025-05-13,Fictional transaction fixture.
DEV_MIGRATION_FT_00378,DEV_MIGRATION_FL_00095,Delivery,103,2025-06-14,Fictional transaction fixture.
DEV_MIGRATION_FT_00379,DEV_MIGRATION_FL_00095,Removal,104,2025-07-15,Fictional transaction fixture.
DEV_MIGRATION_FT_00380,DEV_MIGRATION_FL_00095,Sale,105,2025-08-16,Fictional transaction fixture.
DEV_MIGRATION_FT_00381,DEV_MIGRATION_FL_00096,Count,106,2025-09-17,Fictional transaction fixture.
DEV_MIGRATION_FT_00382,DEV_MIGRATION_FL_00096,Delivery,107,2025-10-18,Fictional transaction fixture.
DEV_MIGRATION_FT_00383,DEV_MIGRATION_FL_00096,Removal,108,2025-11-19,Fictional transaction fixture.
DEV_MIGRATION_FT_00384,DEV_MIGRATION_FL_00096,Sale,109,2025-12-20,Fictional transaction fixture.
DEV_MIGRATION_FT_00385,DEV_MIGRATION_FL_00097,Count,110,2025-01-21,Fictional transaction fixture.
DEV_MIGRATION_FT_00386,DEV_MIGRATION_FL_00097,Delivery,111,2025-02-22,Fictional transaction fixture.
DEV_MIGRATION_FT_00387,DEV_MIGRATION_FL_00097,Removal,112,2025-03-23,Fictional transaction fixture.
DEV_MIGRATION_FT_00388,DEV_MIGRATION_FL_00097,Sale,113,2025-04-24,Fictional transaction fixture.
DEV_MIGRATION_FT_00389,DEV_MIGRATION_FL_00098,Count,114,2025-05-25,Fictional transaction fixture.
DEV_MIGRATION_FT_00390,DEV_MIGRATION_FL_00098,Delivery,115,2025-06-26,Fictional transaction fixture.
DEV_MIGRATION_FT_00391,DEV_MIGRATION_FL_00098,Removal,116,2025-07-27,Fictional transaction fixture.
DEV_MIGRATION_FT_00392,DEV_MIGRATION_FL_00098,Sale,117,2025-08-28,Fictional transaction fixture.
DEV_MIGRATION_FT_00393,DEV_MIGRATION_FL_00099,Count,118,2025-09-01,Fictional transaction fixture.
DEV_MIGRATION_FT_00394,DEV_MIGRATION_FL_00099,Delivery,119,2025-10-02,Fictional transaction fixture.
DEV_MIGRATION_FT_00395,DEV_MIGRATION_FL_00099,Removal,120,2025-11-03,Fictional transaction fixture.
DEV_MIGRATION_FT_00396,DEV_MIGRATION_FL_00099,Sale,121,2025-12-04,Fictional transaction fixture.
DEV_MIGRATION_FT_00397,DEV_MIGRATION_FL_00100,Count,122,2025-01-05,Fictional transaction fixture.
DEV_MIGRATION_FT_00398,DEV_MIGRATION_FL_00100,Delivery,123,2025-02-06,Fictional transaction fixture.
DEV_MIGRATION_FT_00399,DEV_MIGRATION_FL_00100,Removal,124,2025-03-07,Fictional transaction fixture.
DEV_MIGRATION_FT_00400,DEV_MIGRATION_FL_00100,Sale,100,2025-04-08,Fictional transaction fixture.
DEV_MIGRATION_FT_00401,DEV_MIGRATION_FL_00101,Count,101,2025-05-09,Fictional transaction fixture.
DEV_MIGRATION_FT_00402,DEV_MIGRATION_FL_00101,Delivery,102,2025-06-10,Fictional transaction fixture.
DEV_MIGRATION_FT_00403,DEV_MIGRATION_FL_00101,Removal,103,2025-07-11,Fictional transaction fixture.
DEV_MIGRATION_FT_00404,DEV_MIGRATION_FL_00101,Sale,104,2025-08-12,Fictional transaction fixture.
DEV_MIGRATION_FT_00405,DEV_MIGRATION_FL_00102,Count,105,2025-09-13,Fictional transaction fixture.
DEV_MIGRATION_FT_00406,DEV_MIGRATION_FL_00102,Delivery,106,2025-10-14,Fictional transaction fixture.
DEV_MIGRATION_FT_00407,DEV_MIGRATION_FL_00102,Removal,107,2025-11-15,Fictional transaction fixture.
DEV_MIGRATION_FT_00408,DEV_MIGRATION_FL_00102,Sale,108,2025-12-16,Fictional transaction fixture.
DEV_MIGRATION_FT_00409,DEV_MIGRATION_FL_00103,Count,109,2025-01-17,Fictional transaction fixture.
DEV_MIGRATION_FT_00410,DEV_MIGRATION_FL_00103,Delivery,110,2025-02-18,Fictional transaction fixture.
DEV_MIGRATION_FT_00411,DEV_MIGRATION_FL_00103,Removal,111,2025-03-19,Fictional transaction fixture.
DEV_MIGRATION_FT_00412,DEV_MIGRATION_FL_00103,Sale,112,2025-04-20,Fictional transaction fixture.
DEV_MIGRATION_FT_00413,DEV_MIGRATION_FL_00104,Count,113,2025-05-21,Fictional transaction fixture.
DEV_MIGRATION_FT_00414,DEV_MIGRATION_FL_00104,Delivery,114,2025-06-22,Fictional transaction fixture.
DEV_MIGRATION_FT_00415,DEV_MIGRATION_FL_00104,Removal,115,2025-07-23,Fictional transaction fixture.
DEV_MIGRATION_FT_00416,DEV_MIGRATION_FL_00104,Sale,116,2025-08-24,Fictional transaction fixture.
DEV_MIGRATION_FT_00417,DEV_MIGRATION_FL_00105,Count,117,2025-09-25,Fictional transaction fixture.
DEV_MIGRATION_FT_00418,DEV_MIGRATION_FL_00105,Delivery,118,2025-10-26,Fictional transaction fixture.
DEV_MIGRATION_FT_00419,DEV_MIGRATION_FL_00105,Removal,119,2025-11-27,Fictional transaction fixture.
DEV_MIGRATION_FT_00420,DEV_MIGRATION_FL_00105,Sale,120,2025-12-28,Fictional transaction fixture.
DEV_MIGRATION_FT_00421,DEV_MIGRATION_FL_00106,Count,121,2025-01-01,Fictional transaction fixture.
DEV_MIGRATION_FT_00422,DEV_MIGRATION_FL_00106,Delivery,122,2025-02-02,Fictional transaction fixture.
DEV_MIGRATION_FT_00423,DEV_MIGRATION_FL_00106,Removal,123,2025-03-03,Fictional transaction fixture.
DEV_MIGRATION_FT_00424,DEV_MIGRATION_FL_00106,Sale,124,2025-04-04,Fictional transaction fixture.
DEV_MIGRATION_FT_00425,DEV_MIGRATION_FL_00107,Count,100,2025-05-05,Fictional transaction fixture.
DEV_MIGRATION_FT_00426,DEV_MIGRATION_FL_00107,Delivery,101,2025-06-06,Fictional transaction fixture.
DEV_MIGRATION_FT_00427,DEV_MIGRATION_FL_00107,Removal,102,2025-07-07,Fictional transaction fixture.
DEV_MIGRATION_FT_00428,DEV_MIGRATION_FL_00107,Sale,103,2025-08-08,Fictional transaction fixture.
DEV_MIGRATION_FT_00429,DEV_MIGRATION_FL_00108,Count,104,2025-09-09,Fictional transaction fixture.
DEV_MIGRATION_FT_00430,DEV_MIGRATION_FL_00108,Delivery,105,2025-10-10,Fictional transaction fixture.
DEV_MIGRATION_FT_00431,DEV_MIGRATION_FL_00108,Removal,106,2025-11-11,Fictional transaction fixture.
DEV_MIGRATION_FT_00432,DEV_MIGRATION_FL_00108,Sale,107,2025-12-12,Fictional transaction fixture.
DEV_MIGRATION_FT_00433,DEV_MIGRATION_FL_00109,Count,108,2025-01-13,Fictional transaction fixture.
DEV_MIGRATION_FT_00434,DEV_MIGRATION_FL_00109,Delivery,109,2025-02-14,Fictional transaction fixture.
DEV_MIGRATION_FT_00435,DEV_MIGRATION_FL_00109,Removal,110,2025-03-15,Fictional transaction fixture.
DEV_MIGRATION_FT_00436,DEV_MIGRATION_FL_00109,Sale,111,2025-04-16,Fictional transaction fixture.
DEV_MIGRATION_FT_00437,DEV_MIGRATION_FL_00110,Count,112,2025-05-17,Fictional transaction fixture.
DEV_MIGRATION_FT_00438,DEV_MIGRATION_FL_00110,Delivery,113,2025-06-18,Fictional transaction fixture.
DEV_MIGRATION_FT_00439,DEV_MIGRATION_FL_00110,Removal,114,2025-07-19,Fictional transaction fixture.
DEV_MIGRATION_FT_00440,DEV_MIGRATION_FL_00110,Sale,115,2025-08-20,Fictional transaction fixture.
DEV_MIGRATION_FT_00441,DEV_MIGRATION_FL_00111,Count,116,2025-09-21,Fictional transaction fixture.
DEV_MIGRATION_FT_00442,DEV_MIGRATION_FL_00111,Delivery,117,2025-10-22,Fictional transaction fixture.
DEV_MIGRATION_FT_00443,DEV_MIGRATION_FL_00111,Removal,118,2025-11-23,Fictional transaction fixture.
DEV_MIGRATION_FT_00444,DEV_MIGRATION_FL_00111,Sale,119,2025-12-24,Fictional transaction fixture.
DEV_MIGRATION_FT_00445,DEV_MIGRATION_FL_00112,Count,120,2025-01-25,Fictional transaction fixture.
DEV_MIGRATION_FT_00446,DEV_MIGRATION_FL_00112,Delivery,121,2025-02-26,Fictional transaction fixture.
DEV_MIGRATION_FT_00447,DEV_MIGRATION_FL_00112,Removal,122,2025-03-27,Fictional transaction fixture.
DEV_MIGRATION_FT_00448,DEV_MIGRATION_FL_00112,Sale,123,2025-04-28,Fictional transaction fixture.
DEV_MIGRATION_FT_00449,DEV_MIGRATION_FL_00113,Count,124,2025-05-01,Fictional transaction fixture.
DEV_MIGRATION_FT_00450,DEV_MIGRATION_FL_00113,Delivery,100,2025-06-02,Fictional transaction fixture.
DEV_MIGRATION_FT_00451,DEV_MIGRATION_FL_00113,Removal,101,2025-07-03,Fictional transaction fixture.
DEV_MIGRATION_FT_00452,DEV_MIGRATION_FL_00113,Sale,102,2025-08-04,Fictional transaction fixture.
DEV_MIGRATION_FT_00453,DEV_MIGRATION_FL_00114,Count,103,2025-09-05,Fictional transaction fixture.
DEV_MIGRATION_FT_00454,DEV_MIGRATION_FL_00114,Delivery,104,2025-10-06,Fictional transaction fixture.
DEV_MIGRATION_FT_00455,DEV_MIGRATION_FL_00114,Removal,105,2025-11-07,Fictional transaction fixture.
DEV_MIGRATION_FT_00456,DEV_MIGRATION_FL_00114,Sale,106,2025-12-08,Fictional transaction fixture.
DEV_MIGRATION_FT_00457,DEV_MIGRATION_FL_00115,Count,107,2025-01-09,Fictional transaction fixture.
DEV_MIGRATION_FT_00458,DEV_MIGRATION_FL_00115,Delivery,108,2025-02-10,Fictional transaction fixture.
DEV_MIGRATION_FT_00459,DEV_MIGRATION_FL_00115,Removal,109,2025-03-11,Fictional transaction fixture.
DEV_MIGRATION_FT_00460,DEV_MIGRATION_FL_00115,Sale,110,2025-04-12,Fictional transaction fixture.
DEV_MIGRATION_FT_00461,DEV_MIGRATION_FL_00116,Count,111,2025-05-13,Fictional transaction fixture.
DEV_MIGRATION_FT_00462,DEV_MIGRATION_FL_00116,Delivery,112,2025-06-14,Fictional transaction fixture.
DEV_MIGRATION_FT_00463,DEV_MIGRATION_FL_00116,Removal,113,2025-07-15,Fictional transaction fixture.
DEV_MIGRATION_FT_00464,DEV_MIGRATION_FL_00116,Sale,114,2025-08-16,Fictional transaction fixture.
DEV_MIGRATION_FT_00465,DEV_MIGRATION_FL_00117,Count,115,2025-09-17,Fictional transaction fixture.
DEV_MIGRATION_FT_00466,DEV_MIGRATION_FL_00117,Delivery,116,2025-10-18,Fictional transaction fixture.
DEV_MIGRATION_FT_00467,DEV_MIGRATION_FL_00117,Removal,117,2025-11-19,Fictional transaction fixture.
DEV_MIGRATION_FT_00468,DEV_MIGRATION_FL_00117,Sale,118,2025-12-20,Fictional transaction fixture.
DEV_MIGRATION_FT_00469,DEV_MIGRATION_FL_00118,Count,119,2025-01-21,Fictional transaction fixture.
DEV_MIGRATION_FT_00470,DEV_MIGRATION_FL_00118,Delivery,120,2025-02-22,Fictional transaction fixture.
DEV_MIGRATION_FT_00471,DEV_MIGRATION_FL_00118,Removal,121,2025-03-23,Fictional transaction fixture.
DEV_MIGRATION_FT_00472,DEV_MIGRATION_FL_00118,Sale,122,2025-04-24,Fictional transaction fixture.
DEV_MIGRATION_FT_00473,DEV_MIGRATION_FL_00119,Count,123,2025-05-25,Fictional transaction fixture.
DEV_MIGRATION_FT_00474,DEV_MIGRATION_FL_00119,Delivery,124,2025-06-26,Fictional transaction fixture.
DEV_MIGRATION_FT_00475,DEV_MIGRATION_FL_00119,Removal,100,2025-07-27,Fictional transaction fixture.
DEV_MIGRATION_FT_00476,DEV_MIGRATION_FL_00119,Sale,101,2025-08-28,Fictional transaction fixture.
DEV_MIGRATION_FT_00477,DEV_MIGRATION_FL_00120,Count,102,2025-09-01,Fictional transaction fixture.
DEV_MIGRATION_FT_00478,DEV_MIGRATION_FL_00120,Delivery,103,2025-10-02,Fictional transaction fixture.
DEV_MIGRATION_FT_00479,DEV_MIGRATION_FL_00120,Removal,104,2025-11-03,Fictional transaction fixture.
DEV_MIGRATION_FT_00480,DEV_MIGRATION_FL_00120,Sale,105,2025-12-04,Fictional transaction fixture.
DEV_MIGRATION_FT_00481,DEV_MIGRATION_FL_00121,Count,106,2025-01-05,Fictional transaction fixture.
DEV_MIGRATION_FT_00482,DEV_MIGRATION_FL_00121,Delivery,107,2025-02-06,Fictional transaction fixture.
DEV_MIGRATION_FT_00483,DEV_MIGRATION_FL_00121,Removal,108,2025-03-07,Fictional transaction fixture.
DEV_MIGRATION_FT_00484,DEV_MIGRATION_FL_00121,Sale,109,2025-04-08,Fictional transaction fixture.
DEV_MIGRATION_FT_00485,DEV_MIGRATION_FL_00122,Count,110,2025-05-09,Fictional transaction fixture.
DEV_MIGRATION_FT_00486,DEV_MIGRATION_FL_00122,Delivery,111,2025-06-10,Fictional transaction fixture.
DEV_MIGRATION_FT_00487,DEV_MIGRATION_FL_00122,Removal,112,2025-07-11,Fictional transaction fixture.
DEV_MIGRATION_FT_00488,DEV_MIGRATION_FL_00122,Sale,113,2025-08-12,Fictional transaction fixture.
DEV_MIGRATION_FT_00489,DEV_MIGRATION_FL_00123,Count,114,2025-09-13,Fictional transaction fixture.
DEV_MIGRATION_FT_00490,DEV_MIGRATION_FL_00123,Delivery,115,2025-10-14,Fictional transaction fixture.
DEV_MIGRATION_FT_00491,DEV_MIGRATION_FL_00123,Removal,116,2025-11-15,Fictional transaction fixture.
DEV_MIGRATION_FT_00492,DEV_MIGRATION_FL_00123,Sale,117,2025-12-16,Fictional transaction fixture.
DEV_MIGRATION_FT_00493,DEV_MIGRATION_FL_00124,Count,118,2025-01-17,Fictional transaction fixture.
DEV_MIGRATION_FT_00494,DEV_MIGRATION_FL_00124,Delivery,119,2025-02-18,Fictional transaction fixture.
DEV_MIGRATION_FT_00495,DEV_MIGRATION_FL_00124,Removal,120,2025-03-19,Fictional transaction fixture.
DEV_MIGRATION_FT_00496,DEV_MIGRATION_FL_00124,Sale,121,2025-04-20,Fictional transaction fixture.
DEV_MIGRATION_FT_00497,DEV_MIGRATION_FL_00125,Count,122,2025-05-21,Fictional transaction fixture.
DEV_MIGRATION_FT_00498,DEV_MIGRATION_FL_00125,Delivery,123,2025-06-22,Fictional transaction fixture.
DEV_MIGRATION_FT_00499,DEV_MIGRATION_FL_00125,Removal,124,2025-07-23,Fictional transaction fixture.
DEV_MIGRATION_FT_00500,DEV_MIGRATION_FL_00125,Sale,100,2025-08-24,Fictional transaction fixture.
DEV_MIGRATION_FT_00501,DEV_MIGRATION_FL_00126,Count,101,2025-09-25,Fictional transaction fixture.
DEV_MIGRATION_FT_00502,DEV_MIGRATION_FL_00126,Delivery,102,2025-10-26,Fictional transaction fixture.
DEV_MIGRATION_FT_00503,DEV_MIGRATION_FL_00126,Removal,103,2025-11-27,Fictional transaction fixture.
DEV_MIGRATION_FT_00504,DEV_MIGRATION_FL_00126,Sale,104,2025-12-28,Fictional transaction fixture.
DEV_MIGRATION_FT_00505,DEV_MIGRATION_FL_00127,Count,105,2025-01-01,Fictional transaction fixture.
DEV_MIGRATION_FT_00506,DEV_MIGRATION_FL_00127,Delivery,106,2025-02-02,Fictional transaction fixture.
DEV_MIGRATION_FT_00507,DEV_MIGRATION_FL_00127,Removal,107,2025-03-03,Fictional transaction fixture.
DEV_MIGRATION_FT_00508,DEV_MIGRATION_FL_00127,Sale,108,2025-04-04,Fictional transaction fixture.
DEV_MIGRATION_FT_00509,DEV_MIGRATION_FL_00128,Count,109,2025-05-05,Fictional transaction fixture.
DEV_MIGRATION_FT_00510,DEV_MIGRATION_FL_00128,Delivery,110,2025-06-06,Fictional transaction fixture.
DEV_MIGRATION_FT_00511,DEV_MIGRATION_FL_00128,Removal,111,2025-07-07,Fictional transaction fixture.
DEV_MIGRATION_FT_00512,DEV_MIGRATION_FL_00128,Sale,112,2025-08-08,Fictional transaction fixture.
DEV_MIGRATION_FT_00513,DEV_MIGRATION_FL_00129,Count,113,2025-09-09,Fictional transaction fixture.
DEV_MIGRATION_FT_00514,DEV_MIGRATION_FL_00129,Delivery,114,2025-10-10,Fictional transaction fixture.
DEV_MIGRATION_FT_00515,DEV_MIGRATION_FL_00129,Removal,115,2025-11-11,Fictional transaction fixture.
DEV_MIGRATION_FT_00516,DEV_MIGRATION_FL_00129,Sale,116,2025-12-12,Fictional transaction fixture.
DEV_MIGRATION_FT_00517,DEV_MIGRATION_FL_00130,Count,117,2025-01-13,Fictional transaction fixture.
DEV_MIGRATION_FT_00518,DEV_MIGRATION_FL_00130,Delivery,118,2025-02-14,Fictional transaction fixture.
DEV_MIGRATION_FT_00519,DEV_MIGRATION_FL_00130,Removal,119,2025-03-15,Fictional transaction fixture.
DEV_MIGRATION_FT_00520,DEV_MIGRATION_FL_00130,Sale,120,2025-04-16,Fictional transaction fixture.
DEV_MIGRATION_FT_00521,DEV_MIGRATION_FL_00131,Count,121,2025-05-17,Fictional transaction fixture.
DEV_MIGRATION_FT_00522,DEV_MIGRATION_FL_00131,Delivery,122,2025-06-18,Fictional transaction fixture.
DEV_MIGRATION_FT_00523,DEV_MIGRATION_FL_00131,Removal,123,2025-07-19,Fictional transaction fixture.
DEV_MIGRATION_FT_00524,DEV_MIGRATION_FL_00131,Sale,124,2025-08-20,Fictional transaction fixture.
DEV_MIGRATION_FT_00525,DEV_MIGRATION_FL_00132,Count,100,2025-09-21,Fictional transaction fixture.
DEV_MIGRATION_FT_00526,DEV_MIGRATION_FL_00132,Delivery,101,2025-10-22,Fictional transaction fixture.
DEV_MIGRATION_FT_00527,DEV_MIGRATION_FL_00132,Removal,102,2025-11-23,Fictional transaction fixture.
DEV_MIGRATION_FT_00528,DEV_MIGRATION_FL_00132,Sale,103,2025-12-24,Fictional transaction fixture.
DEV_MIGRATION_FT_00529,DEV_MIGRATION_FL_00133,Count,104,2025-01-25,Fictional transaction fixture.
DEV_MIGRATION_FT_00530,DEV_MIGRATION_FL_00133,Delivery,105,2025-02-26,Fictional transaction fixture.
DEV_MIGRATION_FT_00531,DEV_MIGRATION_FL_00133,Removal,106,2025-03-27,Fictional transaction fixture.
DEV_MIGRATION_FT_00532,DEV_MIGRATION_FL_00133,Sale,107,2025-04-28,Fictional transaction fixture.
DEV_MIGRATION_FT_00533,DEV_MIGRATION_FL_00134,Count,108,2025-05-01,Fictional transaction fixture.
DEV_MIGRATION_FT_00534,DEV_MIGRATION_FL_00134,Delivery,109,2025-06-02,Fictional transaction fixture.
DEV_MIGRATION_FT_00535,DEV_MIGRATION_FL_00134,Removal,110,2025-07-03,Fictional transaction fixture.
DEV_MIGRATION_FT_00536,DEV_MIGRATION_FL_00134,Sale,111,2025-08-04,Fictional transaction fixture.
DEV_MIGRATION_FT_00537,DEV_MIGRATION_FL_00135,Count,112,2025-09-05,Fictional transaction fixture.
DEV_MIGRATION_FT_00538,DEV_MIGRATION_FL_00135,Delivery,113,2025-10-06,Fictional transaction fixture.
DEV_MIGRATION_FT_00539,DEV_MIGRATION_FL_00135,Removal,114,2025-11-07,Fictional transaction fixture.
DEV_MIGRATION_FT_00540,DEV_MIGRATION_FL_00135,Sale,115,2025-12-08,Fictional transaction fixture.
DEV_MIGRATION_FT_00541,DEV_MIGRATION_FL_00136,Count,116,2025-01-09,Fictional transaction fixture.
DEV_MIGRATION_FT_00542,DEV_MIGRATION_FL_00136,Delivery,117,2025-02-10,Fictional transaction fixture.
DEV_MIGRATION_FT_00543,DEV_MIGRATION_FL_00136,Removal,118,2025-03-11,Fictional transaction fixture.
DEV_MIGRATION_FT_00544,DEV_MIGRATION_FL_00136,Sale,119,2025-04-12,Fictional transaction fixture.
DEV_MIGRATION_FT_00545,DEV_MIGRATION_FL_00137,Count,120,2025-05-13,Fictional transaction fixture.
DEV_MIGRATION_FT_00546,DEV_MIGRATION_FL_00137,Delivery,121,2025-06-14,Fictional transaction fixture.
DEV_MIGRATION_FT_00547,DEV_MIGRATION_FL_00137,Removal,122,2025-07-15,Fictional transaction fixture.
DEV_MIGRATION_FT_00548,DEV_MIGRATION_FL_00137,Sale,123,2025-08-16,Fictional transaction fixture.
DEV_MIGRATION_FT_00549,DEV_MIGRATION_FL_00138,Count,124,2025-09-17,Fictional transaction fixture.
DEV_MIGRATION_FT_00550,DEV_MIGRATION_FL_00138,Delivery,100,2025-10-18,Fictional transaction fixture.
DEV_MIGRATION_FT_00551,DEV_MIGRATION_FL_00138,Removal,101,2025-11-19,Fictional transaction fixture.
DEV_MIGRATION_FT_00552,DEV_MIGRATION_FL_00138,Sale,102,2025-12-20,Fictional transaction fixture.
DEV_MIGRATION_FT_00553,DEV_MIGRATION_FL_00139,Count,103,2025-01-21,Fictional transaction fixture.
DEV_MIGRATION_FT_00554,DEV_MIGRATION_FL_00139,Delivery,104,2025-02-22,Fictional transaction fixture.
DEV_MIGRATION_FT_00555,DEV_MIGRATION_FL_00139,Removal,105,2025-03-23,Fictional transaction fixture.
DEV_MIGRATION_FT_00556,DEV_MIGRATION_FL_00139,Sale,106,2025-04-24,Fictional transaction fixture.
DEV_MIGRATION_FT_00557,DEV_MIGRATION_FL_00140,Count,107,2025-05-25,Fictional transaction fixture.
DEV_MIGRATION_FT_00558,DEV_MIGRATION_FL_00140,Delivery,108,2025-06-26,Fictional transaction fixture.
DEV_MIGRATION_FT_00559,DEV_MIGRATION_FL_00140,Removal,109,2025-07-27,Fictional transaction fixture.
DEV_MIGRATION_FT_00560,DEV_MIGRATION_FL_00140,Sale,110,2025-08-28,Fictional transaction fixture.
DEV_MIGRATION_FT_00561,DEV_MIGRATION_FL_00141,Count,111,2025-09-01,Fictional transaction fixture.
DEV_MIGRATION_FT_00562,DEV_MIGRATION_FL_00141,Delivery,112,2025-10-02,Fictional transaction fixture.
DEV_MIGRATION_FT_00563,DEV_MIGRATION_FL_00141,Removal,113,2025-11-03,Fictional transaction fixture.
DEV_MIGRATION_FT_00564,DEV_MIGRATION_FL_00141,Sale,114,2025-12-04,Fictional transaction fixture.
DEV_MIGRATION_FT_00565,DEV_MIGRATION_FL_00142,Count,115,2025-01-05,Fictional transaction fixture.
DEV_MIGRATION_FT_00566,DEV_MIGRATION_FL_00142,Delivery,116,2025-02-06,Fictional transaction fixture.
DEV_MIGRATION_FT_00567,DEV_MIGRATION_FL_00142,Removal,117,2025-03-07,Fictional transaction fixture.
DEV_MIGRATION_FT_00568,DEV_MIGRATION_FL_00142,Sale,118,2025-04-08,Fictional transaction fixture.
DEV_MIGRATION_FT_00569,DEV_MIGRATION_FL_00143,Count,119,2025-05-09,Fictional transaction fixture.
DEV_MIGRATION_FT_00570,DEV_MIGRATION_FL_00143,Delivery,120,2025-06-10,Fictional transaction fixture.
DEV_MIGRATION_FT_00571,DEV_MIGRATION_FL_00143,Removal,121,2025-07-11,Fictional transaction fixture.
DEV_MIGRATION_FT_00572,DEV_MIGRATION_FL_00143,Sale,122,2025-08-12,Fictional transaction fixture.
DEV_MIGRATION_FT_00573,DEV_MIGRATION_FL_00144,Count,123,2025-09-13,Fictional transaction fixture.
DEV_MIGRATION_FT_00574,DEV_MIGRATION_FL_00144,Delivery,124,2025-10-14,Fictional transaction fixture.
DEV_MIGRATION_FT_00575,DEV_MIGRATION_FL_00144,Removal,100,2025-11-15,Fictional transaction fixture.
DEV_MIGRATION_FT_00576,DEV_MIGRATION_FL_00144,Sale,101,2025-12-16,Fictional transaction fixture.
DEV_MIGRATION_FT_00577,DEV_MIGRATION_FL_00145,Count,102,2025-01-17,Fictional transaction fixture.
DEV_MIGRATION_FT_00578,DEV_MIGRATION_FL_00145,Delivery,103,2025-02-18,Fictional transaction fixture.
DEV_MIGRATION_FT_00579,DEV_MIGRATION_FL_00145,Removal,104,2025-03-19,Fictional transaction fixture.
DEV_MIGRATION_FT_00580,DEV_MIGRATION_FL_00145,Sale,105,2025-04-20,Fictional transaction fixture.
DEV_MIGRATION_FT_00581,DEV_MIGRATION_FL_00146,Count,106,2025-05-21,Fictional transaction fixture.
DEV_MIGRATION_FT_00582,DEV_MIGRATION_FL_00146,Delivery,107,2025-06-22,Fictional transaction fixture.
DEV_MIGRATION_FT_00583,DEV_MIGRATION_FL_00146,Removal,108,2025-07-23,Fictional transaction fixture.
DEV_MIGRATION_FT_00584,DEV_MIGRATION_FL_00146,Sale,109,2025-08-24,Fictional transaction fixture.
DEV_MIGRATION_FT_00585,DEV_MIGRATION_FL_00147,Count,110,2025-09-25,Fictional transaction fixture.
DEV_MIGRATION_FT_00586,DEV_MIGRATION_FL_00147,Delivery,111,2025-10-26,Fictional transaction fixture.
DEV_MIGRATION_FT_00587,DEV_MIGRATION_FL_00147,Removal,112,2025-11-27,Fictional transaction fixture.
DEV_MIGRATION_FT_00588,DEV_MIGRATION_FL_00147,Sale,113,2025-12-28,Fictional transaction fixture.
DEV_MIGRATION_FT_00589,DEV_MIGRATION_FL_00148,Count,114,2025-01-01,Fictional transaction fixture.
DEV_MIGRATION_FT_00590,DEV_MIGRATION_FL_00148,Delivery,115,2025-02-02,Fictional transaction fixture.
DEV_MIGRATION_FT_00591,DEV_MIGRATION_FL_00148,Removal,116,2025-03-03,Fictional transaction fixture.
DEV_MIGRATION_FT_00592,DEV_MIGRATION_FL_00148,Sale,117,2025-04-04,Fictional transaction fixture.
DEV_MIGRATION_FT_00593,DEV_MIGRATION_FL_00149,Count,118,2025-05-05,Fictional transaction fixture.
DEV_MIGRATION_FT_00594,DEV_MIGRATION_FL_00149,Delivery,119,2025-06-06,Fictional transaction fixture.
DEV_MIGRATION_FT_00595,DEV_MIGRATION_FL_00149,Removal,120,2025-07-07,Fictional transaction fixture.
DEV_MIGRATION_FT_00596,DEV_MIGRATION_FL_00149,Sale,121,2025-08-08,Fictional transaction fixture.
DEV_MIGRATION_FT_00597,DEV_MIGRATION_FL_00150,Count,122,2025-09-09,Fictional transaction fixture.
DEV_MIGRATION_FT_00598,DEV_MIGRATION_FL_00150,Delivery,123,2025-10-10,Fictional transaction fixture.
DEV_MIGRATION_FT_00599,DEV_MIGRATION_FL_00150,Removal,124,2025-11-11,Fictional transaction fixture.
DEV_MIGRATION_FT_00600,DEV_MIGRATION_FL_00150,Sale,100,2025-12-12,Fictional transaction fixture.
DEV_MIGRATION_FT_00601,DEV_MIGRATION_FL_00151,Count,101,2025-01-13,Fictional transaction fixture.
DEV_MIGRATION_FT_00602,DEV_MIGRATION_FL_00151,Delivery,102,2025-02-14,Fictional transaction fixture.
DEV_MIGRATION_FT_00603,DEV_MIGRATION_FL_00151,Removal,103,2025-03-15,Fictional transaction fixture.
DEV_MIGRATION_FT_00604,DEV_MIGRATION_FL_00151,Sale,104,2025-04-16,Fictional transaction fixture.
DEV_MIGRATION_FT_00605,DEV_MIGRATION_FL_00152,Count,105,2025-05-17,Fictional transaction fixture.
DEV_MIGRATION_FT_00606,DEV_MIGRATION_FL_00152,Delivery,106,2025-06-18,Fictional transaction fixture.
DEV_MIGRATION_FT_00607,DEV_MIGRATION_FL_00152,Removal,107,2025-07-19,Fictional transaction fixture.
DEV_MIGRATION_FT_00608,DEV_MIGRATION_FL_00152,Sale,108,2025-08-20,Fictional transaction fixture.
DEV_MIGRATION_FT_00609,DEV_MIGRATION_FL_00153,Count,109,2025-09-21,Fictional transaction fixture.
DEV_MIGRATION_FT_00610,DEV_MIGRATION_FL_00153,Delivery,110,2025-10-22,Fictional transaction fixture.
DEV_MIGRATION_FT_00611,DEV_MIGRATION_FL_00153,Removal,111,2025-11-23,Fictional transaction fixture.
DEV_MIGRATION_FT_00612,DEV_MIGRATION_FL_00153,Sale,112,2025-12-24,Fictional transaction fixture.
DEV_MIGRATION_FT_00613,DEV_MIGRATION_FL_00154,Count,113,2025-01-25,Fictional transaction fixture.
DEV_MIGRATION_FT_00614,DEV_MIGRATION_FL_00154,Delivery,114,2025-02-26,Fictional transaction fixture.
DEV_MIGRATION_FT_00615,DEV_MIGRATION_FL_00154,Removal,115,2025-03-27,Fictional transaction fixture.
DEV_MIGRATION_FT_00616,DEV_MIGRATION_FL_00154,Sale,116,2025-04-28,Fictional transaction fixture.
DEV_MIGRATION_FT_00617,DEV_MIGRATION_FL_00155,Count,117,2025-05-01,Fictional transaction fixture.
DEV_MIGRATION_FT_00618,DEV_MIGRATION_FL_00155,Delivery,118,2025-06-02,Fictional transaction fixture.
DEV_MIGRATION_FT_00619,DEV_MIGRATION_FL_00155,Removal,119,2025-07-03,Fictional transaction fixture.
DEV_MIGRATION_FT_00620,DEV_MIGRATION_FL_00155,Sale,120,2025-08-04,Fictional transaction fixture.
DEV_MIGRATION_FT_00621,DEV_MIGRATION_FL_00156,Count,121,2025-09-05,Fictional transaction fixture.
DEV_MIGRATION_FT_00622,DEV_MIGRATION_FL_00156,Delivery,122,2025-10-06,Fictional transaction fixture.
DEV_MIGRATION_FT_00623,DEV_MIGRATION_FL_00156,Removal,123,2025-11-07,Fictional transaction fixture.
DEV_MIGRATION_FT_00624,DEV_MIGRATION_FL_00156,Sale,124,2025-12-08,Fictional transaction fixture.
DEV_MIGRATION_FT_00625,DEV_MIGRATION_FL_00157,Count,100,2025-01-09,Fictional transaction fixture.
DEV_MIGRATION_FT_00626,DEV_MIGRATION_FL_00157,Delivery,101,2025-02-10,Fictional transaction fixture.
DEV_MIGRATION_FT_00627,DEV_MIGRATION_FL_00157,Removal,102,2025-03-11,Fictional transaction fixture.
DEV_MIGRATION_FT_00628,DEV_MIGRATION_FL_00157,Sale,103,2025-04-12,Fictional transaction fixture.
DEV_MIGRATION_FT_00629,DEV_MIGRATION_FL_00158,Count,104,2025-05-13,Fictional transaction fixture.
DEV_MIGRATION_FT_00630,DEV_MIGRATION_FL_00158,Delivery,105,2025-06-14,Fictional transaction fixture.
DEV_MIGRATION_FT_00631,DEV_MIGRATION_FL_00158,Removal,106,2025-07-15,Fictional transaction fixture.
DEV_MIGRATION_FT_00632,DEV_MIGRATION_FL_00158,Sale,107,2025-08-16,Fictional transaction fixture.
DEV_MIGRATION_FT_00633,DEV_MIGRATION_FL_00159,Count,108,2025-09-17,Fictional transaction fixture.
DEV_MIGRATION_FT_00634,DEV_MIGRATION_FL_00159,Delivery,109,2025-10-18,Fictional transaction fixture.
DEV_MIGRATION_FT_00635,DEV_MIGRATION_FL_00159,Removal,110,2025-11-19,Fictional transaction fixture.
DEV_MIGRATION_FT_00636,DEV_MIGRATION_FL_00159,Sale,111,2025-12-20,Fictional transaction fixture.
DEV_MIGRATION_FT_00637,DEV_MIGRATION_FL_00160,Count,112,2025-01-21,Fictional transaction fixture.
DEV_MIGRATION_FT_00638,DEV_MIGRATION_FL_00160,Delivery,113,2025-02-22,Fictional transaction fixture.
DEV_MIGRATION_FT_00639,DEV_MIGRATION_FL_00160,Removal,114,2025-03-23,Fictional transaction fixture.
DEV_MIGRATION_FT_00640,DEV_MIGRATION_FL_00160,Sale,115,2025-04-24,Fictional transaction fixture.
DEV_MIGRATION_FT_00641,DEV_MIGRATION_FL_00161,Count,116,2025-05-25,Fictional transaction fixture.
DEV_MIGRATION_FT_00642,DEV_MIGRATION_FL_00161,Delivery,117,2025-06-26,Fictional transaction fixture.
DEV_MIGRATION_FT_00643,DEV_MIGRATION_FL_00161,Removal,118,2025-07-27,Fictional transaction fixture.
DEV_MIGRATION_FT_00644,DEV_MIGRATION_FL_00161,Sale,119,2025-08-28,Fictional transaction fixture.
DEV_MIGRATION_FT_00645,DEV_MIGRATION_FL_00162,Count,120,2025-09-01,Fictional transaction fixture.
DEV_MIGRATION_FT_00646,DEV_MIGRATION_FL_00162,Delivery,121,2025-10-02,Fictional transaction fixture.
DEV_MIGRATION_FT_00647,DEV_MIGRATION_FL_00162,Removal,122,2025-11-03,Fictional transaction fixture.
DEV_MIGRATION_FT_00648,DEV_MIGRATION_FL_00162,Sale,123,2025-12-04,Fictional transaction fixture.
DEV_MIGRATION_FT_00649,DEV_MIGRATION_FL_00163,Count,124,2025-01-05,Fictional transaction fixture.
DEV_MIGRATION_FT_00650,DEV_MIGRATION_FL_00163,Delivery,100,2025-02-06,Fictional transaction fixture.
DEV_MIGRATION_FT_00651,DEV_MIGRATION_FL_00163,Removal,101,2025-03-07,Fictional transaction fixture.
DEV_MIGRATION_FT_00652,DEV_MIGRATION_FL_00163,Sale,102,2025-04-08,Fictional transaction fixture.
DEV_MIGRATION_FT_00653,DEV_MIGRATION_FL_00164,Count,103,2025-05-09,Fictional transaction fixture.
DEV_MIGRATION_FT_00654,DEV_MIGRATION_FL_00164,Delivery,104,2025-06-10,Fictional transaction fixture.
DEV_MIGRATION_FT_00655,DEV_MIGRATION_FL_00164,Removal,105,2025-07-11,Fictional transaction fixture.
DEV_MIGRATION_FT_00656,DEV_MIGRATION_FL_00164,Sale,106,2025-08-12,Fictional transaction fixture.
DEV_MIGRATION_FT_00657,DEV_MIGRATION_FL_00165,Count,107,2025-09-13,Fictional transaction fixture.
DEV_MIGRATION_FT_00658,DEV_MIGRATION_FL_00165,Delivery,108,2025-10-14,Fictional transaction fixture.
DEV_MIGRATION_FT_00659,DEV_MIGRATION_FL_00165,Removal,109,2025-11-15,Fictional transaction fixture.
DEV_MIGRATION_FT_00660,DEV_MIGRATION_FL_00165,Sale,110,2025-12-16,Fictional transaction fixture.
DEV_MIGRATION_FT_00661,DEV_MIGRATION_FL_00166,Count,111,2025-01-17,Fictional transaction fixture.
DEV_MIGRATION_FT_00662,DEV_MIGRATION_FL_00166,Delivery,112,2025-02-18,Fictional transaction fixture.
DEV_MIGRATION_FT_00663,DEV_MIGRATION_FL_00166,Removal,113,2025-03-19,Fictional transaction fixture.
DEV_MIGRATION_FT_00664,DEV_MIGRATION_FL_00166,Sale,114,2025-04-20,Fictional transaction fixture.
DEV_MIGRATION_FT_00665,DEV_MIGRATION_FL_00167,Count,115,2025-05-21,Fictional transaction fixture.
DEV_MIGRATION_FT_00666,DEV_MIGRATION_FL_00167,Delivery,116,2025-06-22,Fictional transaction fixture.
DEV_MIGRATION_FT_00667,DEV_MIGRATION_FL_00167,Removal,117,2025-07-23,Fictional transaction fixture.
DEV_MIGRATION_FT_00668,DEV_MIGRATION_FL_00167,Sale,118,2025-08-24,Fictional transaction fixture.
DEV_MIGRATION_FT_00669,DEV_MIGRATION_FL_00168,Count,119,2025-09-25,Fictional transaction fixture.
DEV_MIGRATION_FT_00670,DEV_MIGRATION_FL_00168,Delivery,120,2025-10-26,Fictional transaction fixture.
DEV_MIGRATION_FT_00671,DEV_MIGRATION_FL_00168,Removal,121,2025-11-27,Fictional transaction fixture.
DEV_MIGRATION_FT_00672,DEV_MIGRATION_FL_00168,Sale,122,2025-12-28,Fictional transaction fixture.
DEV_MIGRATION_FT_00673,DEV_MIGRATION_FL_00169,Count,123,2025-01-01,Fictional transaction fixture.
DEV_MIGRATION_FT_00674,DEV_MIGRATION_FL_00169,Delivery,124,2025-02-02,Fictional transaction fixture.
DEV_MIGRATION_FT_00675,DEV_MIGRATION_FL_00169,Removal,100,2025-03-03,Fictional transaction fixture.
DEV_MIGRATION_FT_00676,DEV_MIGRATION_FL_00169,Sale,101,2025-04-04,Fictional transaction fixture.
DEV_MIGRATION_FT_00677,DEV_MIGRATION_FL_00170,Count,102,2025-05-05,Fictional transaction fixture.
DEV_MIGRATION_FT_00678,DEV_MIGRATION_FL_00170,Delivery,103,2025-06-06,Fictional transaction fixture.
DEV_MIGRATION_FT_00679,DEV_MIGRATION_FL_00170,Removal,104,2025-07-07,Fictional transaction fixture.
DEV_MIGRATION_FT_00680,DEV_MIGRATION_FL_00170,Sale,105,2025-08-08,Fictional transaction fixture.
DEV_MIGRATION_FT_00681,DEV_MIGRATION_FL_00171,Count,106,2025-09-09,Fictional transaction fixture.
DEV_MIGRATION_FT_00682,DEV_MIGRATION_FL_00171,Delivery,107,2025-10-10,Fictional transaction fixture.
DEV_MIGRATION_FT_00683,DEV_MIGRATION_FL_00171,Removal,108,2025-11-11,Fictional transaction fixture.
DEV_MIGRATION_FT_00684,DEV_MIGRATION_FL_00171,Sale,109,2025-12-12,Fictional transaction fixture.
DEV_MIGRATION_FT_00685,DEV_MIGRATION_FL_00172,Count,110,2025-01-13,Fictional transaction fixture.
DEV_MIGRATION_FT_00686,DEV_MIGRATION_FL_00172,Delivery,111,2025-02-14,Fictional transaction fixture.
DEV_MIGRATION_FT_00687,DEV_MIGRATION_FL_00172,Removal,112,2025-03-15,Fictional transaction fixture.
DEV_MIGRATION_FT_00688,DEV_MIGRATION_FL_00172,Sale,113,2025-04-16,Fictional transaction fixture.
DEV_MIGRATION_FT_00689,DEV_MIGRATION_FL_00173,Count,114,2025-05-17,Fictional transaction fixture.
DEV_MIGRATION_FT_00690,DEV_MIGRATION_FL_00173,Delivery,115,2025-06-18,Fictional transaction fixture.
DEV_MIGRATION_FT_00691,DEV_MIGRATION_FL_00173,Removal,116,2025-07-19,Fictional transaction fixture.
DEV_MIGRATION_FT_00692,DEV_MIGRATION_FL_00173,Sale,117,2025-08-20,Fictional transaction fixture.
DEV_MIGRATION_FT_00693,DEV_MIGRATION_FL_00174,Count,118,2025-09-21,Fictional transaction fixture.
DEV_MIGRATION_FT_00694,DEV_MIGRATION_FL_00174,Delivery,119,2025-10-22,Fictional transaction fixture.
DEV_MIGRATION_FT_00695,DEV_MIGRATION_FL_00174,Removal,120,2025-11-23,Fictional transaction fixture.
DEV_MIGRATION_FT_00696,DEV_MIGRATION_FL_00174,Sale,121,2025-12-24,Fictional transaction fixture.
DEV_MIGRATION_FT_00697,DEV_MIGRATION_FL_00175,Count,122,2025-01-25,Fictional transaction fixture.
DEV_MIGRATION_FT_00698,DEV_MIGRATION_FL_00175,Delivery,123,2025-02-26,Fictional transaction fixture.
DEV_MIGRATION_FT_00699,DEV_MIGRATION_FL_00175,Removal,124,2025-03-27,Fictional transaction fixture.
DEV_MIGRATION_FT_00700,DEV_MIGRATION_FL_00175,Sale,100,2025-04-28,Fictional transaction fixture.
DEV_MIGRATION_FT_00701,DEV_MIGRATION_FL_00176,Count,101,2025-05-01,Fictional transaction fixture.
DEV_MIGRATION_FT_00702,DEV_MIGRATION_FL_00176,Delivery,102,2025-06-02,Fictional transaction fixture.
DEV_MIGRATION_FT_00703,DEV_MIGRATION_FL_00176,Removal,103,2025-07-03,Fictional transaction fixture.
DEV_MIGRATION_FT_00704,DEV_MIGRATION_FL_00176,Sale,104,2025-08-04,Fictional transaction fixture.
DEV_MIGRATION_FT_00705,DEV_MIGRATION_FL_00177,Count,105,2025-09-05,Fictional transaction fixture.
DEV_MIGRATION_FT_00706,DEV_MIGRATION_FL_00177,Delivery,106,2025-10-06,Fictional transaction fixture.
DEV_MIGRATION_FT_00707,DEV_MIGRATION_FL_00177,Removal,107,2025-11-07,Fictional transaction fixture.
DEV_MIGRATION_FT_00708,DEV_MIGRATION_FL_00177,Sale,108,2025-12-08,Fictional transaction fixture.
DEV_MIGRATION_FT_00709,DEV_MIGRATION_FL_00178,Count,109,2025-01-09,Fictional transaction fixture.
DEV_MIGRATION_FT_00710,DEV_MIGRATION_FL_00178,Delivery,110,2025-02-10,Fictional transaction fixture.
DEV_MIGRATION_FT_00711,DEV_MIGRATION_FL_00178,Removal,111,2025-03-11,Fictional transaction fixture.
DEV_MIGRATION_FT_00712,DEV_MIGRATION_FL_00178,Sale,112,2025-04-12,Fictional transaction fixture.
DEV_MIGRATION_FT_00713,DEV_MIGRATION_FL_00179,Count,113,2025-05-13,Fictional transaction fixture.
DEV_MIGRATION_FT_00714,DEV_MIGRATION_FL_00179,Delivery,114,2025-06-14,Fictional transaction fixture.
DEV_MIGRATION_FT_00715,DEV_MIGRATION_FL_00179,Removal,115,2025-07-15,Fictional transaction fixture.
DEV_MIGRATION_FT_00716,DEV_MIGRATION_FL_00179,Sale,116,2025-08-16,Fictional transaction fixture.
DEV_MIGRATION_FT_00717,DEV_MIGRATION_FL_00180,Count,117,2025-09-17,Fictional transaction fixture.
DEV_MIGRATION_FT_00718,DEV_MIGRATION_FL_00180,Delivery,118,2025-10-18,Fictional transaction fixture.
DEV_MIGRATION_FT_00719,DEV_MIGRATION_FL_00180,Removal,119,2025-11-19,Fictional transaction fixture.
DEV_MIGRATION_FT_00720,DEV_MIGRATION_FL_00180,Sale,120,2025-12-20,Fictional transaction fixture.
DEV_MIGRATION_FT_00721,DEV_MIGRATION_FL_00181,Count,121,2025-01-21,Fictional transaction fixture.
DEV_MIGRATION_FT_00722,DEV_MIGRATION_FL_00181,Delivery,122,2025-02-22,Fictional transaction fixture.
DEV_MIGRATION_FT_00723,DEV_MIGRATION_FL_00181,Removal,123,2025-03-23,Fictional transaction fixture.
DEV_MIGRATION_FT_00724,DEV_MIGRATION_FL_00181,Sale,124,2025-04-24,Fictional transaction fixture.
DEV_MIGRATION_FT_00725,DEV_MIGRATION_FL_00182,Count,100,2025-05-25,Fictional transaction fixture.
DEV_MIGRATION_FT_00726,DEV_MIGRATION_FL_00182,Delivery,101,2025-06-26,Fictional transaction fixture.
DEV_MIGRATION_FT_00727,DEV_MIGRATION_FL_00182,Removal,102,2025-07-27,Fictional transaction fixture.
DEV_MIGRATION_FT_00728,DEV_MIGRATION_FL_00182,Sale,103,2025-08-28,Fictional transaction fixture.
DEV_MIGRATION_FT_00729,DEV_MIGRATION_FL_00183,Count,104,2025-09-01,Fictional transaction fixture.
DEV_MIGRATION_FT_00730,DEV_MIGRATION_FL_00183,Delivery,105,2025-10-02,Fictional transaction fixture.
DEV_MIGRATION_FT_00731,DEV_MIGRATION_FL_00183,Removal,106,2025-11-03,Fictional transaction fixture.
DEV_MIGRATION_FT_00732,DEV_MIGRATION_FL_00183,Sale,107,2025-12-04,Fictional transaction fixture.
DEV_MIGRATION_FT_00733,DEV_MIGRATION_FL_00184,Count,108,2025-01-05,Fictional transaction fixture.
DEV_MIGRATION_FT_00734,DEV_MIGRATION_FL_00184,Delivery,109,2025-02-06,Fictional transaction fixture.
DEV_MIGRATION_FT_00735,DEV_MIGRATION_FL_00184,Removal,110,2025-03-07,Fictional transaction fixture.
DEV_MIGRATION_FT_00736,DEV_MIGRATION_FL_00184,Sale,111,2025-04-08,Fictional transaction fixture.
DEV_MIGRATION_FT_00737,DEV_MIGRATION_FL_00185,Count,112,2025-05-09,Fictional transaction fixture.
DEV_MIGRATION_FT_00738,DEV_MIGRATION_FL_00185,Delivery,113,2025-06-10,Fictional transaction fixture.
DEV_MIGRATION_FT_00739,DEV_MIGRATION_FL_00185,Removal,114,2025-07-11,Fictional transaction fixture.
DEV_MIGRATION_FT_00740,DEV_MIGRATION_FL_00185,Sale,115,2025-08-12,Fictional transaction fixture.
DEV_MIGRATION_FT_00741,DEV_MIGRATION_FL_00186,Count,116,2025-09-13,Fictional transaction fixture.
DEV_MIGRATION_FT_00742,DEV_MIGRATION_FL_00186,Delivery,117,2025-10-14,Fictional transaction fixture.
DEV_MIGRATION_FT_00743,DEV_MIGRATION_FL_00186,Removal,118,2025-11-15,Fictional transaction fixture.
DEV_MIGRATION_FT_00744,DEV_MIGRATION_FL_00186,Sale,119,2025-12-16,Fictional transaction fixture.
DEV_MIGRATION_FT_00745,DEV_MIGRATION_FL_00187,Count,120,2025-01-17,Fictional transaction fixture.
DEV_MIGRATION_FT_00746,DEV_MIGRATION_FL_00187,Delivery,121,2025-02-18,Fictional transaction fixture.
DEV_MIGRATION_FT_00747,DEV_MIGRATION_FL_00187,Removal,122,2025-03-19,Fictional transaction fixture.
DEV_MIGRATION_FT_00748,DEV_MIGRATION_FL_00187,Sale,123,2025-04-20,Fictional transaction fixture.
DEV_MIGRATION_FT_00749,DEV_MIGRATION_FL_00188,Count,124,2025-05-21,Fictional transaction fixture.
DEV_MIGRATION_FT_00750,DEV_MIGRATION_FL_00188,Delivery,100,2025-06-22,Fictional transaction fixture.
DEV_MIGRATION_FT_00751,DEV_MIGRATION_FL_00188,Removal,101,2025-07-23,Fictional transaction fixture.
DEV_MIGRATION_FT_00752,DEV_MIGRATION_FL_00188,Sale,102,2025-08-24,Fictional transaction fixture.
DEV_MIGRATION_FT_00753,DEV_MIGRATION_FL_00189,Count,103,2025-09-25,Fictional transaction fixture.
DEV_MIGRATION_FT_00754,DEV_MIGRATION_FL_00189,Delivery,104,2025-10-26,Fictional transaction fixture.
DEV_MIGRATION_FT_00755,DEV_MIGRATION_FL_00189,Removal,105,2025-11-27,Fictional transaction fixture.
DEV_MIGRATION_FT_00756,DEV_MIGRATION_FL_00189,Sale,106,2025-12-28,Fictional transaction fixture.
DEV_MIGRATION_FT_00757,DEV_MIGRATION_FL_00190,Count,107,2025-01-01,Fictional transaction fixture.
DEV_MIGRATION_FT_00758,DEV_MIGRATION_FL_00190,Delivery,108,2025-02-02,Fictional transaction fixture.
DEV_MIGRATION_FT_00759,DEV_MIGRATION_FL_00190,Removal,109,2025-03-03,Fictional transaction fixture.
DEV_MIGRATION_FT_00760,DEV_MIGRATION_FL_00190,Sale,110,2025-04-04,Fictional transaction fixture.
DEV_MIGRATION_FT_00761,DEV_MIGRATION_FL_00191,Count,111,2025-05-05,Fictional transaction fixture.
DEV_MIGRATION_FT_00762,DEV_MIGRATION_FL_00191,Delivery,112,2025-06-06,Fictional transaction fixture.
DEV_MIGRATION_FT_00763,DEV_MIGRATION_FL_00191,Removal,113,2025-07-07,Fictional transaction fixture.
DEV_MIGRATION_FT_00764,DEV_MIGRATION_FL_00191,Sale,114,2025-08-08,Fictional transaction fixture.
DEV_MIGRATION_FT_00765,DEV_MIGRATION_FL_00192,Count,115,2025-09-09,Fictional transaction fixture.
DEV_MIGRATION_FT_00766,DEV_MIGRATION_FL_00192,Delivery,116,2025-10-10,Fictional transaction fixture.
DEV_MIGRATION_FT_00767,DEV_MIGRATION_FL_00192,Removal,117,2025-11-11,Fictional transaction fixture.
DEV_MIGRATION_FT_00768,DEV_MIGRATION_FL_00192,Sale,118,2025-12-12,Fictional transaction fixture.
DEV_MIGRATION_FT_00769,DEV_MIGRATION_FL_00193,Count,119,2025-01-13,Fictional transaction fixture.
DEV_MIGRATION_FT_00770,DEV_MIGRATION_FL_00193,Delivery,120,2025-02-14,Fictional transaction fixture.
DEV_MIGRATION_FT_00771,DEV_MIGRATION_FL_00193,Removal,121,2025-03-15,Fictional transaction fixture.
DEV_MIGRATION_FT_00772,DEV_MIGRATION_FL_00193,Sale,122,2025-04-16,Fictional transaction fixture.
DEV_MIGRATION_FT_00773,DEV_MIGRATION_FL_00194,Count,123,2025-05-17,Fictional transaction fixture.
DEV_MIGRATION_FT_00774,DEV_MIGRATION_FL_00194,Delivery,124,2025-06-18,Fictional transaction fixture.
DEV_MIGRATION_FT_00775,DEV_MIGRATION_FL_00194,Removal,100,2025-07-19,Fictional transaction fixture.
DEV_MIGRATION_FT_00776,DEV_MIGRATION_FL_00194,Sale,101,2025-08-20,Fictional transaction fixture.
DEV_MIGRATION_FT_00777,DEV_MIGRATION_FL_00195,Count,102,2025-09-21,Fictional transaction fixture.
DEV_MIGRATION_FT_00778,DEV_MIGRATION_FL_00195,Delivery,103,2025-10-22,Fictional transaction fixture.
DEV_MIGRATION_FT_00779,DEV_MIGRATION_FL_00195,Removal,104,2025-11-23,Fictional transaction fixture.
DEV_MIGRATION_FT_00780,DEV_MIGRATION_FL_00195,Sale,105,2025-12-24,Fictional transaction fixture.
DEV_MIGRATION_FT_00781,DEV_MIGRATION_FL_00196,Count,106,2025-01-25,Fictional transaction fixture.
DEV_MIGRATION_FT_00782,DEV_MIGRATION_FL_00196,Delivery,107,2025-02-26,Fictional transaction fixture.
DEV_MIGRATION_FT_00783,DEV_MIGRATION_FL_00196,Removal,108,2025-03-27,Fictional transaction fixture.
DEV_MIGRATION_FT_00784,DEV_MIGRATION_FL_00196,Sale,109,2025-04-28,Fictional transaction fixture.
DEV_MIGRATION_FT_00785,DEV_MIGRATION_FL_00197,Count,110,2025-05-01,Fictional transaction fixture.
DEV_MIGRATION_FT_00786,DEV_MIGRATION_FL_00197,Delivery,111,2025-06-02,Fictional transaction fixture.
DEV_MIGRATION_FT_00787,DEV_MIGRATION_FL_00197,Removal,112,2025-07-03,Fictional transaction fixture.
DEV_MIGRATION_FT_00788,DEV_MIGRATION_FL_00197,Sale,113,2025-08-04,Fictional transaction fixture.
DEV_MIGRATION_FT_00789,DEV_MIGRATION_FL_00198,Count,114,2025-09-05,Fictional transaction fixture.
DEV_MIGRATION_FT_00790,DEV_MIGRATION_FL_00198,Delivery,115,2025-10-06,Fictional transaction fixture.
DEV_MIGRATION_FT_00791,DEV_MIGRATION_FL_00198,Removal,116,2025-11-07,Fictional transaction fixture.
DEV_MIGRATION_FT_00792,DEV_MIGRATION_FL_00198,Sale,117,2025-12-08,Fictional transaction fixture.
DEV_MIGRATION_FT_00793,DEV_MIGRATION_FL_00199,Count,118,2025-01-09,Fictional transaction fixture.
DEV_MIGRATION_FT_00794,DEV_MIGRATION_FL_00199,Delivery,119,2025-02-10,Fictional transaction fixture.
DEV_MIGRATION_FT_00795,DEV_MIGRATION_FL_00199,Removal,120,2025-03-11,Fictional transaction fixture.
DEV_MIGRATION_FT_00796,DEV_MIGRATION_FL_00199,Sale,121,2025-04-12,Fictional transaction fixture.
DEV_MIGRATION_FT_00797,DEV_MIGRATION_FL_00200,Count,122,2025-05-13,Fictional transaction fixture.
DEV_MIGRATION_FT_00798,DEV_MIGRATION_FL_00200,Delivery,123,2025-06-14,Fictional transaction fixture.
DEV_MIGRATION_FT_00799,DEV_MIGRATION_FL_00200,Removal,124,2025-07-15,Fictional transaction fixture.
DEV_MIGRATION_FT_00800,DEV_MIGRATION_FL_00200,Sale,100,2025-08-16,Fictional transaction fixture.
DEV_MIGRATION_FT_00801,DEV_MIGRATION_FL_00201,Count,101,2025-09-17,Fictional transaction fixture.
DEV_MIGRATION_FT_00802,DEV_MIGRATION_FL_00201,Delivery,102,2025-10-18,Fictional transaction fixture.
DEV_MIGRATION_FT_00803,DEV_MIGRATION_FL_00201,Removal,103,2025-11-19,Fictional transaction fixture.
DEV_MIGRATION_FT_00804,DEV_MIGRATION_FL_00201,Sale,104,2025-12-20,Fictional transaction fixture.
DEV_MIGRATION_FT_00805,DEV_MIGRATION_FL_00202,Count,105,2025-01-21,Fictional transaction fixture.
DEV_MIGRATION_FT_00806,DEV_MIGRATION_FL_00202,Delivery,106,2025-02-22,Fictional transaction fixture.
DEV_MIGRATION_FT_00807,DEV_MIGRATION_FL_00202,Removal,107,2025-03-23,Fictional transaction fixture.
DEV_MIGRATION_FT_00808,DEV_MIGRATION_FL_00202,Sale,108,2025-04-24,Fictional transaction fixture.
DEV_MIGRATION_FT_00809,DEV_MIGRATION_FL_00203,Count,109,2025-05-25,Fictional transaction fixture.
DEV_MIGRATION_FT_00810,DEV_MIGRATION_FL_00203,Delivery,110,2025-06-26,Fictional transaction fixture.
DEV_MIGRATION_FT_00811,DEV_MIGRATION_FL_00203,Removal,111,2025-07-27,Fictional transaction fixture.
DEV_MIGRATION_FT_00812,DEV_MIGRATION_FL_00203,Sale,112,2025-08-28,Fictional transaction fixture.
DEV_MIGRATION_FT_00813,DEV_MIGRATION_FL_00204,Count,113,2025-09-01,Fictional transaction fixture.
DEV_MIGRATION_FT_00814,DEV_MIGRATION_FL_00204,Delivery,114,2025-10-02,Fictional transaction fixture.
DEV_MIGRATION_FT_00815,DEV_MIGRATION_FL_00204,Removal,115,2025-11-03,Fictional transaction fixture.
DEV_MIGRATION_FT_00816,DEV_MIGRATION_FL_00204,Sale,116,2025-12-04,Fictional transaction fixture.
DEV_MIGRATION_FT_00817,DEV_MIGRATION_FL_00205,Count,117,2025-01-05,Fictional transaction fixture.
DEV_MIGRATION_FT_00818,DEV_MIGRATION_FL_00205,Delivery,118,2025-02-06,Fictional transaction fixture.
DEV_MIGRATION_FT_00819,DEV_MIGRATION_FL_00205,Removal,119,2025-03-07,Fictional transaction fixture.
DEV_MIGRATION_FT_00820,DEV_MIGRATION_FL_00205,Sale,120,2025-04-08,Fictional transaction fixture.
DEV_MIGRATION_FT_00821,DEV_MIGRATION_FL_00206,Count,121,2025-05-09,Fictional transaction fixture.
DEV_MIGRATION_FT_00822,DEV_MIGRATION_FL_00206,Delivery,122,2025-06-10,Fictional transaction fixture.
DEV_MIGRATION_FT_00823,DEV_MIGRATION_FL_00206,Removal,123,2025-07-11,Fictional transaction fixture.
DEV_MIGRATION_FT_00824,DEV_MIGRATION_FL_00206,Sale,124,2025-08-12,Fictional transaction fixture.
DEV_MIGRATION_FT_00825,DEV_MIGRATION_FL_00207,Count,100,2025-09-13,Fictional transaction fixture.
DEV_MIGRATION_FT_00826,DEV_MIGRATION_FL_00207,Delivery,101,2025-10-14,Fictional transaction fixture.
DEV_MIGRATION_FT_00827,DEV_MIGRATION_FL_00207,Removal,102,2025-11-15,Fictional transaction fixture.
DEV_MIGRATION_FT_00828,DEV_MIGRATION_FL_00207,Sale,103,2025-12-16,Fictional transaction fixture.
DEV_MIGRATION_FT_00829,DEV_MIGRATION_FL_00208,Count,104,2025-01-17,Fictional transaction fixture.
DEV_MIGRATION_FT_00830,DEV_MIGRATION_FL_00208,Delivery,105,2025-02-18,Fictional transaction fixture.
DEV_MIGRATION_FT_00831,DEV_MIGRATION_FL_00208,Removal,106,2025-03-19,Fictional transaction fixture.
DEV_MIGRATION_FT_00832,DEV_MIGRATION_FL_00208,Sale,107,2025-04-20,Fictional transaction fixture.
DEV_MIGRATION_FT_00833,DEV_MIGRATION_FL_00209,Count,108,2025-05-21,Fictional transaction fixture.
DEV_MIGRATION_FT_00834,DEV_MIGRATION_FL_00209,Delivery,109,2025-06-22,Fictional transaction fixture.
DEV_MIGRATION_FT_00835,DEV_MIGRATION_FL_00209,Removal,110,2025-07-23,Fictional transaction fixture.
DEV_MIGRATION_FT_00836,DEV_MIGRATION_FL_00209,Sale,111,2025-08-24,Fictional transaction fixture.
DEV_MIGRATION_FT_00837,DEV_MIGRATION_FL_00210,Count,112,2025-09-25,Fictional transaction fixture.
DEV_MIGRATION_FT_00838,DEV_MIGRATION_FL_00210,Delivery,113,2025-10-26,Fictional transaction fixture.
DEV_MIGRATION_FT_00839,DEV_MIGRATION_FL_00210,Removal,114,2025-11-27,Fictional transaction fixture.
DEV_MIGRATION_FT_00840,DEV_MIGRATION_FL_00210,Sale,115,2025-12-28,Fictional transaction fixture.
DEV_MIGRATION_FT_00841,DEV_MIGRATION_FL_00211,Count,116,2025-01-01,Fictional transaction fixture.
DEV_MIGRATION_FT_00842,DEV_MIGRATION_FL_00211,Delivery,117,2025-02-02,Fictional transaction fixture.
DEV_MIGRATION_FT_00843,DEV_MIGRATION_FL_00211,Removal,118,2025-03-03,Fictional transaction fixture.
DEV_MIGRATION_FT_00844,DEV_MIGRATION_FL_00211,Sale,119,2025-04-04,Fictional transaction fixture.
DEV_MIGRATION_FT_00845,DEV_MIGRATION_FL_00212,Count,120,2025-05-05,Fictional transaction fixture.
DEV_MIGRATION_FT_00846,DEV_MIGRATION_FL_00212,Delivery,121,2025-06-06,Fictional transaction fixture.
DEV_MIGRATION_FT_00847,DEV_MIGRATION_FL_00212,Removal,122,2025-07-07,Fictional transaction fixture.
DEV_MIGRATION_FT_00848,DEV_MIGRATION_FL_00212,Sale,123,2025-08-08,Fictional transaction fixture.
DEV_MIGRATION_FT_00849,DEV_MIGRATION_FL_00213,Count,124,2025-09-09,Fictional transaction fixture.
DEV_MIGRATION_FT_00850,DEV_MIGRATION_FL_00213,Delivery,100,2025-10-10,Fictional transaction fixture.
DEV_MIGRATION_FT_00851,DEV_MIGRATION_FL_00213,Removal,101,2025-11-11,Fictional transaction fixture.
DEV_MIGRATION_FT_00852,DEV_MIGRATION_FL_00213,Sale,102,2025-12-12,Fictional transaction fixture.
DEV_MIGRATION_FT_00853,DEV_MIGRATION_FL_00214,Count,103,2025-01-13,Fictional transaction fixture.
DEV_MIGRATION_FT_00854,DEV_MIGRATION_FL_00214,Delivery,104,2025-02-14,Fictional transaction fixture.
DEV_MIGRATION_FT_00855,DEV_MIGRATION_FL_00214,Removal,105,2025-03-15,Fictional transaction fixture.
DEV_MIGRATION_FT_00856,DEV_MIGRATION_FL_00214,Sale,106,2025-04-16,Fictional transaction fixture.
DEV_MIGRATION_FT_00857,DEV_MIGRATION_FL_00215,Count,107,2025-05-17,Fictional transaction fixture.
DEV_MIGRATION_FT_00858,DEV_MIGRATION_FL_00215,Delivery,108,2025-06-18,Fictional transaction fixture.
DEV_MIGRATION_FT_00859,DEV_MIGRATION_FL_00215,Removal,109,2025-07-19,Fictional transaction fixture.
DEV_MIGRATION_FT_00860,DEV_MIGRATION_FL_00215,Sale,110,2025-08-20,Fictional transaction fixture.
DEV_MIGRATION_FT_00861,DEV_MIGRATION_FL_00216,Count,111,2025-09-21,Fictional transaction fixture.
DEV_MIGRATION_FT_00862,DEV_MIGRATION_FL_00216,Delivery,112,2025-10-22,Fictional transaction fixture.
DEV_MIGRATION_FT_00863,DEV_MIGRATION_FL_00216,Removal,113,2025-11-23,Fictional transaction fixture.
DEV_MIGRATION_FT_00864,DEV_MIGRATION_FL_00216,Sale,114,2025-12-24,Fictional transaction fixture.
DEV_MIGRATION_FT_00865,DEV_MIGRATION_FL_00217,Count,115,2025-01-25,Fictional transaction fixture.
DEV_MIGRATION_FT_00866,DEV_MIGRATION_FL_00217,Delivery,116,2025-02-26,Fictional transaction fixture.
DEV_MIGRATION_FT_00867,DEV_MIGRATION_FL_00217,Removal,117,2025-03-27,Fictional transaction fixture.
DEV_MIGRATION_FT_00868,DEV_MIGRATION_FL_00217,Sale,118,2025-04-28,Fictional transaction fixture.
DEV_MIGRATION_FT_00869,DEV_MIGRATION_FL_00218,Count,119,2025-05-01,Fictional transaction fixture.
DEV_MIGRATION_FT_00870,DEV_MIGRATION_FL_00218,Delivery,120,2025-06-02,Fictional transaction fixture.
DEV_MIGRATION_FT_00871,DEV_MIGRATION_FL_00218,Removal,121,2025-07-03,Fictional transaction fixture.
DEV_MIGRATION_FT_00872,DEV_MIGRATION_FL_00218,Sale,122,2025-08-04,Fictional transaction fixture.
DEV_MIGRATION_FT_00873,DEV_MIGRATION_FL_00219,Count,123,2025-09-05,Fictional transaction fixture.
DEV_MIGRATION_FT_00874,DEV_MIGRATION_FL_00219,Delivery,124,2025-10-06,Fictional transaction fixture.
DEV_MIGRATION_FT_00875,DEV_MIGRATION_FL_00219,Removal,100,2025-11-07,Fictional transaction fixture.
DEV_MIGRATION_FT_00876,DEV_MIGRATION_FL_00219,Sale,101,2025-12-08,Fictional transaction fixture.
DEV_MIGRATION_FT_00877,DEV_MIGRATION_FL_00220,Count,102,2025-01-09,Fictional transaction fixture.
DEV_MIGRATION_FT_00878,DEV_MIGRATION_FL_00220,Delivery,103,2025-02-10,Fictional transaction fixture.
DEV_MIGRATION_FT_00879,DEV_MIGRATION_FL_00220,Removal,104,2025-03-11,Fictional transaction fixture.
DEV_MIGRATION_FT_00880,DEV_MIGRATION_FL_00220,Sale,105,2025-04-12,Fictional transaction fixture.
DEV_MIGRATION_FT_00881,DEV_MIGRATION_FL_00221,Count,106,2025-05-13,Fictional transaction fixture.
DEV_MIGRATION_FT_00882,DEV_MIGRATION_FL_00221,Delivery,107,2025-06-14,Fictional transaction fixture.
DEV_MIGRATION_FT_00883,DEV_MIGRATION_FL_00221,Removal,108,2025-07-15,Fictional transaction fixture.
DEV_MIGRATION_FT_00884,DEV_MIGRATION_FL_00221,Sale,109,2025-08-16,Fictional transaction fixture.
DEV_MIGRATION_FT_00885,DEV_MIGRATION_FL_00222,Count,110,2025-09-17,Fictional transaction fixture.
DEV_MIGRATION_FT_00886,DEV_MIGRATION_FL_00222,Delivery,111,2025-10-18,Fictional transaction fixture.
DEV_MIGRATION_FT_00887,DEV_MIGRATION_FL_00222,Removal,112,2025-11-19,Fictional transaction fixture.
DEV_MIGRATION_FT_00888,DEV_MIGRATION_FL_00222,Sale,113,2025-12-20,Fictional transaction fixture.
DEV_MIGRATION_FT_00889,DEV_MIGRATION_FL_00223,Count,114,2025-01-21,Fictional transaction fixture.
DEV_MIGRATION_FT_00890,DEV_MIGRATION_FL_00223,Delivery,115,2025-02-22,Fictional transaction fixture.
DEV_MIGRATION_FT_00891,DEV_MIGRATION_FL_00223,Removal,116,2025-03-23,Fictional transaction fixture.
DEV_MIGRATION_FT_00892,DEV_MIGRATION_FL_00223,Sale,117,2025-04-24,Fictional transaction fixture.
DEV_MIGRATION_FT_00893,DEV_MIGRATION_FL_00224,Count,118,2025-05-25,Fictional transaction fixture.
DEV_MIGRATION_FT_00894,DEV_MIGRATION_FL_00224,Delivery,119,2025-06-26,Fictional transaction fixture.
DEV_MIGRATION_FT_00895,DEV_MIGRATION_FL_00224,Removal,120,2025-07-27,Fictional transaction fixture.
DEV_MIGRATION_FT_00896,DEV_MIGRATION_FL_00224,Sale,121,2025-08-28,Fictional transaction fixture.
DEV_MIGRATION_FT_00897,DEV_MIGRATION_FL_00225,Count,122,2025-09-01,Fictional transaction fixture.
DEV_MIGRATION_FT_00898,DEV_MIGRATION_FL_00225,Delivery,123,2025-10-02,Fictional transaction fixture.
DEV_MIGRATION_FT_00899,DEV_MIGRATION_FL_00225,Removal,124,2025-11-03,Fictional transaction fixture.
DEV_MIGRATION_FT_00900,DEV_MIGRATION_FL_00225,Sale,100,2025-12-04,Fictional transaction fixture.
DEV_MIGRATION_FT_00901,DEV_MIGRATION_FL_00226,Count,101,2025-01-05,Fictional transaction fixture.
DEV_MIGRATION_FT_00902,DEV_MIGRATION_FL_00226,Delivery,102,2025-02-06,Fictional transaction fixture.
DEV_MIGRATION_FT_00903,DEV_MIGRATION_FL_00226,Removal,103,2025-03-07,Fictional transaction fixture.
DEV_MIGRATION_FT_00904,DEV_MIGRATION_FL_00226,Sale,104,2025-04-08,Fictional transaction fixture.
DEV_MIGRATION_FT_00905,DEV_MIGRATION_FL_00227,Count,105,2025-05-09,Fictional transaction fixture.
DEV_MIGRATION_FT_00906,DEV_MIGRATION_FL_00227,Delivery,106,2025-06-10,Fictional transaction fixture.
DEV_MIGRATION_FT_00907,DEV_MIGRATION_FL_00227,Removal,107,2025-07-11,Fictional transaction fixture.
DEV_MIGRATION_FT_00908,DEV_MIGRATION_FL_00227,Sale,108,2025-08-12,Fictional transaction fixture.
DEV_MIGRATION_FT_00909,DEV_MIGRATION_FL_00228,Count,109,2025-09-13,Fictional transaction fixture.
DEV_MIGRATION_FT_00910,DEV_MIGRATION_FL_00228,Delivery,110,2025-10-14,Fictional transaction fixture.
DEV_MIGRATION_FT_00911,DEV_MIGRATION_FL_00228,Removal,111,2025-11-15,Fictional transaction fixture.
DEV_MIGRATION_FT_00912,DEV_MIGRATION_FL_00228,Sale,112,2025-12-16,Fictional transaction fixture.
DEV_MIGRATION_FT_00913,DEV_MIGRATION_FL_00229,Count,113,2025-01-17,Fictional transaction fixture.
DEV_MIGRATION_FT_00914,DEV_MIGRATION_FL_00229,Delivery,114,2025-02-18,Fictional transaction fixture.
DEV_MIGRATION_FT_00915,DEV_MIGRATION_FL_00229,Removal,115,2025-03-19,Fictional transaction fixture.
DEV_MIGRATION_FT_00916,DEV_MIGRATION_FL_00229,Sale,116,2025-04-20,Fictional transaction fixture.
DEV_MIGRATION_FT_00917,DEV_MIGRATION_FL_00230,Count,117,2025-05-21,Fictional transaction fixture.
DEV_MIGRATION_FT_00918,DEV_MIGRATION_FL_00230,Delivery,118,2025-06-22,Fictional transaction fixture.
DEV_MIGRATION_FT_00919,DEV_MIGRATION_FL_00230,Removal,119,2025-07-23,Fictional transaction fixture.
DEV_MIGRATION_FT_00920,DEV_MIGRATION_FL_00230,Sale,120,2025-08-24,Fictional transaction fixture.
DEV_MIGRATION_FT_00921,DEV_MIGRATION_FL_00231,Count,121,2025-09-25,Fictional transaction fixture.
DEV_MIGRATION_FT_00922,DEV_MIGRATION_FL_00231,Delivery,122,2025-10-26,Fictional transaction fixture.
DEV_MIGRATION_FT_00923,DEV_MIGRATION_FL_00231,Removal,123,2025-11-27,Fictional transaction fixture.
DEV_MIGRATION_FT_00924,DEV_MIGRATION_FL_00231,Sale,124,2025-12-28,Fictional transaction fixture.
DEV_MIGRATION_FT_00925,DEV_MIGRATION_FL_00232,Count,100,2025-01-01,Fictional transaction fixture.
DEV_MIGRATION_FT_00926,DEV_MIGRATION_FL_00232,Delivery,101,2025-02-02,Fictional transaction fixture.
DEV_MIGRATION_FT_00927,DEV_MIGRATION_FL_00232,Removal,102,2025-03-03,Fictional transaction fixture.
DEV_MIGRATION_FT_00928,DEV_MIGRATION_FL_00232,Sale,103,2025-04-04,Fictional transaction fixture.
DEV_MIGRATION_FT_00929,DEV_MIGRATION_FL_00233,Count,104,2025-05-05,Fictional transaction fixture.
DEV_MIGRATION_FT_00930,DEV_MIGRATION_FL_00233,Delivery,105,2025-06-06,Fictional transaction fixture.
DEV_MIGRATION_FT_00931,DEV_MIGRATION_FL_00233,Removal,106,2025-07-07,Fictional transaction fixture.
DEV_MIGRATION_FT_00932,DEV_MIGRATION_FL_00233,Sale,107,2025-08-08,Fictional transaction fixture.
DEV_MIGRATION_FT_00933,DEV_MIGRATION_FL_00234,Count,108,2025-09-09,Fictional transaction fixture.
DEV_MIGRATION_FT_00934,DEV_MIGRATION_FL_00234,Delivery,109,2025-10-10,Fictional transaction fixture.
DEV_MIGRATION_FT_00935,DEV_MIGRATION_FL_00234,Removal,110,2025-11-11,Fictional transaction fixture.
DEV_MIGRATION_FT_00936,DEV_MIGRATION_FL_00234,Sale,111,2025-12-12,Fictional transaction fixture.
DEV_MIGRATION_FT_00937,DEV_MIGRATION_FL_00235,Count,112,2025-01-13,Fictional transaction fixture.
DEV_MIGRATION_FT_00938,DEV_MIGRATION_FL_00235,Delivery,113,2025-02-14,Fictional transaction fixture.
DEV_MIGRATION_FT_00939,DEV_MIGRATION_FL_00235,Removal,114,2025-03-15,Fictional transaction fixture.
DEV_MIGRATION_FT_00940,DEV_MIGRATION_FL_00235,Sale,115,2025-04-16,Fictional transaction fixture.
DEV_MIGRATION_FT_00941,DEV_MIGRATION_FL_00236,Count,116,2025-05-17,Fictional transaction fixture.
DEV_MIGRATION_FT_00942,DEV_MIGRATION_FL_00236,Delivery,117,2025-06-18,Fictional transaction fixture.
DEV_MIGRATION_FT_00943,DEV_MIGRATION_FL_00236,Removal,118,2025-07-19,Fictional transaction fixture.
DEV_MIGRATION_FT_00944,DEV_MIGRATION_FL_00236,Sale,119,2025-08-20,Fictional transaction fixture.
DEV_MIGRATION_FT_00945,DEV_MIGRATION_FL_00237,Count,120,2025-09-21,Fictional transaction fixture.
DEV_MIGRATION_FT_00946,DEV_MIGRATION_FL_00237,Delivery,121,2025-10-22,Fictional transaction fixture.
DEV_MIGRATION_FT_00947,DEV_MIGRATION_FL_00237,Removal,122,2025-11-23,Fictional transaction fixture.
DEV_MIGRATION_FT_00948,DEV_MIGRATION_FL_00237,Sale,123,2025-12-24,Fictional transaction fixture.
DEV_MIGRATION_FT_00949,DEV_MIGRATION_FL_00238,Count,124,2025-01-25,Fictional transaction fixture.
DEV_MIGRATION_FT_00950,DEV_MIGRATION_FL_00238,Delivery,100,2025-02-26,Fictional transaction fixture.
DEV_MIGRATION_FT_00951,DEV_MIGRATION_FL_00238,Removal,101,2025-03-27,Fictional transaction fixture.
DEV_MIGRATION_FT_00952,DEV_MIGRATION_FL_00238,Sale,102,2025-04-28,Fictional transaction fixture.
DEV_MIGRATION_FT_00953,DEV_MIGRATION_FL_00239,Count,103,2025-05-01,Fictional transaction fixture.
DEV_MIGRATION_FT_00954,DEV_MIGRATION_FL_00239,Delivery,104,2025-06-02,Fictional transaction fixture.
DEV_MIGRATION_FT_00955,DEV_MIGRATION_FL_00239,Removal,105,2025-07-03,Fictional transaction fixture.
DEV_MIGRATION_FT_00956,DEV_MIGRATION_FL_00239,Sale,106,2025-08-04,Fictional transaction fixture.
DEV_MIGRATION_FT_00957,DEV_MIGRATION_FL_00240,Count,107,2025-09-05,Fictional transaction fixture.
DEV_MIGRATION_FT_00958,DEV_MIGRATION_FL_00240,Delivery,108,2025-10-06,Fictional transaction fixture.
DEV_MIGRATION_FT_00959,DEV_MIGRATION_FL_00240,Removal,109,2025-11-07,Fictional transaction fixture.
DEV_MIGRATION_FT_00960,DEV_MIGRATION_FL_00240,Sale,110,2025-12-08,Fictional transaction fixture.
DEV_MIGRATION_FT_00961,DEV_MIGRATION_FL_00241,Count,111,2025-01-09,Fictional transaction fixture.
DEV_MIGRATION_FT_00962,DEV_MIGRATION_FL_00241,Delivery,112,2025-02-10,Fictional transaction fixture.
DEV_MIGRATION_FT_00963,DEV_MIGRATION_FL_00241,Removal,113,2025-03-11,Fictional transaction fixture.
DEV_MIGRATION_FT_00964,DEV_MIGRATION_FL_00241,Sale,114,2025-04-12,Fictional transaction fixture.
DEV_MIGRATION_FT_00965,DEV_MIGRATION_FL_00242,Count,115,2025-05-13,Fictional transaction fixture.
DEV_MIGRATION_FT_00966,DEV_MIGRATION_FL_00242,Delivery,116,2025-06-14,Fictional transaction fixture.
DEV_MIGRATION_FT_00967,DEV_MIGRATION_FL_00242,Removal,117,2025-07-15,Fictional transaction fixture.
DEV_MIGRATION_FT_00968,DEV_MIGRATION_FL_00242,Sale,118,2025-08-16,Fictional transaction fixture.
DEV_MIGRATION_FT_00969,DEV_MIGRATION_FL_00243,Count,119,2025-09-17,Fictional transaction fixture.
DEV_MIGRATION_FT_00970,DEV_MIGRATION_FL_00243,Delivery,120,2025-10-18,Fictional transaction fixture.
DEV_MIGRATION_FT_00971,DEV_MIGRATION_FL_00243,Removal,121,2025-11-19,Fictional transaction fixture.
DEV_MIGRATION_FT_00972,DEV_MIGRATION_FL_00243,Sale,122,2025-12-20,Fictional transaction fixture.
DEV_MIGRATION_FT_00973,DEV_MIGRATION_FL_00244,Count,123,2025-01-21,Fictional transaction fixture.
DEV_MIGRATION_FT_00974,DEV_MIGRATION_FL_00244,Delivery,124,2025-02-22,Fictional transaction fixture.
DEV_MIGRATION_FT_00975,DEV_MIGRATION_FL_00244,Removal,100,2025-03-23,Fictional transaction fixture.
DEV_MIGRATION_FT_00976,DEV_MIGRATION_FL_00244,Sale,101,2025-04-24,Fictional transaction fixture.
DEV_MIGRATION_FT_00977,DEV_MIGRATION_FL_00245,Count,102,2025-05-25,Fictional transaction fixture.
DEV_MIGRATION_FT_00978,DEV_MIGRATION_FL_00245,Delivery,103,2025-06-26,Fictional transaction fixture.
DEV_MIGRATION_FT_00979,DEV_MIGRATION_FL_00245,Removal,104,2025-07-27,Fictional transaction fixture.
DEV_MIGRATION_FT_00980,DEV_MIGRATION_FL_00245,Sale,105,2025-08-28,Fictional transaction fixture.
DEV_MIGRATION_FT_00981,DEV_MIGRATION_FL_00246,Count,106,2025-09-01,Fictional transaction fixture.
DEV_MIGRATION_FT_00982,DEV_MIGRATION_FL_00246,Delivery,107,2025-10-02,Fictional transaction fixture.
DEV_MIGRATION_FT_00983,DEV_MIGRATION_FL_00246,Removal,108,2025-11-03,Fictional transaction fixture.
DEV_MIGRATION_FT_00984,DEV_MIGRATION_FL_00246,Sale,109,2025-12-04,Fictional transaction fixture.
DEV_MIGRATION_FT_00985,DEV_MIGRATION_FL_00247,Count,110,2025-01-05,Fictional transaction fixture.
DEV_MIGRATION_FT_00986,DEV_MIGRATION_FL_00247,Delivery,111,2025-02-06,Fictional transaction fixture.
DEV_MIGRATION_FT_00987,DEV_MIGRATION_FL_00247,Removal,112,2025-03-07,Fictional transaction fixture.
DEV_MIGRATION_FT_00988,DEV_MIGRATION_FL_00247,Sale,113,2025-04-08,Fictional transaction fixture.
DEV_MIGRATION_FT_00989,DEV_MIGRATION_FL_00248,Count,114,2025-05-09,Fictional transaction fixture.
DEV_MIGRATION_FT_00990,DEV_MIGRATION_FL_00248,Delivery,115,2025-06-10,Fictional transaction fixture.
DEV_MIGRATION_FT_00991,DEV_MIGRATION_FL_00248,Removal,116,2025-07-11,Fictional transaction fixture.
DEV_MIGRATION_FT_00992,DEV_MIGRATION_FL_00248,Sale,117,2025-08-12,Fictional transaction fixture.
DEV_MIGRATION_FT_00993,DEV_MIGRATION_FL_00249,Count,118,2025-09-13,Fictional transaction fixture.
DEV_MIGRATION_FT_00994,DEV_MIGRATION_FL_00249,Delivery,119,2025-10-14,Fictional transaction fixture.
DEV_MIGRATION_FT_00995,DEV_MIGRATION_FL_00249,Removal,120,2025-11-15,Fictional transaction fixture.
DEV_MIGRATION_FT_00996,DEV_MIGRATION_FL_00249,Sale,121,2025-12-16,Fictional transaction fixture.
DEV_MIGRATION_FT_00997,DEV_MIGRATION_FL_00250,Count,122,2025-01-17,Fictional transaction fixture.
DEV_MIGRATION_FT_00998,DEV_MIGRATION_FL_00250,Delivery,123,2025-02-18,Fictional transaction fixture.
DEV_MIGRATION_FT_00999,DEV_MIGRATION_FL_00250,Removal,124,2025-03-19,Fictional transaction fixture.
DEV_MIGRATION_FT_01000,DEV_MIGRATION_FL_00250,Sale,100,2025-04-20,Fictional transaction fixture.
DEV_MIGRATION_FT_01001,DEV_MIGRATION_FL_00251,Count,101,2025-05-21,Fictional transaction fixture.
DEV_MIGRATION_FT_01002,DEV_MIGRATION_FL_00251,Delivery,102,2025-06-22,Fictional transaction fixture.
DEV_MIGRATION_FT_01003,DEV_MIGRATION_FL_00251,Removal,103,2025-07-23,Fictional transaction fixture.
DEV_MIGRATION_FT_01004,DEV_MIGRATION_FL_00251,Sale,104,2025-08-24,Fictional transaction fixture.
DEV_MIGRATION_FT_01005,DEV_MIGRATION_FL_00252,Count,105,2025-09-25,Fictional transaction fixture.
DEV_MIGRATION_FT_01006,DEV_MIGRATION_FL_00252,Delivery,106,2025-10-26,Fictional transaction fixture.
DEV_MIGRATION_FT_01007,DEV_MIGRATION_FL_00252,Removal,107,2025-11-27,Fictional transaction fixture.
DEV_MIGRATION_FT_01008,DEV_MIGRATION_FL_00252,Sale,108,2025-12-28,Fictional transaction fixture.
DEV_MIGRATION_FT_01009,DEV_MIGRATION_FL_00253,Count,109,2025-01-01,Fictional transaction fixture.
DEV_MIGRATION_FT_01010,DEV_MIGRATION_FL_00253,Delivery,110,2025-02-02,Fictional transaction fixture.
DEV_MIGRATION_FT_01011,DEV_MIGRATION_FL_00253,Removal,111,2025-03-03,Fictional transaction fixture.
DEV_MIGRATION_FT_01012,DEV_MIGRATION_FL_00253,Sale,112,2025-04-04,Fictional transaction fixture.
DEV_MIGRATION_FT_01013,DEV_MIGRATION_FL_00254,Count,113,2025-05-05,Fictional transaction fixture.
DEV_MIGRATION_FT_01014,DEV_MIGRATION_FL_00254,Delivery,114,2025-06-06,Fictional transaction fixture.
DEV_MIGRATION_FT_01015,DEV_MIGRATION_FL_00254,Removal,115,2025-07-07,Fictional transaction fixture.
DEV_MIGRATION_FT_01016,DEV_MIGRATION_FL_00254,Sale,116,2025-08-08,Fictional transaction fixture.
DEV_MIGRATION_FT_01017,DEV_MIGRATION_FL_00255,Count,117,2025-09-09,Fictional transaction fixture.
DEV_MIGRATION_FT_01018,DEV_MIGRATION_FL_00255,Delivery,118,2025-10-10,Fictional transaction fixture.
DEV_MIGRATION_FT_01019,DEV_MIGRATION_FL_00255,Removal,119,2025-11-11,Fictional transaction fixture.
DEV_MIGRATION_FT_01020,DEV_MIGRATION_FL_00255,Sale,120,2025-12-12,Fictional transaction fixture.
DEV_MIGRATION_FT_01021,DEV_MIGRATION_FL_00256,Count,121,2025-01-13,Fictional transaction fixture.
DEV_MIGRATION_FT_01022,DEV_MIGRATION_FL_00256,Delivery,122,2025-02-14,Fictional transaction fixture.
DEV_MIGRATION_FT_01023,DEV_MIGRATION_FL_00256,Removal,123,2025-03-15,Fictional transaction fixture.
DEV_MIGRATION_FT_01024,DEV_MIGRATION_FL_00256,Sale,124,2025-04-16,Fictional transaction fixture.
DEV_MIGRATION_FT_01025,DEV_MIGRATION_FL_00257,Count,100,2025-05-17,Fictional transaction fixture.
DEV_MIGRATION_FT_01026,DEV_MIGRATION_FL_00257,Delivery,101,2025-06-18,Fictional transaction fixture.
DEV_MIGRATION_FT_01027,DEV_MIGRATION_FL_00257,Removal,102,2025-07-19,Fictional transaction fixture.
DEV_MIGRATION_FT_01028,DEV_MIGRATION_FL_00257,Sale,103,2025-08-20,Fictional transaction fixture.
DEV_MIGRATION_FT_01029,DEV_MIGRATION_FL_00258,Count,104,2025-09-21,Fictional transaction fixture.
DEV_MIGRATION_FT_01030,DEV_MIGRATION_FL_00258,Delivery,105,2025-10-22,Fictional transaction fixture.
DEV_MIGRATION_FT_01031,DEV_MIGRATION_FL_00258,Removal,106,2025-11-23,Fictional transaction fixture.
DEV_MIGRATION_FT_01032,DEV_MIGRATION_FL_00258,Sale,107,2025-12-24,Fictional transaction fixture.
DEV_MIGRATION_FT_01033,DEV_MIGRATION_FL_00259,Count,108,2025-01-25,Fictional transaction fixture.
DEV_MIGRATION_FT_01034,DEV_MIGRATION_FL_00259,Delivery,109,2025-02-26,Fictional transaction fixture.
DEV_MIGRATION_FT_01035,DEV_MIGRATION_FL_00259,Removal,110,2025-03-27,Fictional transaction fixture.
DEV_MIGRATION_FT_01036,DEV_MIGRATION_FL_00259,Sale,111,2025-04-28,Fictional transaction fixture.
DEV_MIGRATION_FT_01037,DEV_MIGRATION_FL_00260,Count,112,2025-05-01,Fictional transaction fixture.
DEV_MIGRATION_FT_01038,DEV_MIGRATION_FL_00260,Delivery,113,2025-06-02,Fictional transaction fixture.
DEV_MIGRATION_FT_01039,DEV_MIGRATION_FL_00260,Removal,114,2025-07-03,Fictional transaction fixture.
DEV_MIGRATION_FT_01040,DEV_MIGRATION_FL_00260,Sale,115,2025-08-04,Fictional transaction fixture.
DEV_MIGRATION_FT_01041,DEV_MIGRATION_FL_00261,Count,116,2025-09-05,Fictional transaction fixture.
DEV_MIGRATION_FT_01042,DEV_MIGRATION_FL_00261,Delivery,117,2025-10-06,Fictional transaction fixture.
DEV_MIGRATION_FT_01043,DEV_MIGRATION_FL_00261,Removal,118,2025-11-07,Fictional transaction fixture.
DEV_MIGRATION_FT_01044,DEV_MIGRATION_FL_00261,Sale,119,2025-12-08,Fictional transaction fixture.
DEV_MIGRATION_FT_01045,DEV_MIGRATION_FL_00262,Count,120,2025-01-09,Fictional transaction fixture.
DEV_MIGRATION_FT_01046,DEV_MIGRATION_FL_00262,Delivery,121,2025-02-10,Fictional transaction fixture.
DEV_MIGRATION_FT_01047,DEV_MIGRATION_FL_00262,Removal,122,2025-03-11,Fictional transaction fixture.
DEV_MIGRATION_FT_01048,DEV_MIGRATION_FL_00262,Sale,123,2025-04-12,Fictional transaction fixture.
DEV_MIGRATION_FT_01049,DEV_MIGRATION_FL_00263,Count,124,2025-05-13,Fictional transaction fixture.
DEV_MIGRATION_FT_01050,DEV_MIGRATION_FL_00263,Delivery,100,2025-06-14,Fictional transaction fixture.
DEV_MIGRATION_FT_01051,DEV_MIGRATION_FL_00263,Removal,101,2025-07-15,Fictional transaction fixture.
DEV_MIGRATION_FT_01052,DEV_MIGRATION_FL_00263,Sale,102,2025-08-16,Fictional transaction fixture.
DEV_MIGRATION_FT_01053,DEV_MIGRATION_FL_00264,Count,103,2025-09-17,Fictional transaction fixture.
DEV_MIGRATION_FT_01054,DEV_MIGRATION_FL_00264,Delivery,104,2025-10-18,Fictional transaction fixture.
DEV_MIGRATION_FT_01055,DEV_MIGRATION_FL_00264,Removal,105,2025-11-19,Fictional transaction fixture.
DEV_MIGRATION_FT_01056,DEV_MIGRATION_FL_00264,Sale,106,2025-12-20,Fictional transaction fixture.
DEV_MIGRATION_FT_01057,DEV_MIGRATION_FL_00265,Count,107,2025-01-21,Fictional transaction fixture.
DEV_MIGRATION_FT_01058,DEV_MIGRATION_FL_00265,Delivery,108,2025-02-22,Fictional transaction fixture.
DEV_MIGRATION_FT_01059,DEV_MIGRATION_FL_00265,Removal,109,2025-03-23,Fictional transaction fixture.
DEV_MIGRATION_FT_01060,DEV_MIGRATION_FL_00265,Sale,110,2025-04-24,Fictional transaction fixture.
DEV_MIGRATION_FT_01061,DEV_MIGRATION_FL_00266,Count,111,2025-05-25,Fictional transaction fixture.
DEV_MIGRATION_FT_01062,DEV_MIGRATION_FL_00266,Delivery,112,2025-06-26,Fictional transaction fixture.
DEV_MIGRATION_FT_01063,DEV_MIGRATION_FL_00266,Removal,113,2025-07-27,Fictional transaction fixture.
DEV_MIGRATION_FT_01064,DEV_MIGRATION_FL_00266,Sale,114,2025-08-28,Fictional transaction fixture.
DEV_MIGRATION_FT_01065,DEV_MIGRATION_FL_00267,Count,115,2025-09-01,Fictional transaction fixture.
DEV_MIGRATION_FT_01066,DEV_MIGRATION_FL_00267,Delivery,116,2025-10-02,Fictional transaction fixture.
DEV_MIGRATION_FT_01067,DEV_MIGRATION_FL_00267,Removal,117,2025-11-03,Fictional transaction fixture.
DEV_MIGRATION_FT_01068,DEV_MIGRATION_FL_00267,Sale,118,2025-12-04,Fictional transaction fixture.
DEV_MIGRATION_FT_01069,DEV_MIGRATION_FL_00268,Count,119,2025-01-05,Fictional transaction fixture.
DEV_MIGRATION_FT_01070,DEV_MIGRATION_FL_00268,Delivery,120,2025-02-06,Fictional transaction fixture.
DEV_MIGRATION_FT_01071,DEV_MIGRATION_FL_00268,Removal,121,2025-03-07,Fictional transaction fixture.
DEV_MIGRATION_FT_01072,DEV_MIGRATION_FL_00268,Sale,122,2025-04-08,Fictional transaction fixture.
DEV_MIGRATION_FT_01073,DEV_MIGRATION_FL_00269,Count,123,2025-05-09,Fictional transaction fixture.
DEV_MIGRATION_FT_01074,DEV_MIGRATION_FL_00269,Delivery,124,2025-06-10,Fictional transaction fixture.
DEV_MIGRATION_FT_01075,DEV_MIGRATION_FL_00269,Removal,100,2025-07-11,Fictional transaction fixture.
DEV_MIGRATION_FT_01076,DEV_MIGRATION_FL_00269,Sale,101,2025-08-12,Fictional transaction fixture.
DEV_MIGRATION_FT_01077,DEV_MIGRATION_FL_00270,Count,102,2025-09-13,Fictional transaction fixture.
DEV_MIGRATION_FT_01078,DEV_MIGRATION_FL_00270,Delivery,103,2025-10-14,Fictional transaction fixture.
DEV_MIGRATION_FT_01079,DEV_MIGRATION_FL_00270,Removal,104,2025-11-15,Fictional transaction fixture.
DEV_MIGRATION_FT_01080,DEV_MIGRATION_FL_00270,Sale,105,2025-12-16,Fictional transaction fixture.
DEV_MIGRATION_FT_01081,DEV_MIGRATION_FL_00271,Count,106,2025-01-17,Fictional transaction fixture.
DEV_MIGRATION_FT_01082,DEV_MIGRATION_FL_00271,Delivery,107,2025-02-18,Fictional transaction fixture.
DEV_MIGRATION_FT_01083,DEV_MIGRATION_FL_00271,Removal,108,2025-03-19,Fictional transaction fixture.
DEV_MIGRATION_FT_01084,DEV_MIGRATION_FL_00271,Sale,109,2025-04-20,Fictional transaction fixture.
DEV_MIGRATION_FT_01085,DEV_MIGRATION_FL_00272,Count,110,2025-05-21,Fictional transaction fixture.
DEV_MIGRATION_FT_01086,DEV_MIGRATION_FL_00272,Delivery,111,2025-06-22,Fictional transaction fixture.
DEV_MIGRATION_FT_01087,DEV_MIGRATION_FL_00272,Removal,112,2025-07-23,Fictional transaction fixture.
DEV_MIGRATION_FT_01088,DEV_MIGRATION_FL_00272,Sale,113,2025-08-24,Fictional transaction fixture.
DEV_MIGRATION_FT_01089,DEV_MIGRATION_FL_00273,Count,114,2025-09-25,Fictional transaction fixture.
DEV_MIGRATION_FT_01090,DEV_MIGRATION_FL_00273,Delivery,115,2025-10-26,Fictional transaction fixture.
DEV_MIGRATION_FT_01091,DEV_MIGRATION_FL_00273,Removal,116,2025-11-27,Fictional transaction fixture.
DEV_MIGRATION_FT_01092,DEV_MIGRATION_FL_00273,Sale,117,2025-12-28,Fictional transaction fixture.
DEV_MIGRATION_FT_01093,DEV_MIGRATION_FL_00274,Count,118,2025-01-01,Fictional transaction fixture.
DEV_MIGRATION_FT_01094,DEV_MIGRATION_FL_00274,Delivery,119,2025-02-02,Fictional transaction fixture.
DEV_MIGRATION_FT_01095,DEV_MIGRATION_FL_00274,Removal,120,2025-03-03,Fictional transaction fixture.
DEV_MIGRATION_FT_01096,DEV_MIGRATION_FL_00274,Sale,121,2025-04-04,Fictional transaction fixture.
DEV_MIGRATION_FT_01097,DEV_MIGRATION_FL_00275,Count,122,2025-05-05,Fictional transaction fixture.
DEV_MIGRATION_FT_01098,DEV_MIGRATION_FL_00275,Delivery,123,2025-06-06,Fictional transaction fixture.
DEV_MIGRATION_FT_01099,DEV_MIGRATION_FL_00275,Removal,124,2025-07-07,Fictional transaction fixture.
DEV_MIGRATION_FT_01100,DEV_MIGRATION_FL_00275,Sale,100,2025-08-08,Fictional transaction fixture.
DEV_MIGRATION_FT_01101,DEV_MIGRATION_FL_00276,Count,101,2025-09-09,Fictional transaction fixture.
DEV_MIGRATION_FT_01102,DEV_MIGRATION_FL_00276,Delivery,102,2025-10-10,Fictional transaction fixture.
DEV_MIGRATION_FT_01103,DEV_MIGRATION_FL_00276,Removal,103,2025-11-11,Fictional transaction fixture.
DEV_MIGRATION_FT_01104,DEV_MIGRATION_FL_00276,Sale,104,2025-12-12,Fictional transaction fixture.
DEV_MIGRATION_FT_01105,DEV_MIGRATION_FL_00277,Count,105,2025-01-13,Fictional transaction fixture.
DEV_MIGRATION_FT_01106,DEV_MIGRATION_FL_00277,Delivery,106,2025-02-14,Fictional transaction fixture.
DEV_MIGRATION_FT_01107,DEV_MIGRATION_FL_00277,Removal,107,2025-03-15,Fictional transaction fixture.
DEV_MIGRATION_FT_01108,DEV_MIGRATION_FL_00277,Sale,108,2025-04-16,Fictional transaction fixture.
DEV_MIGRATION_FT_01109,DEV_MIGRATION_FL_00278,Count,109,2025-05-17,Fictional transaction fixture.
DEV_MIGRATION_FT_01110,DEV_MIGRATION_FL_00278,Delivery,110,2025-06-18,Fictional transaction fixture.
DEV_MIGRATION_FT_01111,DEV_MIGRATION_FL_00278,Removal,111,2025-07-19,Fictional transaction fixture.
DEV_MIGRATION_FT_01112,DEV_MIGRATION_FL_00278,Sale,112,2025-08-20,Fictional transaction fixture.
DEV_MIGRATION_FT_01113,DEV_MIGRATION_FL_00279,Count,113,2025-09-21,Fictional transaction fixture.
DEV_MIGRATION_FT_01114,DEV_MIGRATION_FL_00279,Delivery,114,2025-10-22,Fictional transaction fixture.
DEV_MIGRATION_FT_01115,DEV_MIGRATION_FL_00279,Removal,115,2025-11-23,Fictional transaction fixture.
DEV_MIGRATION_FT_01116,DEV_MIGRATION_FL_00279,Sale,116,2025-12-24,Fictional transaction fixture.
DEV_MIGRATION_FT_01117,DEV_MIGRATION_FL_00280,Count,117,2025-01-25,Fictional transaction fixture.
DEV_MIGRATION_FT_01118,DEV_MIGRATION_FL_00280,Delivery,118,2025-02-26,Fictional transaction fixture.
DEV_MIGRATION_FT_01119,DEV_MIGRATION_FL_00280,Removal,119,2025-03-27,Fictional transaction fixture.
DEV_MIGRATION_FT_01120,DEV_MIGRATION_FL_00280,Sale,120,2025-04-28,Fictional transaction fixture.
DEV_MIGRATION_FT_01121,DEV_MIGRATION_FL_00281,Count,121,2025-05-01,Fictional transaction fixture.
DEV_MIGRATION_FT_01122,DEV_MIGRATION_FL_00281,Delivery,122,2025-06-02,Fictional transaction fixture.
DEV_MIGRATION_FT_01123,DEV_MIGRATION_FL_00281,Removal,123,2025-07-03,Fictional transaction fixture.
DEV_MIGRATION_FT_01124,DEV_MIGRATION_FL_00281,Sale,124,2025-08-04,Fictional transaction fixture.
DEV_MIGRATION_FT_01125,DEV_MIGRATION_FL_00282,Count,100,2025-09-05,Fictional transaction fixture.
DEV_MIGRATION_FT_01126,DEV_MIGRATION_FL_00282,Delivery,101,2025-10-06,Fictional transaction fixture.
DEV_MIGRATION_FT_01127,DEV_MIGRATION_FL_00282,Removal,102,2025-11-07,Fictional transaction fixture.
DEV_MIGRATION_FT_01128,DEV_MIGRATION_FL_00282,Sale,103,2025-12-08,Fictional transaction fixture.
DEV_MIGRATION_FT_01129,DEV_MIGRATION_FL_00283,Count,104,2025-01-09,Fictional transaction fixture.
DEV_MIGRATION_FT_01130,DEV_MIGRATION_FL_00283,Delivery,105,2025-02-10,Fictional transaction fixture.
DEV_MIGRATION_FT_01131,DEV_MIGRATION_FL_00283,Removal,106,2025-03-11,Fictional transaction fixture.
DEV_MIGRATION_FT_01132,DEV_MIGRATION_FL_00283,Sale,107,2025-04-12,Fictional transaction fixture.
DEV_MIGRATION_FT_01133,DEV_MIGRATION_FL_00284,Count,108,2025-05-13,Fictional transaction fixture.
DEV_MIGRATION_FT_01134,DEV_MIGRATION_FL_00284,Delivery,109,2025-06-14,Fictional transaction fixture.
DEV_MIGRATION_FT_01135,DEV_MIGRATION_FL_00284,Removal,110,2025-07-15,Fictional transaction fixture.
DEV_MIGRATION_FT_01136,DEV_MIGRATION_FL_00284,Sale,111,2025-08-16,Fictional transaction fixture.
DEV_MIGRATION_FT_01137,DEV_MIGRATION_FL_00285,Count,112,2025-09-17,Fictional transaction fixture.
DEV_MIGRATION_FT_01138,DEV_MIGRATION_FL_00285,Delivery,113,2025-10-18,Fictional transaction fixture.
DEV_MIGRATION_FT_01139,DEV_MIGRATION_FL_00285,Removal,114,2025-11-19,Fictional transaction fixture.
DEV_MIGRATION_FT_01140,DEV_MIGRATION_FL_00285,Sale,115,2025-12-20,Fictional transaction fixture.
DEV_MIGRATION_FT_01141,DEV_MIGRATION_FL_00286,Count,116,2025-01-21,Fictional transaction fixture.
DEV_MIGRATION_FT_01142,DEV_MIGRATION_FL_00286,Delivery,117,2025-02-22,Fictional transaction fixture.
DEV_MIGRATION_FT_01143,DEV_MIGRATION_FL_00286,Removal,118,2025-03-23,Fictional transaction fixture.
DEV_MIGRATION_FT_01144,DEV_MIGRATION_FL_00286,Sale,119,2025-04-24,Fictional transaction fixture.
DEV_MIGRATION_FT_01145,DEV_MIGRATION_FL_00287,Count,120,2025-05-25,Fictional transaction fixture.
DEV_MIGRATION_FT_01146,DEV_MIGRATION_FL_00287,Delivery,121,2025-06-26,Fictional transaction fixture.
DEV_MIGRATION_FT_01147,DEV_MIGRATION_FL_00287,Removal,122,2025-07-27,Fictional transaction fixture.
DEV_MIGRATION_FT_01148,DEV_MIGRATION_FL_00287,Sale,123,2025-08-28,Fictional transaction fixture.
DEV_MIGRATION_FT_01149,DEV_MIGRATION_FL_00288,Count,124,2025-09-01,Fictional transaction fixture.
DEV_MIGRATION_FT_01150,DEV_MIGRATION_FL_00288,Delivery,100,2025-10-02,Fictional transaction fixture.
DEV_MIGRATION_FT_01151,DEV_MIGRATION_FL_00288,Removal,101,2025-11-03,Fictional transaction fixture.
DEV_MIGRATION_FT_01152,DEV_MIGRATION_FL_00288,Sale,102,2025-12-04,Fictional transaction fixture.
DEV_MIGRATION_FT_01153,DEV_MIGRATION_FL_00289,Count,103,2025-01-05,Fictional transaction fixture.
DEV_MIGRATION_FT_01154,DEV_MIGRATION_FL_00289,Delivery,104,2025-02-06,Fictional transaction fixture.
DEV_MIGRATION_FT_01155,DEV_MIGRATION_FL_00289,Removal,105,2025-03-07,Fictional transaction fixture.
DEV_MIGRATION_FT_01156,DEV_MIGRATION_FL_00289,Sale,106,2025-04-08,Fictional transaction fixture.
DEV_MIGRATION_FT_01157,DEV_MIGRATION_FL_00290,Count,107,2025-05-09,Fictional transaction fixture.
DEV_MIGRATION_FT_01158,DEV_MIGRATION_FL_00290,Delivery,108,2025-06-10,Fictional transaction fixture.
DEV_MIGRATION_FT_01159,DEV_MIGRATION_FL_00290,Removal,109,2025-07-11,Fictional transaction fixture.
DEV_MIGRATION_FT_01160,DEV_MIGRATION_FL_00290,Sale,110,2025-08-12,Fictional transaction fixture.
DEV_MIGRATION_FT_01161,DEV_MIGRATION_FL_00291,Count,111,2025-09-13,Fictional transaction fixture.
DEV_MIGRATION_FT_01162,DEV_MIGRATION_FL_00291,Delivery,112,2025-10-14,Fictional transaction fixture.
DEV_MIGRATION_FT_01163,DEV_MIGRATION_FL_00291,Removal,113,2025-11-15,Fictional transaction fixture.
DEV_MIGRATION_FT_01164,DEV_MIGRATION_FL_00291,Sale,114,2025-12-16,Fictional transaction fixture.
DEV_MIGRATION_FT_01165,DEV_MIGRATION_FL_00292,Count,115,2025-01-17,Fictional transaction fixture.
DEV_MIGRATION_FT_01166,DEV_MIGRATION_FL_00292,Delivery,116,2025-02-18,Fictional transaction fixture.
DEV_MIGRATION_FT_01167,DEV_MIGRATION_FL_00292,Removal,117,2025-03-19,Fictional transaction fixture.
DEV_MIGRATION_FT_01168,DEV_MIGRATION_FL_00292,Sale,118,2025-04-20,Fictional transaction fixture.
DEV_MIGRATION_FT_01169,DEV_MIGRATION_FL_00293,Count,119,2025-05-21,Fictional transaction fixture.
DEV_MIGRATION_FT_01170,DEV_MIGRATION_FL_00293,Delivery,120,2025-06-22,Fictional transaction fixture.
DEV_MIGRATION_FT_01171,DEV_MIGRATION_FL_00293,Removal,121,2025-07-23,Fictional transaction fixture.
DEV_MIGRATION_FT_01172,DEV_MIGRATION_FL_00293,Sale,122,2025-08-24,Fictional transaction fixture.
DEV_MIGRATION_FT_01173,DEV_MIGRATION_FL_00294,Count,123,2025-09-25,Fictional transaction fixture.
DEV_MIGRATION_FT_01174,DEV_MIGRATION_FL_00294,Delivery,124,2025-10-26,Fictional transaction fixture.
DEV_MIGRATION_FT_01175,DEV_MIGRATION_FL_00294,Removal,100,2025-11-27,Fictional transaction fixture.
DEV_MIGRATION_FT_01176,DEV_MIGRATION_FL_00294,Sale,101,2025-12-28,Fictional transaction fixture.
DEV_MIGRATION_FT_01177,DEV_MIGRATION_FL_00295,Count,102,2025-01-01,Fictional transaction fixture.
DEV_MIGRATION_FT_01178,DEV_MIGRATION_FL_00295,Delivery,103,2025-02-02,Fictional transaction fixture.
DEV_MIGRATION_FT_01179,DEV_MIGRATION_FL_00295,Removal,104,2025-03-03,Fictional transaction fixture.
DEV_MIGRATION_FT_01180,DEV_MIGRATION_FL_00295,Sale,105,2025-04-04,Fictional transaction fixture.
DEV_MIGRATION_FT_01181,DEV_MIGRATION_FL_00296,Count,106,2025-05-05,Fictional transaction fixture.
DEV_MIGRATION_FT_01182,DEV_MIGRATION_FL_00296,Delivery,107,2025-06-06,Fictional transaction fixture.
DEV_MIGRATION_FT_01183,DEV_MIGRATION_FL_00296,Removal,108,2025-07-07,Fictional transaction fixture.
DEV_MIGRATION_FT_01184,DEV_MIGRATION_FL_00296,Sale,109,2025-08-08,Fictional transaction fixture.
DEV_MIGRATION_FT_01185,DEV_MIGRATION_FL_00297,Count,110,2025-09-09,Fictional transaction fixture.
DEV_MIGRATION_FT_01186,DEV_MIGRATION_FL_00297,Delivery,111,2025-10-10,Fictional transaction fixture.
DEV_MIGRATION_FT_01187,DEV_MIGRATION_FL_00297,Removal,112,2025-11-11,Fictional transaction fixture.
DEV_MIGRATION_FT_01188,DEV_MIGRATION_FL_00297,Sale,113,2025-12-12,Fictional transaction fixture.
DEV_MIGRATION_FT_01189,DEV_MIGRATION_FL_00298,Count,114,2025-01-13,Fictional transaction fixture.
DEV_MIGRATION_FT_01190,DEV_MIGRATION_FL_00298,Delivery,115,2025-02-14,Fictional transaction fixture.
DEV_MIGRATION_FT_01191,DEV_MIGRATION_FL_00298,Removal,116,2025-03-15,Fictional transaction fixture.
DEV_MIGRATION_FT_01192,DEV_MIGRATION_FL_00298,Sale,117,2025-04-16,Fictional transaction fixture.
DEV_MIGRATION_FT_01193,DEV_MIGRATION_FL_00299,Count,118,2025-05-17,Fictional transaction fixture.
DEV_MIGRATION_FT_01194,DEV_MIGRATION_FL_00299,Delivery,119,2025-06-18,Fictional transaction fixture.
DEV_MIGRATION_FT_01195,DEV_MIGRATION_FL_00299,Removal,120,2025-07-19,Fictional transaction fixture.
DEV_MIGRATION_FT_01196,DEV_MIGRATION_FL_00299,Sale,121,2025-08-20,Fictional transaction fixture.
DEV_MIGRATION_FT_01197,DEV_MIGRATION_FL_00300,Count,122,2025-09-21,Fictional transaction fixture.
DEV_MIGRATION_FT_01198,DEV_MIGRATION_FL_00300,Delivery,123,2025-10-22,Fictional transaction fixture.
DEV_MIGRATION_FT_01199,DEV_MIGRATION_FL_00300,Removal,124,2025-11-23,Fictional transaction fixture.
DEV_MIGRATION_FT_01200,DEV_MIGRATION_FL_00300,Sale,100,2025-12-24,Fictional transaction fixture.
DEV_MIGRATION_FT_01201,DEV_MIGRATION_FL_00301,Count,101,2025-01-25,Fictional transaction fixture.
DEV_MIGRATION_FT_01202,DEV_MIGRATION_FL_00301,Delivery,102,2025-02-26,Fictional transaction fixture.
DEV_MIGRATION_FT_01203,DEV_MIGRATION_FL_00301,Removal,103,2025-03-27,Fictional transaction fixture.
DEV_MIGRATION_FT_01204,DEV_MIGRATION_FL_00301,Sale,104,2025-04-28,Fictional transaction fixture.
DEV_MIGRATION_FT_01205,DEV_MIGRATION_FL_00302,Count,105,2025-05-01,Fictional transaction fixture.
DEV_MIGRATION_FT_01206,DEV_MIGRATION_FL_00302,Delivery,106,2025-06-02,Fictional transaction fixture.
DEV_MIGRATION_FT_01207,DEV_MIGRATION_FL_00302,Removal,107,2025-07-03,Fictional transaction fixture.
DEV_MIGRATION_FT_01208,DEV_MIGRATION_FL_00302,Sale,108,2025-08-04,Fictional transaction fixture.
DEV_MIGRATION_FT_01209,DEV_MIGRATION_FL_00303,Count,109,2025-09-05,Fictional transaction fixture.
DEV_MIGRATION_FT_01210,DEV_MIGRATION_FL_00303,Delivery,110,2025-10-06,Fictional transaction fixture.
DEV_MIGRATION_FT_01211,DEV_MIGRATION_FL_00303,Removal,111,2025-11-07,Fictional transaction fixture.
DEV_MIGRATION_FT_01212,DEV_MIGRATION_FL_00303,Sale,112,2025-12-08,Fictional transaction fixture.
DEV_MIGRATION_FT_01213,DEV_MIGRATION_FL_00304,Count,113,2025-01-09,Fictional transaction fixture.
DEV_MIGRATION_FT_01214,DEV_MIGRATION_FL_00304,Delivery,114,2025-02-10,Fictional transaction fixture.
DEV_MIGRATION_FT_01215,DEV_MIGRATION_FL_00304,Removal,115,2025-03-11,Fictional transaction fixture.
DEV_MIGRATION_FT_01216,DEV_MIGRATION_FL_00304,Sale,116,2025-04-12,Fictional transaction fixture.
DEV_MIGRATION_FT_01217,DEV_MIGRATION_FL_00305,Count,117,2025-05-13,Fictional transaction fixture.
DEV_MIGRATION_FT_01218,DEV_MIGRATION_FL_00305,Delivery,118,2025-06-14,Fictional transaction fixture.
DEV_MIGRATION_FT_01219,DEV_MIGRATION_FL_00305,Removal,119,2025-07-15,Fictional transaction fixture.
DEV_MIGRATION_FT_01220,DEV_MIGRATION_FL_00305,Sale,120,2025-08-16,Fictional transaction fixture.
DEV_MIGRATION_FT_01221,DEV_MIGRATION_FL_00306,Count,121,2025-09-17,Fictional transaction fixture.
DEV_MIGRATION_FT_01222,DEV_MIGRATION_FL_00306,Delivery,122,2025-10-18,Fictional transaction fixture.
DEV_MIGRATION_FT_01223,DEV_MIGRATION_FL_00306,Removal,123,2025-11-19,Fictional transaction fixture.
DEV_MIGRATION_FT_01224,DEV_MIGRATION_FL_00306,Sale,124,2025-12-20,Fictional transaction fixture.
DEV_MIGRATION_FT_01225,DEV_MIGRATION_FL_00307,Count,100,2025-01-21,Fictional transaction fixture.
DEV_MIGRATION_FT_01226,DEV_MIGRATION_FL_00307,Delivery,101,2025-02-22,Fictional transaction fixture.
DEV_MIGRATION_FT_01227,DEV_MIGRATION_FL_00307,Removal,102,2025-03-23,Fictional transaction fixture.
DEV_MIGRATION_FT_01228,DEV_MIGRATION_FL_00307,Sale,103,2025-04-24,Fictional transaction fixture.
DEV_MIGRATION_FT_01229,DEV_MIGRATION_FL_00308,Count,104,2025-05-25,Fictional transaction fixture.
DEV_MIGRATION_FT_01230,DEV_MIGRATION_FL_00308,Delivery,105,2025-06-26,Fictional transaction fixture.
DEV_MIGRATION_FT_01231,DEV_MIGRATION_FL_00308,Removal,106,2025-07-27,Fictional transaction fixture.
DEV_MIGRATION_FT_01232,DEV_MIGRATION_FL_00308,Sale,107,2025-08-28,Fictional transaction fixture.
DEV_MIGRATION_FT_01233,DEV_MIGRATION_FL_00309,Count,108,2025-09-01,Fictional transaction fixture.
DEV_MIGRATION_FT_01234,DEV_MIGRATION_FL_00309,Delivery,109,2025-10-02,Fictional transaction fixture.
DEV_MIGRATION_FT_01235,DEV_MIGRATION_FL_00309,Removal,110,2025-11-03,Fictional transaction fixture.
DEV_MIGRATION_FT_01236,DEV_MIGRATION_FL_00309,Sale,111,2025-12-04,Fictional transaction fixture.
DEV_MIGRATION_FT_01237,DEV_MIGRATION_FL_00310,Count,112,2025-01-05,Fictional transaction fixture.
DEV_MIGRATION_FT_01238,DEV_MIGRATION_FL_00310,Delivery,113,2025-02-06,Fictional transaction fixture.
DEV_MIGRATION_FT_01239,DEV_MIGRATION_FL_00310,Removal,114,2025-03-07,Fictional transaction fixture.
DEV_MIGRATION_FT_01240,DEV_MIGRATION_FL_00310,Sale,115,2025-04-08,Fictional transaction fixture.
DEV_MIGRATION_FT_01241,DEV_MIGRATION_FL_00311,Count,116,2025-05-09,Fictional transaction fixture.
DEV_MIGRATION_FT_01242,DEV_MIGRATION_FL_00311,Delivery,117,2025-06-10,Fictional transaction fixture.
DEV_MIGRATION_FT_01243,DEV_MIGRATION_FL_00311,Removal,118,2025-07-11,Fictional transaction fixture.
DEV_MIGRATION_FT_01244,DEV_MIGRATION_FL_00311,Sale,119,2025-08-12,Fictional transaction fixture.
DEV_MIGRATION_FT_01245,DEV_MIGRATION_FL_00312,Count,120,2025-09-13,Fictional transaction fixture.
DEV_MIGRATION_FT_01246,DEV_MIGRATION_FL_00312,Delivery,121,2025-10-14,Fictional transaction fixture.
DEV_MIGRATION_FT_01247,DEV_MIGRATION_FL_00312,Removal,122,2025-11-15,Fictional transaction fixture.
DEV_MIGRATION_FT_01248,DEV_MIGRATION_FL_00312,Sale,123,2025-12-16,Fictional transaction fixture.
DEV_MIGRATION_FT_01249,DEV_MIGRATION_FL_00313,Count,124,2025-01-17,Fictional transaction fixture.
DEV_MIGRATION_FT_01250,DEV_MIGRATION_FL_00313,Delivery,100,2025-02-18,Fictional transaction fixture.
DEV_MIGRATION_FT_01251,DEV_MIGRATION_FL_00313,Removal,101,2025-03-19,Fictional transaction fixture.
DEV_MIGRATION_FT_01252,DEV_MIGRATION_FL_00313,Sale,102,2025-04-20,Fictional transaction fixture.
DEV_MIGRATION_FT_01253,DEV_MIGRATION_FL_00314,Count,103,2025-05-21,Fictional transaction fixture.
DEV_MIGRATION_FT_01254,DEV_MIGRATION_FL_00314,Delivery,104,2025-06-22,Fictional transaction fixture.
DEV_MIGRATION_FT_01255,DEV_MIGRATION_FL_00314,Removal,105,2025-07-23,Fictional transaction fixture.
DEV_MIGRATION_FT_01256,DEV_MIGRATION_FL_00314,Sale,106,2025-08-24,Fictional transaction fixture.
DEV_MIGRATION_FT_01257,DEV_MIGRATION_FL_00315,Count,107,2025-09-25,Fictional transaction fixture.
DEV_MIGRATION_FT_01258,DEV_MIGRATION_FL_00315,Delivery,108,2025-10-26,Fictional transaction fixture.
DEV_MIGRATION_FT_01259,DEV_MIGRATION_FL_00315,Removal,109,2025-11-27,Fictional transaction fixture.
DEV_MIGRATION_FT_01260,DEV_MIGRATION_FL_00315,Sale,110,2025-12-28,Fictional transaction fixture.
DEV_MIGRATION_FT_01261,DEV_MIGRATION_FL_00316,Count,111,2025-01-01,Fictional transaction fixture.
DEV_MIGRATION_FT_01262,DEV_MIGRATION_FL_00316,Delivery,112,2025-02-02,Fictional transaction fixture.
DEV_MIGRATION_FT_01263,DEV_MIGRATION_FL_00316,Removal,113,2025-03-03,Fictional transaction fixture.
DEV_MIGRATION_FT_01264,DEV_MIGRATION_FL_00316,Sale,114,2025-04-04,Fictional transaction fixture.
DEV_MIGRATION_FT_01265,DEV_MIGRATION_FL_00317,Count,115,2025-05-05,Fictional transaction fixture.
DEV_MIGRATION_FT_01266,DEV_MIGRATION_FL_00317,Delivery,116,2025-06-06,Fictional transaction fixture.
DEV_MIGRATION_FT_01267,DEV_MIGRATION_FL_00317,Removal,117,2025-07-07,Fictional transaction fixture.
DEV_MIGRATION_FT_01268,DEV_MIGRATION_FL_00317,Sale,118,2025-08-08,Fictional transaction fixture.
DEV_MIGRATION_FT_01269,DEV_MIGRATION_FL_00318,Count,119,2025-09-09,Fictional transaction fixture.
DEV_MIGRATION_FT_01270,DEV_MIGRATION_FL_00318,Delivery,120,2025-10-10,Fictional transaction fixture.
DEV_MIGRATION_FT_01271,DEV_MIGRATION_FL_00318,Removal,121,2025-11-11,Fictional transaction fixture.
DEV_MIGRATION_FT_01272,DEV_MIGRATION_FL_00318,Sale,122,2025-12-12,Fictional transaction fixture.
DEV_MIGRATION_FT_01273,DEV_MIGRATION_FL_00319,Count,123,2025-01-13,Fictional transaction fixture.
DEV_MIGRATION_FT_01274,DEV_MIGRATION_FL_00319,Delivery,124,2025-02-14,Fictional transaction fixture.
DEV_MIGRATION_FT_01275,DEV_MIGRATION_FL_00319,Removal,100,2025-03-15,Fictional transaction fixture.
DEV_MIGRATION_FT_01276,DEV_MIGRATION_FL_00319,Sale,101,2025-04-16,Fictional transaction fixture.
DEV_MIGRATION_FT_01277,DEV_MIGRATION_FL_00320,Count,102,2025-05-17,Fictional transaction fixture.
DEV_MIGRATION_FT_01278,DEV_MIGRATION_FL_00320,Delivery,103,2025-06-18,Fictional transaction fixture.
DEV_MIGRATION_FT_01279,DEV_MIGRATION_FL_00320,Removal,104,2025-07-19,Fictional transaction fixture.
DEV_MIGRATION_FT_01280,DEV_MIGRATION_FL_00320,Sale,105,2025-08-20,Fictional transaction fixture.
DEV_MIGRATION_FT_01281,DEV_MIGRATION_FL_00321,Count,106,2025-09-21,Fictional transaction fixture.
DEV_MIGRATION_FT_01282,DEV_MIGRATION_FL_00321,Delivery,107,2025-10-22,Fictional transaction fixture.
DEV_MIGRATION_FT_01283,DEV_MIGRATION_FL_00321,Removal,108,2025-11-23,Fictional transaction fixture.
DEV_MIGRATION_FT_01284,DEV_MIGRATION_FL_00321,Sale,109,2025-12-24,Fictional transaction fixture.
DEV_MIGRATION_FT_01285,DEV_MIGRATION_FL_00322,Count,110,2025-01-25,Fictional transaction fixture.
DEV_MIGRATION_FT_01286,DEV_MIGRATION_FL_00322,Delivery,111,2025-02-26,Fictional transaction fixture.
DEV_MIGRATION_FT_01287,DEV_MIGRATION_FL_00322,Removal,112,2025-03-27,Fictional transaction fixture.
DEV_MIGRATION_FT_01288,DEV_MIGRATION_FL_00322,Sale,113,2025-04-28,Fictional transaction fixture.
DEV_MIGRATION_FT_01289,DEV_MIGRATION_FL_00323,Count,114,2025-05-01,Fictional transaction fixture.
DEV_MIGRATION_FT_01290,DEV_MIGRATION_FL_00323,Delivery,115,2025-06-02,Fictional transaction fixture.
DEV_MIGRATION_FT_01291,DEV_MIGRATION_FL_00323,Removal,116,2025-07-03,Fictional transaction fixture.
DEV_MIGRATION_FT_01292,DEV_MIGRATION_FL_00323,Sale,117,2025-08-04,Fictional transaction fixture.
DEV_MIGRATION_FT_01293,DEV_MIGRATION_FL_00324,Count,118,2025-09-05,Fictional transaction fixture.
DEV_MIGRATION_FT_01294,DEV_MIGRATION_FL_00324,Delivery,119,2025-10-06,Fictional transaction fixture.
DEV_MIGRATION_FT_01295,DEV_MIGRATION_FL_00324,Removal,120,2025-11-07,Fictional transaction fixture.
DEV_MIGRATION_FT_01296,DEV_MIGRATION_FL_00324,Sale,121,2025-12-08,Fictional transaction fixture.
DEV_MIGRATION_FT_01297,DEV_MIGRATION_FL_00325,Count,122,2025-01-09,Fictional transaction fixture.
DEV_MIGRATION_FT_01298,DEV_MIGRATION_FL_00325,Delivery,123,2025-02-10,Fictional transaction fixture.
DEV_MIGRATION_FT_01299,DEV_MIGRATION_FL_00325,Removal,124,2025-03-11,Fictional transaction fixture.
DEV_MIGRATION_FT_01300,DEV_MIGRATION_FL_00325,Sale,100,2025-04-12,Fictional transaction fixture.
DEV_MIGRATION_FT_01301,DEV_MIGRATION_FL_00326,Count,101,2025-05-13,Fictional transaction fixture.
DEV_MIGRATION_FT_01302,DEV_MIGRATION_FL_00326,Delivery,102,2025-06-14,Fictional transaction fixture.
DEV_MIGRATION_FT_01303,DEV_MIGRATION_FL_00326,Removal,103,2025-07-15,Fictional transaction fixture.
DEV_MIGRATION_FT_01304,DEV_MIGRATION_FL_00326,Sale,104,2025-08-16,Fictional transaction fixture.
DEV_MIGRATION_FT_01305,DEV_MIGRATION_FL_00327,Count,105,2025-09-17,Fictional transaction fixture.
DEV_MIGRATION_FT_01306,DEV_MIGRATION_FL_00327,Delivery,106,2025-10-18,Fictional transaction fixture.
DEV_MIGRATION_FT_01307,DEV_MIGRATION_FL_00327,Removal,107,2025-11-19,Fictional transaction fixture.
DEV_MIGRATION_FT_01308,DEV_MIGRATION_FL_00327,Sale,108,2025-12-20,Fictional transaction fixture.
DEV_MIGRATION_FT_01309,DEV_MIGRATION_FL_00328,Count,109,2025-01-21,Fictional transaction fixture.
DEV_MIGRATION_FT_01310,DEV_MIGRATION_FL_00328,Delivery,110,2025-02-22,Fictional transaction fixture.
DEV_MIGRATION_FT_01311,DEV_MIGRATION_FL_00328,Removal,111,2025-03-23,Fictional transaction fixture.
DEV_MIGRATION_FT_01312,DEV_MIGRATION_FL_00328,Sale,112,2025-04-24,Fictional transaction fixture.
DEV_MIGRATION_FT_01313,DEV_MIGRATION_FL_00329,Count,113,2025-05-25,Fictional transaction fixture.
DEV_MIGRATION_FT_01314,DEV_MIGRATION_FL_00329,Delivery,114,2025-06-26,Fictional transaction fixture.
DEV_MIGRATION_FT_01315,DEV_MIGRATION_FL_00329,Removal,115,2025-07-27,Fictional transaction fixture.
DEV_MIGRATION_FT_01316,DEV_MIGRATION_FL_00329,Sale,116,2025-08-28,Fictional transaction fixture.
DEV_MIGRATION_FT_01317,DEV_MIGRATION_FL_00330,Count,117,2025-09-01,Fictional transaction fixture.
DEV_MIGRATION_FT_01318,DEV_MIGRATION_FL_00330,Delivery,118,2025-10-02,Fictional transaction fixture.
DEV_MIGRATION_FT_01319,DEV_MIGRATION_FL_00330,Removal,119,2025-11-03,Fictional transaction fixture.
DEV_MIGRATION_FT_01320,DEV_MIGRATION_FL_00330,Sale,120,2025-12-04,Fictional transaction fixture.
DEV_MIGRATION_FT_01321,DEV_MIGRATION_FL_00331,Count,121,2025-01-05,Fictional transaction fixture.
DEV_MIGRATION_FT_01322,DEV_MIGRATION_FL_00331,Delivery,122,2025-02-06,Fictional transaction fixture.
DEV_MIGRATION_FT_01323,DEV_MIGRATION_FL_00331,Removal,123,2025-03-07,Fictional transaction fixture.
DEV_MIGRATION_FT_01324,DEV_MIGRATION_FL_00331,Sale,124,2025-04-08,Fictional transaction fixture.
DEV_MIGRATION_FT_01325,DEV_MIGRATION_FL_00332,Count,100,2025-05-09,Fictional transaction fixture.
DEV_MIGRATION_FT_01326,DEV_MIGRATION_FL_00332,Delivery,101,2025-06-10,Fictional transaction fixture.
DEV_MIGRATION_FT_01327,DEV_MIGRATION_FL_00332,Removal,102,2025-07-11,Fictional transaction fixture.
DEV_MIGRATION_FT_01328,DEV_MIGRATION_FL_00332,Sale,103,2025-08-12,Fictional transaction fixture.
DEV_MIGRATION_FT_01329,DEV_MIGRATION_FL_00333,Count,104,2025-09-13,Fictional transaction fixture.
DEV_MIGRATION_FT_01330,DEV_MIGRATION_FL_00333,Delivery,105,2025-10-14,Fictional transaction fixture.
DEV_MIGRATION_FT_01331,DEV_MIGRATION_FL_00333,Removal,106,2025-11-15,Fictional transaction fixture.
DEV_MIGRATION_FT_01332,DEV_MIGRATION_FL_00333,Sale,107,2025-12-16,Fictional transaction fixture.
DEV_MIGRATION_FT_01333,DEV_MIGRATION_FL_00334,Count,108,2025-01-17,Fictional transaction fixture.
DEV_MIGRATION_FT_01334,DEV_MIGRATION_FL_00334,Delivery,109,2025-02-18,Fictional transaction fixture.
DEV_MIGRATION_FT_01335,DEV_MIGRATION_FL_00334,Removal,110,2025-03-19,Fictional transaction fixture.
DEV_MIGRATION_FT_01336,DEV_MIGRATION_FL_00334,Sale,111,2025-04-20,Fictional transaction fixture.
DEV_MIGRATION_FT_01337,DEV_MIGRATION_FL_00335,Count,112,2025-05-21,Fictional transaction fixture.
DEV_MIGRATION_FT_01338,DEV_MIGRATION_FL_00335,Delivery,113,2025-06-22,Fictional transaction fixture.
DEV_MIGRATION_FT_01339,DEV_MIGRATION_FL_00335,Removal,114,2025-07-23,Fictional transaction fixture.
DEV_MIGRATION_FT_01340,DEV_MIGRATION_FL_00335,Sale,115,2025-08-24,Fictional transaction fixture.
DEV_MIGRATION_FT_01341,DEV_MIGRATION_FL_00336,Count,116,2025-09-25,Fictional transaction fixture.
DEV_MIGRATION_FT_01342,DEV_MIGRATION_FL_00336,Delivery,117,2025-10-26,Fictional transaction fixture.
DEV_MIGRATION_FT_01343,DEV_MIGRATION_FL_00336,Removal,118,2025-11-27,Fictional transaction fixture.
DEV_MIGRATION_FT_01344,DEV_MIGRATION_FL_00336,Sale,119,2025-12-28,Fictional transaction fixture.
DEV_MIGRATION_FT_01345,DEV_MIGRATION_FL_00337,Count,120,2025-01-01,Fictional transaction fixture.
DEV_MIGRATION_FT_01346,DEV_MIGRATION_FL_00337,Delivery,121,2025-02-02,Fictional transaction fixture.
DEV_MIGRATION_FT_01347,DEV_MIGRATION_FL_00337,Removal,122,2025-03-03,Fictional transaction fixture.
DEV_MIGRATION_FT_01348,DEV_MIGRATION_FL_00337,Sale,123,2025-04-04,Fictional transaction fixture.
DEV_MIGRATION_FT_01349,DEV_MIGRATION_FL_00338,Count,124,2025-05-05,Fictional transaction fixture.
DEV_MIGRATION_FT_01350,DEV_MIGRATION_FL_00338,Delivery,100,2025-06-06,Fictional transaction fixture.
DEV_MIGRATION_FT_01351,DEV_MIGRATION_FL_00338,Removal,101,2025-07-07,Fictional transaction fixture.
DEV_MIGRATION_FT_01352,DEV_MIGRATION_FL_00338,Sale,102,2025-08-08,Fictional transaction fixture.
DEV_MIGRATION_FT_01353,DEV_MIGRATION_FL_00339,Count,103,2025-09-09,Fictional transaction fixture.
DEV_MIGRATION_FT_01354,DEV_MIGRATION_FL_00339,Delivery,104,2025-10-10,Fictional transaction fixture.
DEV_MIGRATION_FT_01355,DEV_MIGRATION_FL_00339,Removal,105,2025-11-11,Fictional transaction fixture.
DEV_MIGRATION_FT_01356,DEV_MIGRATION_FL_00339,Sale,106,2025-12-12,Fictional transaction fixture.
DEV_MIGRATION_FT_01357,DEV_MIGRATION_FL_00340,Count,107,2025-01-13,Fictional transaction fixture.
DEV_MIGRATION_FT_01358,DEV_MIGRATION_FL_00340,Delivery,108,2025-02-14,Fictional transaction fixture.
DEV_MIGRATION_FT_01359,DEV_MIGRATION_FL_00340,Removal,109,2025-03-15,Fictional transaction fixture.
DEV_MIGRATION_FT_01360,DEV_MIGRATION_FL_00340,Sale,110,2025-04-16,Fictional transaction fixture.
DEV_MIGRATION_FT_01361,DEV_MIGRATION_FL_00341,Count,111,2025-05-17,Fictional transaction fixture.
DEV_MIGRATION_FT_01362,DEV_MIGRATION_FL_00341,Delivery,112,2025-06-18,Fictional transaction fixture.
DEV_MIGRATION_FT_01363,DEV_MIGRATION_FL_00341,Removal,113,2025-07-19,Fictional transaction fixture.
DEV_MIGRATION_FT_01364,DEV_MIGRATION_FL_00341,Sale,114,2025-08-20,Fictional transaction fixture.
DEV_MIGRATION_FT_01365,DEV_MIGRATION_FL_00342,Count,115,2025-09-21,Fictional transaction fixture.
DEV_MIGRATION_FT_01366,DEV_MIGRATION_FL_00342,Delivery,116,2025-10-22,Fictional transaction fixture.
DEV_MIGRATION_FT_01367,DEV_MIGRATION_FL_00342,Removal,117,2025-11-23,Fictional transaction fixture.
DEV_MIGRATION_FT_01368,DEV_MIGRATION_FL_00342,Sale,118,2025-12-24,Fictional transaction fixture.
DEV_MIGRATION_FT_01369,DEV_MIGRATION_FL_00343,Count,119,2025-01-25,Fictional transaction fixture.
DEV_MIGRATION_FT_01370,DEV_MIGRATION_FL_00343,Delivery,120,2025-02-26,Fictional transaction fixture.
DEV_MIGRATION_FT_01371,DEV_MIGRATION_FL_00343,Removal,121,2025-03-27,Fictional transaction fixture.
DEV_MIGRATION_FT_01372,DEV_MIGRATION_FL_00343,Sale,122,2025-04-28,Fictional transaction fixture.
DEV_MIGRATION_FT_01373,DEV_MIGRATION_FL_00344,Count,123,2025-05-01,Fictional transaction fixture.
DEV_MIGRATION_FT_01374,DEV_MIGRATION_FL_00344,Delivery,124,2025-06-02,Fictional transaction fixture.
DEV_MIGRATION_FT_01375,DEV_MIGRATION_FL_00344,Removal,100,2025-07-03,Fictional transaction fixture.
DEV_MIGRATION_FT_01376,DEV_MIGRATION_FL_00344,Sale,101,2025-08-04,Fictional transaction fixture.
DEV_MIGRATION_FT_01377,DEV_MIGRATION_FL_00345,Count,102,2025-09-05,Fictional transaction fixture.
DEV_MIGRATION_FT_01378,DEV_MIGRATION_FL_00345,Delivery,103,2025-10-06,Fictional transaction fixture.
DEV_MIGRATION_FT_01379,DEV_MIGRATION_FL_00345,Removal,104,2025-11-07,Fictional transaction fixture.
DEV_MIGRATION_FT_01380,DEV_MIGRATION_FL_00345,Sale,105,2025-12-08,Fictional transaction fixture.
DEV_MIGRATION_FT_01381,DEV_MIGRATION_FL_00346,Count,106,2025-01-09,Fictional transaction fixture.
DEV_MIGRATION_FT_01382,DEV_MIGRATION_FL_00346,Delivery,107,2025-02-10,Fictional transaction fixture.
DEV_MIGRATION_FT_01383,DEV_MIGRATION_FL_00346,Removal,108,2025-03-11,Fictional transaction fixture.
DEV_MIGRATION_FT_01384,DEV_MIGRATION_FL_00346,Sale,109,2025-04-12,Fictional transaction fixture.
DEV_MIGRATION_FT_01385,DEV_MIGRATION_FL_00347,Count,110,2025-05-13,Fictional transaction fixture.
DEV_MIGRATION_FT_01386,DEV_MIGRATION_FL_00347,Delivery,111,2025-06-14,Fictional transaction fixture.
DEV_MIGRATION_FT_01387,DEV_MIGRATION_FL_00347,Removal,112,2025-07-15,Fictional transaction fixture.
DEV_MIGRATION_FT_01388,DEV_MIGRATION_FL_00347,Sale,113,2025-08-16,Fictional transaction fixture.
DEV_MIGRATION_FT_01389,DEV_MIGRATION_FL_00348,Count,114,2025-09-17,Fictional transaction fixture.
DEV_MIGRATION_FT_01390,DEV_MIGRATION_FL_00348,Delivery,115,2025-10-18,Fictional transaction fixture.
DEV_MIGRATION_FT_01391,DEV_MIGRATION_FL_00348,Removal,116,2025-11-19,Fictional transaction fixture.
DEV_MIGRATION_FT_01392,DEV_MIGRATION_FL_00348,Sale,117,2025-12-20,Fictional transaction fixture.
DEV_MIGRATION_FT_01393,DEV_MIGRATION_FL_00349,Count,118,2025-01-21,Fictional transaction fixture.
DEV_MIGRATION_FT_01394,DEV_MIGRATION_FL_00349,Delivery,119,2025-02-22,Fictional transaction fixture.
DEV_MIGRATION_FT_01395,DEV_MIGRATION_FL_00349,Removal,120,2025-03-23,Fictional transaction fixture.
DEV_MIGRATION_FT_01396,DEV_MIGRATION_FL_00349,Sale,121,2025-04-24,Fictional transaction fixture.
DEV_MIGRATION_FT_01397,DEV_MIGRATION_FL_00350,Count,122,2025-05-25,Fictional transaction fixture.
DEV_MIGRATION_FT_01398,DEV_MIGRATION_FL_00350,Delivery,123,2025-06-26,Fictional transaction fixture.
DEV_MIGRATION_FT_01399,DEV_MIGRATION_FL_00350,Removal,124,2025-07-27,Fictional transaction fixture.
DEV_MIGRATION_FT_01400,DEV_MIGRATION_FL_00350,Sale,100,2025-08-28,Fictional transaction fixture.
DEV_MIGRATION_FT_01401,DEV_MIGRATION_FL_00351,Count,101,2025-09-01,Fictional transaction fixture.
DEV_MIGRATION_FT_01402,DEV_MIGRATION_FL_00351,Delivery,102,2025-10-02,Fictional transaction fixture.
DEV_MIGRATION_FT_01403,DEV_MIGRATION_FL_00351,Removal,103,2025-11-03,Fictional transaction fixture.
DEV_MIGRATION_FT_01404,DEV_MIGRATION_FL_00351,Sale,104,2025-12-04,Fictional transaction fixture.
DEV_MIGRATION_FT_01405,DEV_MIGRATION_FL_00352,Count,105,2025-01-05,Fictional transaction fixture.
DEV_MIGRATION_FT_01406,DEV_MIGRATION_FL_00352,Delivery,106,2025-02-06,Fictional transaction fixture.
DEV_MIGRATION_FT_01407,DEV_MIGRATION_FL_00352,Removal,107,2025-03-07,Fictional transaction fixture.
DEV_MIGRATION_FT_01408,DEV_MIGRATION_FL_00352,Sale,108,2025-04-08,Fictional transaction fixture.
DEV_MIGRATION_FT_01409,DEV_MIGRATION_FL_00353,Count,109,2025-05-09,Fictional transaction fixture.
DEV_MIGRATION_FT_01410,DEV_MIGRATION_FL_00353,Delivery,110,2025-06-10,Fictional transaction fixture.
DEV_MIGRATION_FT_01411,DEV_MIGRATION_FL_00353,Removal,111,2025-07-11,Fictional transaction fixture.
DEV_MIGRATION_FT_01412,DEV_MIGRATION_FL_00353,Sale,112,2025-08-12,Fictional transaction fixture.
DEV_MIGRATION_FT_01413,DEV_MIGRATION_FL_00354,Count,113,2025-09-13,Fictional transaction fixture.
DEV_MIGRATION_FT_01414,DEV_MIGRATION_FL_00354,Delivery,114,2025-10-14,Fictional transaction fixture.
DEV_MIGRATION_FT_01415,DEV_MIGRATION_FL_00354,Removal,115,2025-11-15,Fictional transaction fixture.
DEV_MIGRATION_FT_01416,DEV_MIGRATION_FL_00354,Sale,116,2025-12-16,Fictional transaction fixture.
DEV_MIGRATION_FT_01417,DEV_MIGRATION_FL_00355,Count,117,2025-01-17,Fictional transaction fixture.
DEV_MIGRATION_FT_01418,DEV_MIGRATION_FL_00355,Delivery,118,2025-02-18,Fictional transaction fixture.
DEV_MIGRATION_FT_01419,DEV_MIGRATION_FL_00355,Removal,119,2025-03-19,Fictional transaction fixture.
DEV_MIGRATION_FT_01420,DEV_MIGRATION_FL_00355,Sale,120,2025-04-20,Fictional transaction fixture.
DEV_MIGRATION_FT_01421,DEV_MIGRATION_FL_00356,Count,121,2025-05-21,Fictional transaction fixture.
DEV_MIGRATION_FT_01422,DEV_MIGRATION_FL_00356,Delivery,122,2025-06-22,Fictional transaction fixture.
DEV_MIGRATION_FT_01423,DEV_MIGRATION_FL_00356,Removal,123,2025-07-23,Fictional transaction fixture.
DEV_MIGRATION_FT_01424,DEV_MIGRATION_FL_00356,Sale,124,2025-08-24,Fictional transaction fixture.
DEV_MIGRATION_FT_01425,DEV_MIGRATION_FL_00357,Count,100,2025-09-25,Fictional transaction fixture.
DEV_MIGRATION_FT_01426,DEV_MIGRATION_FL_00357,Delivery,101,2025-10-26,Fictional transaction fixture.
DEV_MIGRATION_FT_01427,DEV_MIGRATION_FL_00357,Removal,102,2025-11-27,Fictional transaction fixture.
DEV_MIGRATION_FT_01428,DEV_MIGRATION_FL_00357,Sale,103,2025-12-28,Fictional transaction fixture.
DEV_MIGRATION_FT_01429,DEV_MIGRATION_FL_00358,Count,104,2025-01-01,Fictional transaction fixture.
DEV_MIGRATION_FT_01430,DEV_MIGRATION_FL_00358,Delivery,105,2025-02-02,Fictional transaction fixture.
DEV_MIGRATION_FT_01431,DEV_MIGRATION_FL_00358,Removal,106,2025-03-03,Fictional transaction fixture.
DEV_MIGRATION_FT_01432,DEV_MIGRATION_FL_00358,Sale,107,2025-04-04,Fictional transaction fixture.
DEV_MIGRATION_FT_01433,DEV_MIGRATION_FL_00359,Count,108,2025-05-05,Fictional transaction fixture.
DEV_MIGRATION_FT_01434,DEV_MIGRATION_FL_00359,Delivery,109,2025-06-06,Fictional transaction fixture.
DEV_MIGRATION_FT_01435,DEV_MIGRATION_FL_00359,Removal,110,2025-07-07,Fictional transaction fixture.
DEV_MIGRATION_FT_01436,DEV_MIGRATION_FL_00359,Sale,111,2025-08-08,Fictional transaction fixture.
DEV_MIGRATION_FT_01437,DEV_MIGRATION_FL_00360,Count,112,2025-09-09,Fictional transaction fixture.
DEV_MIGRATION_FT_01438,DEV_MIGRATION_FL_00360,Delivery,113,2025-10-10,Fictional transaction fixture.
DEV_MIGRATION_FT_01439,DEV_MIGRATION_FL_00360,Removal,114,2025-11-11,Fictional transaction fixture.
DEV_MIGRATION_FT_01440,DEV_MIGRATION_FL_00360,Sale,115,2025-12-12,Fictional transaction fixture.
DEV_MIGRATION_FT_01441,DEV_MIGRATION_FL_00361,Count,116,2025-01-13,Fictional transaction fixture.
DEV_MIGRATION_FT_01442,DEV_MIGRATION_FL_00361,Delivery,117,2025-02-14,Fictional transaction fixture.
DEV_MIGRATION_FT_01443,DEV_MIGRATION_FL_00361,Removal,118,2025-03-15,Fictional transaction fixture.
DEV_MIGRATION_FT_01444,DEV_MIGRATION_FL_00361,Sale,119,2025-04-16,Fictional transaction fixture.
DEV_MIGRATION_FT_01445,DEV_MIGRATION_FL_00362,Count,120,2025-05-17,Fictional transaction fixture.
DEV_MIGRATION_FT_01446,DEV_MIGRATION_FL_00362,Delivery,121,2025-06-18,Fictional transaction fixture.
DEV_MIGRATION_FT_01447,DEV_MIGRATION_FL_00362,Removal,122,2025-07-19,Fictional transaction fixture.
DEV_MIGRATION_FT_01448,DEV_MIGRATION_FL_00362,Sale,123,2025-08-20,Fictional transaction fixture.
DEV_MIGRATION_FT_01449,DEV_MIGRATION_FL_00363,Count,124,2025-09-21,Fictional transaction fixture.
DEV_MIGRATION_FT_01450,DEV_MIGRATION_FL_00363,Delivery,100,2025-10-22,Fictional transaction fixture.
DEV_MIGRATION_FT_01451,DEV_MIGRATION_FL_00363,Removal,101,2025-11-23,Fictional transaction fixture.
DEV_MIGRATION_FT_01452,DEV_MIGRATION_FL_00363,Sale,102,2025-12-24,Fictional transaction fixture.
DEV_MIGRATION_FT_01453,DEV_MIGRATION_FL_00364,Count,103,2025-01-25,Fictional transaction fixture.
DEV_MIGRATION_FT_01454,DEV_MIGRATION_FL_00364,Delivery,104,2025-02-26,Fictional transaction fixture.
DEV_MIGRATION_FT_01455,DEV_MIGRATION_FL_00364,Removal,105,2025-03-27,Fictional transaction fixture.
DEV_MIGRATION_FT_01456,DEV_MIGRATION_FL_00364,Sale,106,2025-04-28,Fictional transaction fixture.
DEV_MIGRATION_FT_01457,DEV_MIGRATION_FL_00365,Count,107,2025-05-01,Fictional transaction fixture.
DEV_MIGRATION_FT_01458,DEV_MIGRATION_FL_00365,Delivery,108,2025-06-02,Fictional transaction fixture.
DEV_MIGRATION_FT_01459,DEV_MIGRATION_FL_00365,Removal,109,2025-07-03,Fictional transaction fixture.
DEV_MIGRATION_FT_01460,DEV_MIGRATION_FL_00365,Sale,110,2025-08-04,Fictional transaction fixture.
DEV_MIGRATION_FT_01461,DEV_MIGRATION_FL_00366,Count,111,2025-09-05,Fictional transaction fixture.
DEV_MIGRATION_FT_01462,DEV_MIGRATION_FL_00366,Delivery,112,2025-10-06,Fictional transaction fixture.
DEV_MIGRATION_FT_01463,DEV_MIGRATION_FL_00366,Removal,113,2025-11-07,Fictional transaction fixture.
DEV_MIGRATION_FT_01464,DEV_MIGRATION_FL_00366,Sale,114,2025-12-08,Fictional transaction fixture.
DEV_MIGRATION_FT_01465,DEV_MIGRATION_FL_00367,Count,115,2025-01-09,Fictional transaction fixture.
DEV_MIGRATION_FT_01466,DEV_MIGRATION_FL_00367,Delivery,116,2025-02-10,Fictional transaction fixture.
DEV_MIGRATION_FT_01467,DEV_MIGRATION_FL_00367,Removal,117,2025-03-11,Fictional transaction fixture.
DEV_MIGRATION_FT_01468,DEV_MIGRATION_FL_00367,Sale,118,2025-04-12,Fictional transaction fixture.
DEV_MIGRATION_FT_01469,DEV_MIGRATION_FL_00368,Count,119,2025-05-13,Fictional transaction fixture.
DEV_MIGRATION_FT_01470,DEV_MIGRATION_FL_00368,Delivery,120,2025-06-14,Fictional transaction fixture.
DEV_MIGRATION_FT_01471,DEV_MIGRATION_FL_00368,Removal,121,2025-07-15,Fictional transaction fixture.
DEV_MIGRATION_FT_01472,DEV_MIGRATION_FL_00368,Sale,122,2025-08-16,Fictional transaction fixture.
DEV_MIGRATION_FT_01473,DEV_MIGRATION_FL_00369,Count,123,2025-09-17,Fictional transaction fixture.
DEV_MIGRATION_FT_01474,DEV_MIGRATION_FL_00369,Delivery,124,2025-10-18,Fictional transaction fixture.
DEV_MIGRATION_FT_01475,DEV_MIGRATION_FL_00369,Removal,100,2025-11-19,Fictional transaction fixture.
DEV_MIGRATION_FT_01476,DEV_MIGRATION_FL_00369,Sale,101,2025-12-20,Fictional transaction fixture.
DEV_MIGRATION_FT_01477,DEV_MIGRATION_FL_00370,Count,102,2025-01-21,Fictional transaction fixture.
DEV_MIGRATION_FT_01478,DEV_MIGRATION_FL_00370,Delivery,103,2025-02-22,Fictional transaction fixture.
DEV_MIGRATION_FT_01479,DEV_MIGRATION_FL_00370,Removal,104,2025-03-23,Fictional transaction fixture.
DEV_MIGRATION_FT_01480,DEV_MIGRATION_FL_00370,Sale,105,2025-04-24,Fictional transaction fixture.
DEV_MIGRATION_FT_01481,DEV_MIGRATION_FL_00371,Count,106,2025-05-25,Fictional transaction fixture.
DEV_MIGRATION_FT_01482,DEV_MIGRATION_FL_00371,Delivery,107,2025-06-26,Fictional transaction fixture.
DEV_MIGRATION_FT_01483,DEV_MIGRATION_FL_00371,Removal,108,2025-07-27,Fictional transaction fixture.
DEV_MIGRATION_FT_01484,DEV_MIGRATION_FL_00371,Sale,109,2025-08-28,Fictional transaction fixture.
DEV_MIGRATION_FT_01485,DEV_MIGRATION_FL_00372,Count,110,2025-09-01,Fictional transaction fixture.
DEV_MIGRATION_FT_01486,DEV_MIGRATION_FL_00372,Delivery,111,2025-10-02,Fictional transaction fixture.
DEV_MIGRATION_FT_01487,DEV_MIGRATION_FL_00372,Removal,112,2025-11-03,Fictional transaction fixture.
DEV_MIGRATION_FT_01488,DEV_MIGRATION_FL_00372,Sale,113,2025-12-04,Fictional transaction fixture.
DEV_MIGRATION_FT_01489,DEV_MIGRATION_FL_00373,Count,114,2025-01-05,Fictional transaction fixture.
DEV_MIGRATION_FT_01490,DEV_MIGRATION_FL_00373,Delivery,115,2025-02-06,Fictional transaction fixture.
DEV_MIGRATION_FT_01491,DEV_MIGRATION_FL_00373,Removal,116,2025-03-07,Fictional transaction fixture.
DEV_MIGRATION_FT_01492,DEV_MIGRATION_FL_00373,Sale,117,2025-04-08,Fictional transaction fixture.
DEV_MIGRATION_FT_01493,DEV_MIGRATION_FL_00374,Count,118,2025-05-09,Fictional transaction fixture.
DEV_MIGRATION_FT_01494,DEV_MIGRATION_FL_00374,Delivery,119,2025-06-10,Fictional transaction fixture.
DEV_MIGRATION_FT_01495,DEV_MIGRATION_FL_00374,Removal,120,2025-07-11,Fictional transaction fixture.
DEV_MIGRATION_FT_01496,DEV_MIGRATION_FL_00374,Sale,121,2025-08-12,Fictional transaction fixture.
DEV_MIGRATION_FT_01497,DEV_MIGRATION_FL_00375,Count,122,2025-09-13,Fictional transaction fixture.
DEV_MIGRATION_FT_01498,DEV_MIGRATION_FL_00375,Delivery,123,2025-10-14,Fictional transaction fixture.
DEV_MIGRATION_FT_01499,DEV_MIGRATION_FL_00375,Removal,124,2025-11-15,Fictional transaction fixture.
DEV_MIGRATION_FT_01500,DEV_MIGRATION_FL_00375,Sale,100,2025-12-16,Fictional transaction fixture.
DEV_MIGRATION_FT_01501,DEV_MIGRATION_FL_00376,Count,101,2025-01-17,Fictional transaction fixture.
DEV_MIGRATION_FT_01502,DEV_MIGRATION_FL_00376,Delivery,102,2025-02-18,Fictional transaction fixture.
DEV_MIGRATION_FT_01503,DEV_MIGRATION_FL_00376,Removal,103,2025-03-19,Fictional transaction fixture.
DEV_MIGRATION_FT_01504,DEV_MIGRATION_FL_00376,Sale,104,2025-04-20,Fictional transaction fixture.
DEV_MIGRATION_FT_01505,DEV_MIGRATION_FL_00377,Count,105,2025-05-21,Fictional transaction fixture.
DEV_MIGRATION_FT_01506,DEV_MIGRATION_FL_00377,Delivery,106,2025-06-22,Fictional transaction fixture.
DEV_MIGRATION_FT_01507,DEV_MIGRATION_FL_00377,Removal,107,2025-07-23,Fictional transaction fixture.
DEV_MIGRATION_FT_01508,DEV_MIGRATION_FL_00377,Sale,108,2025-08-24,Fictional transaction fixture.
DEV_MIGRATION_FT_01509,DEV_MIGRATION_FL_00378,Count,109,2025-09-25,Fictional transaction fixture.
DEV_MIGRATION_FT_01510,DEV_MIGRATION_FL_00378,Delivery,110,2025-10-26,Fictional transaction fixture.
DEV_MIGRATION_FT_01511,DEV_MIGRATION_FL_00378,Removal,111,2025-11-27,Fictional transaction fixture.
DEV_MIGRATION_FT_01512,DEV_MIGRATION_FL_00378,Sale,112,2025-12-28,Fictional transaction fixture.
DEV_MIGRATION_FT_01513,DEV_MIGRATION_FL_00379,Count,113,2025-01-01,Fictional transaction fixture.
DEV_MIGRATION_FT_01514,DEV_MIGRATION_FL_00379,Delivery,114,2025-02-02,Fictional transaction fixture.
DEV_MIGRATION_FT_01515,DEV_MIGRATION_FL_00379,Removal,115,2025-03-03,Fictional transaction fixture.
DEV_MIGRATION_FT_01516,DEV_MIGRATION_FL_00379,Sale,116,2025-04-04,Fictional transaction fixture.
DEV_MIGRATION_FT_01517,DEV_MIGRATION_FL_00380,Count,117,2025-05-05,Fictional transaction fixture.
DEV_MIGRATION_FT_01518,DEV_MIGRATION_FL_00380,Delivery,118,2025-06-06,Fictional transaction fixture.
DEV_MIGRATION_FT_01519,DEV_MIGRATION_FL_00380,Removal,119,2025-07-07,Fictional transaction fixture.
DEV_MIGRATION_FT_01520,DEV_MIGRATION_FL_00380,Sale,120,2025-08-08,Fictional transaction fixture.
DEV_MIGRATION_FT_01521,DEV_MIGRATION_FL_00381,Count,121,2025-09-09,Fictional transaction fixture.
DEV_MIGRATION_FT_01522,DEV_MIGRATION_FL_00381,Delivery,122,2025-10-10,Fictional transaction fixture.
DEV_MIGRATION_FT_01523,DEV_MIGRATION_FL_00381,Removal,123,2025-11-11,Fictional transaction fixture.
DEV_MIGRATION_FT_01524,DEV_MIGRATION_FL_00381,Sale,124,2025-12-12,Fictional transaction fixture.
DEV_MIGRATION_FT_01525,DEV_MIGRATION_FL_00382,Count,100,2025-01-13,Fictional transaction fixture.
DEV_MIGRATION_FT_01526,DEV_MIGRATION_FL_00382,Delivery,101,2025-02-14,Fictional transaction fixture.
DEV_MIGRATION_FT_01527,DEV_MIGRATION_FL_00382,Removal,102,2025-03-15,Fictional transaction fixture.
DEV_MIGRATION_FT_01528,DEV_MIGRATION_FL_00382,Sale,103,2025-04-16,Fictional transaction fixture.
DEV_MIGRATION_FT_01529,DEV_MIGRATION_FL_00383,Count,104,2025-05-17,Fictional transaction fixture.
DEV_MIGRATION_FT_01530,DEV_MIGRATION_FL_00383,Delivery,105,2025-06-18,Fictional transaction fixture.
DEV_MIGRATION_FT_01531,DEV_MIGRATION_FL_00383,Removal,106,2025-07-19,Fictional transaction fixture.
DEV_MIGRATION_FT_01532,DEV_MIGRATION_FL_00383,Sale,107,2025-08-20,Fictional transaction fixture.
DEV_MIGRATION_FT_01533,DEV_MIGRATION_FL_00384,Count,108,2025-09-21,Fictional transaction fixture.
DEV_MIGRATION_FT_01534,DEV_MIGRATION_FL_00384,Delivery,109,2025-10-22,Fictional transaction fixture.
DEV_MIGRATION_FT_01535,DEV_MIGRATION_FL_00384,Removal,110,2025-11-23,Fictional transaction fixture.
DEV_MIGRATION_FT_01536,DEV_MIGRATION_FL_00384,Sale,111,2025-12-24,Fictional transaction fixture.
DEV_MIGRATION_FT_01537,DEV_MIGRATION_FL_00385,Count,112,2025-01-25,Fictional transaction fixture.
DEV_MIGRATION_FT_01538,DEV_MIGRATION_FL_00385,Delivery,113,2025-02-26,Fictional transaction fixture.
DEV_MIGRATION_FT_01539,DEV_MIGRATION_FL_00385,Removal,114,2025-03-27,Fictional transaction fixture.
DEV_MIGRATION_FT_01540,DEV_MIGRATION_FL_00385,Sale,115,2025-04-28,Fictional transaction fixture.
DEV_MIGRATION_FT_01541,DEV_MIGRATION_FL_00386,Count,116,2025-05-01,Fictional transaction fixture.
DEV_MIGRATION_FT_01542,DEV_MIGRATION_FL_00386,Delivery,117,2025-06-02,Fictional transaction fixture.
DEV_MIGRATION_FT_01543,DEV_MIGRATION_FL_00386,Removal,118,2025-07-03,Fictional transaction fixture.
DEV_MIGRATION_FT_01544,DEV_MIGRATION_FL_00386,Sale,119,2025-08-04,Fictional transaction fixture.
DEV_MIGRATION_FT_01545,DEV_MIGRATION_FL_00387,Count,120,2025-09-05,Fictional transaction fixture.
DEV_MIGRATION_FT_01546,DEV_MIGRATION_FL_00387,Delivery,121,2025-10-06,Fictional transaction fixture.
DEV_MIGRATION_FT_01547,DEV_MIGRATION_FL_00387,Removal,122,2025-11-07,Fictional transaction fixture.
DEV_MIGRATION_FT_01548,DEV_MIGRATION_FL_00387,Sale,123,2025-12-08,Fictional transaction fixture.
DEV_MIGRATION_FT_01549,DEV_MIGRATION_FL_00388,Count,124,2025-01-09,Fictional transaction fixture.
DEV_MIGRATION_FT_01550,DEV_MIGRATION_FL_00388,Delivery,100,2025-02-10,Fictional transaction fixture.
DEV_MIGRATION_FT_01551,DEV_MIGRATION_FL_00388,Removal,101,2025-03-11,Fictional transaction fixture.
DEV_MIGRATION_FT_01552,DEV_MIGRATION_FL_00388,Sale,102,2025-04-12,Fictional transaction fixture.
DEV_MIGRATION_FT_01553,DEV_MIGRATION_FL_00389,Count,103,2025-05-13,Fictional transaction fixture.
DEV_MIGRATION_FT_01554,DEV_MIGRATION_FL_00389,Delivery,104,2025-06-14,Fictional transaction fixture.
DEV_MIGRATION_FT_01555,DEV_MIGRATION_FL_00389,Removal,105,2025-07-15,Fictional transaction fixture.
DEV_MIGRATION_FT_01556,DEV_MIGRATION_FL_00389,Sale,106,2025-08-16,Fictional transaction fixture.
DEV_MIGRATION_FT_01557,DEV_MIGRATION_FL_00390,Count,107,2025-09-17,Fictional transaction fixture.
DEV_MIGRATION_FT_01558,DEV_MIGRATION_FL_00390,Delivery,108,2025-10-18,Fictional transaction fixture.
DEV_MIGRATION_FT_01559,DEV_MIGRATION_FL_00390,Removal,109,2025-11-19,Fictional transaction fixture.
DEV_MIGRATION_FT_01560,DEV_MIGRATION_FL_00390,Sale,110,2025-12-20,Fictional transaction fixture.
DEV_MIGRATION_FT_01561,DEV_MIGRATION_FL_00391,Count,111,2025-01-21,Fictional transaction fixture.
DEV_MIGRATION_FT_01562,DEV_MIGRATION_FL_00391,Delivery,112,2025-02-22,Fictional transaction fixture.
DEV_MIGRATION_FT_01563,DEV_MIGRATION_FL_00391,Removal,113,2025-03-23,Fictional transaction fixture.
DEV_MIGRATION_FT_01564,DEV_MIGRATION_FL_00391,Sale,114,2025-04-24,Fictional transaction fixture.
DEV_MIGRATION_FT_01565,DEV_MIGRATION_FL_00392,Count,115,2025-05-25,Fictional transaction fixture.
DEV_MIGRATION_FT_01566,DEV_MIGRATION_FL_00392,Delivery,116,2025-06-26,Fictional transaction fixture.
DEV_MIGRATION_FT_01567,DEV_MIGRATION_FL_00392,Removal,117,2025-07-27,Fictional transaction fixture.
DEV_MIGRATION_FT_01568,DEV_MIGRATION_FL_00392,Sale,118,2025-08-28,Fictional transaction fixture.
DEV_MIGRATION_FT_01569,DEV_MIGRATION_FL_00393,Count,119,2025-09-01,Fictional transaction fixture.
DEV_MIGRATION_FT_01570,DEV_MIGRATION_FL_00393,Delivery,120,2025-10-02,Fictional transaction fixture.
DEV_MIGRATION_FT_01571,DEV_MIGRATION_FL_00393,Removal,121,2025-11-03,Fictional transaction fixture.
DEV_MIGRATION_FT_01572,DEV_MIGRATION_FL_00393,Sale,122,2025-12-04,Fictional transaction fixture.
DEV_MIGRATION_FT_01573,DEV_MIGRATION_FL_00394,Count,123,2025-01-05,Fictional transaction fixture.
DEV_MIGRATION_FT_01574,DEV_MIGRATION_FL_00394,Delivery,124,2025-02-06,Fictional transaction fixture.
DEV_MIGRATION_FT_01575,DEV_MIGRATION_FL_00394,Removal,100,2025-03-07,Fictional transaction fixture.
DEV_MIGRATION_FT_01576,DEV_MIGRATION_FL_00394,Sale,101,2025-04-08,Fictional transaction fixture.
DEV_MIGRATION_FT_01577,DEV_MIGRATION_FL_00395,Count,102,2025-05-09,Fictional transaction fixture.
DEV_MIGRATION_FT_01578,DEV_MIGRATION_FL_00395,Delivery,103,2025-06-10,Fictional transaction fixture.
DEV_MIGRATION_FT_01579,DEV_MIGRATION_FL_00395,Removal,104,2025-07-11,Fictional transaction fixture.
DEV_MIGRATION_FT_01580,DEV_MIGRATION_FL_00395,Sale,105,2025-08-12,Fictional transaction fixture.
DEV_MIGRATION_FT_01581,DEV_MIGRATION_FL_00396,Count,106,2025-09-13,Fictional transaction fixture.
DEV_MIGRATION_FT_01582,DEV_MIGRATION_FL_00396,Delivery,107,2025-10-14,Fictional transaction fixture.
DEV_MIGRATION_FT_01583,DEV_MIGRATION_FL_00396,Removal,108,2025-11-15,Fictional transaction fixture.
DEV_MIGRATION_FT_01584,DEV_MIGRATION_FL_00396,Sale,109,2025-12-16,Fictional transaction fixture.
DEV_MIGRATION_FT_01585,DEV_MIGRATION_FL_00397,Count,110,2025-01-17,Fictional transaction fixture.
DEV_MIGRATION_FT_01586,DEV_MIGRATION_FL_00397,Delivery,111,2025-02-18,Fictional transaction fixture.
DEV_MIGRATION_FT_01587,DEV_MIGRATION_FL_00397,Removal,112,2025-03-19,Fictional transaction fixture.
DEV_MIGRATION_FT_01588,DEV_MIGRATION_FL_00397,Sale,113,2025-04-20,Fictional transaction fixture.
DEV_MIGRATION_FT_01589,DEV_MIGRATION_FL_00398,Count,114,2025-05-21,Fictional transaction fixture.
DEV_MIGRATION_FT_01590,DEV_MIGRATION_FL_00398,Delivery,115,2025-06-22,Fictional transaction fixture.
DEV_MIGRATION_FT_01591,DEV_MIGRATION_FL_00398,Removal,116,2025-07-23,Fictional transaction fixture.
DEV_MIGRATION_FT_01592,DEV_MIGRATION_FL_00398,Sale,117,2025-08-24,Fictional transaction fixture.
DEV_MIGRATION_FT_01593,DEV_MIGRATION_FL_00399,Count,118,2025-09-25,Fictional transaction fixture.
DEV_MIGRATION_FT_01594,DEV_MIGRATION_FL_00399,Delivery,119,2025-10-26,Fictional transaction fixture.
DEV_MIGRATION_FT_01595,DEV_MIGRATION_FL_00399,Removal,120,2025-11-27,Fictional transaction fixture.
DEV_MIGRATION_FT_01596,DEV_MIGRATION_FL_00399,Sale,121,2025-12-28,Fictional transaction fixture.
DEV_MIGRATION_FT_01597,DEV_MIGRATION_FL_00400,Count,122,2025-01-01,Fictional transaction fixture.
DEV_MIGRATION_FT_01598,DEV_MIGRATION_FL_00400,Delivery,123,2025-02-02,Fictional transaction fixture.
DEV_MIGRATION_FT_01599,DEV_MIGRATION_FL_00400,Removal,124,2025-03-03,Fictional transaction fixture.
DEV_MIGRATION_FT_01600,DEV_MIGRATION_FL_00400,Sale,100,2025-04-04,Fictional transaction fixture.
DEV_MIGRATION_FT_01601,DEV_MIGRATION_FL_00401,Count,101,2025-05-05,Fictional transaction fixture.
DEV_MIGRATION_FT_01602,DEV_MIGRATION_FL_00401,Delivery,102,2025-06-06,Fictional transaction fixture.
DEV_MIGRATION_FT_01603,DEV_MIGRATION_FL_00401,Removal,103,2025-07-07,Fictional transaction fixture.
DEV_MIGRATION_FT_01604,DEV_MIGRATION_FL_00401,Sale,104,2025-08-08,Fictional transaction fixture.
DEV_MIGRATION_FT_01605,DEV_MIGRATION_FL_00402,Count,105,2025-09-09,Fictional transaction fixture.
DEV_MIGRATION_FT_01606,DEV_MIGRATION_FL_00402,Delivery,106,2025-10-10,Fictional transaction fixture.
DEV_MIGRATION_FT_01607,DEV_MIGRATION_FL_00402,Removal,107,2025-11-11,Fictional transaction fixture.
DEV_MIGRATION_FT_01608,DEV_MIGRATION_FL_00402,Sale,108,2025-12-12,Fictional transaction fixture.
DEV_MIGRATION_FT_01609,DEV_MIGRATION_FL_00403,Count,109,2025-01-13,Fictional transaction fixture.
DEV_MIGRATION_FT_01610,DEV_MIGRATION_FL_00403,Delivery,110,2025-02-14,Fictional transaction fixture.
DEV_MIGRATION_FT_01611,DEV_MIGRATION_FL_00403,Removal,111,2025-03-15,Fictional transaction fixture.
DEV_MIGRATION_FT_01612,DEV_MIGRATION_FL_00403,Sale,112,2025-04-16,Fictional transaction fixture.
DEV_MIGRATION_FT_01613,DEV_MIGRATION_FL_00404,Count,113,2025-05-17,Fictional transaction fixture.
DEV_MIGRATION_FT_01614,DEV_MIGRATION_FL_00404,Delivery,114,2025-06-18,Fictional transaction fixture.
DEV_MIGRATION_FT_01615,DEV_MIGRATION_FL_00404,Removal,115,2025-07-19,Fictional transaction fixture.
DEV_MIGRATION_FT_01616,DEV_MIGRATION_FL_00404,Sale,116,2025-08-20,Fictional transaction fixture.
DEV_MIGRATION_FT_01617,DEV_MIGRATION_FL_00405,Count,117,2025-09-21,Fictional transaction fixture.
DEV_MIGRATION_FT_01618,DEV_MIGRATION_FL_00405,Delivery,118,2025-10-22,Fictional transaction fixture.
DEV_MIGRATION_FT_01619,DEV_MIGRATION_FL_00405,Removal,119,2025-11-23,Fictional transaction fixture.
DEV_MIGRATION_FT_01620,DEV_MIGRATION_FL_00405,Sale,120,2025-12-24,Fictional transaction fixture.
DEV_MIGRATION_FT_01621,DEV_MIGRATION_FL_00406,Count,121,2025-01-25,Fictional transaction fixture.
DEV_MIGRATION_FT_01622,DEV_MIGRATION_FL_00406,Delivery,122,2025-02-26,Fictional transaction fixture.
DEV_MIGRATION_FT_01623,DEV_MIGRATION_FL_00406,Removal,123,2025-03-27,Fictional transaction fixture.
DEV_MIGRATION_FT_01624,DEV_MIGRATION_FL_00406,Sale,124,2025-04-28,Fictional transaction fixture.
DEV_MIGRATION_FT_01625,DEV_MIGRATION_FL_00407,Count,100,2025-05-01,Fictional transaction fixture.
DEV_MIGRATION_FT_01626,DEV_MIGRATION_FL_00407,Delivery,101,2025-06-02,Fictional transaction fixture.
DEV_MIGRATION_FT_01627,DEV_MIGRATION_FL_00407,Removal,102,2025-07-03,Fictional transaction fixture.
DEV_MIGRATION_FT_01628,DEV_MIGRATION_FL_00407,Sale,103,2025-08-04,Fictional transaction fixture.
DEV_MIGRATION_FT_01629,DEV_MIGRATION_FL_00408,Count,104,2025-09-05,Fictional transaction fixture.
DEV_MIGRATION_FT_01630,DEV_MIGRATION_FL_00408,Delivery,105,2025-10-06,Fictional transaction fixture.
DEV_MIGRATION_FT_01631,DEV_MIGRATION_FL_00408,Removal,106,2025-11-07,Fictional transaction fixture.
DEV_MIGRATION_FT_01632,DEV_MIGRATION_FL_00408,Sale,107,2025-12-08,Fictional transaction fixture.
DEV_MIGRATION_FT_01633,DEV_MIGRATION_FL_00409,Count,108,2025-01-09,Fictional transaction fixture.
DEV_MIGRATION_FT_01634,DEV_MIGRATION_FL_00409,Delivery,109,2025-02-10,Fictional transaction fixture.
DEV_MIGRATION_FT_01635,DEV_MIGRATION_FL_00409,Removal,110,2025-03-11,Fictional transaction fixture.
DEV_MIGRATION_FT_01636,DEV_MIGRATION_FL_00409,Sale,111,2025-04-12,Fictional transaction fixture.
DEV_MIGRATION_FT_01637,DEV_MIGRATION_FL_00410,Count,112,2025-05-13,Fictional transaction fixture.
DEV_MIGRATION_FT_01638,DEV_MIGRATION_FL_00410,Delivery,113,2025-06-14,Fictional transaction fixture.
DEV_MIGRATION_FT_01639,DEV_MIGRATION_FL_00410,Removal,114,2025-07-15,Fictional transaction fixture.
DEV_MIGRATION_FT_01640,DEV_MIGRATION_FL_00410,Sale,115,2025-08-16,Fictional transaction fixture.
DEV_MIGRATION_FT_01641,DEV_MIGRATION_FL_00411,Count,116,2025-09-17,Fictional transaction fixture.
DEV_MIGRATION_FT_01642,DEV_MIGRATION_FL_00411,Delivery,117,2025-10-18,Fictional transaction fixture.
DEV_MIGRATION_FT_01643,DEV_MIGRATION_FL_00411,Removal,118,2025-11-19,Fictional transaction fixture.
DEV_MIGRATION_FT_01644,DEV_MIGRATION_FL_00411,Sale,119,2025-12-20,Fictional transaction fixture.
DEV_MIGRATION_FT_01645,DEV_MIGRATION_FL_00412,Count,120,2025-01-21,Fictional transaction fixture.
DEV_MIGRATION_FT_01646,DEV_MIGRATION_FL_00412,Delivery,121,2025-02-22,Fictional transaction fixture.
DEV_MIGRATION_FT_01647,DEV_MIGRATION_FL_00412,Removal,122,2025-03-23,Fictional transaction fixture.
DEV_MIGRATION_FT_01648,DEV_MIGRATION_FL_00412,Sale,123,2025-04-24,Fictional transaction fixture.
DEV_MIGRATION_FT_01649,DEV_MIGRATION_FL_00413,Count,124,2025-05-25,Fictional transaction fixture.
DEV_MIGRATION_FT_01650,DEV_MIGRATION_FL_00413,Delivery,100,2025-06-26,Fictional transaction fixture.
DEV_MIGRATION_FT_01651,DEV_MIGRATION_FL_00413,Removal,101,2025-07-27,Fictional transaction fixture.
DEV_MIGRATION_FT_01652,DEV_MIGRATION_FL_00413,Sale,102,2025-08-28,Fictional transaction fixture.
DEV_MIGRATION_FT_01653,DEV_MIGRATION_FL_00414,Count,103,2025-09-01,Fictional transaction fixture.
DEV_MIGRATION_FT_01654,DEV_MIGRATION_FL_00414,Delivery,104,2025-10-02,Fictional transaction fixture.
DEV_MIGRATION_FT_01655,DEV_MIGRATION_FL_00414,Removal,105,2025-11-03,Fictional transaction fixture.
DEV_MIGRATION_FT_01656,DEV_MIGRATION_FL_00414,Sale,106,2025-12-04,Fictional transaction fixture.
DEV_MIGRATION_FT_01657,DEV_MIGRATION_FL_00415,Count,107,2025-01-05,Fictional transaction fixture.
DEV_MIGRATION_FT_01658,DEV_MIGRATION_FL_00415,Delivery,108,2025-02-06,Fictional transaction fixture.
DEV_MIGRATION_FT_01659,DEV_MIGRATION_FL_00415,Removal,109,2025-03-07,Fictional transaction fixture.
DEV_MIGRATION_FT_01660,DEV_MIGRATION_FL_00415,Sale,110,2025-04-08,Fictional transaction fixture.
DEV_MIGRATION_FT_01661,DEV_MIGRATION_FL_00416,Count,111,2025-05-09,Fictional transaction fixture.
DEV_MIGRATION_FT_01662,DEV_MIGRATION_FL_00416,Delivery,112,2025-06-10,Fictional transaction fixture.
DEV_MIGRATION_FT_01663,DEV_MIGRATION_FL_00416,Removal,113,2025-07-11,Fictional transaction fixture.
DEV_MIGRATION_FT_01664,DEV_MIGRATION_FL_00416,Sale,114,2025-08-12,Fictional transaction fixture.
DEV_MIGRATION_FT_01665,DEV_MIGRATION_FL_00417,Count,115,2025-09-13,Fictional transaction fixture.
DEV_MIGRATION_FT_01666,DEV_MIGRATION_FL_00417,Delivery,116,2025-10-14,Fictional transaction fixture.
DEV_MIGRATION_FT_01667,DEV_MIGRATION_FL_00417,Removal,117,2025-11-15,Fictional transaction fixture.
DEV_MIGRATION_FT_01668,DEV_MIGRATION_FL_00417,Sale,118,2025-12-16,Fictional transaction fixture.
DEV_MIGRATION_FT_01669,DEV_MIGRATION_FL_00418,Count,119,2025-01-17,Fictional transaction fixture.
DEV_MIGRATION_FT_01670,DEV_MIGRATION_FL_00418,Delivery,120,2025-02-18,Fictional transaction fixture.
DEV_MIGRATION_FT_01671,DEV_MIGRATION_FL_00418,Removal,121,2025-03-19,Fictional transaction fixture.
DEV_MIGRATION_FT_01672,DEV_MIGRATION_FL_00418,Sale,122,2025-04-20,Fictional transaction fixture.
DEV_MIGRATION_FT_01673,DEV_MIGRATION_FL_00419,Count,123,2025-05-21,Fictional transaction fixture.
DEV_MIGRATION_FT_01674,DEV_MIGRATION_FL_00419,Delivery,124,2025-06-22,Fictional transaction fixture.
DEV_MIGRATION_FT_01675,DEV_MIGRATION_FL_00419,Removal,100,2025-07-23,Fictional transaction fixture.
DEV_MIGRATION_FT_01676,DEV_MIGRATION_FL_00419,Sale,101,2025-08-24,Fictional transaction fixture.
DEV_MIGRATION_FT_01677,DEV_MIGRATION_FL_00420,Count,102,2025-09-25,Fictional transaction fixture.
DEV_MIGRATION_FT_01678,DEV_MIGRATION_FL_00420,Delivery,103,2025-10-26,Fictional transaction fixture.
DEV_MIGRATION_FT_01679,DEV_MIGRATION_FL_00420,Removal,104,2025-11-27,Fictional transaction fixture.
DEV_MIGRATION_FT_01680,DEV_MIGRATION_FL_00420,Sale,105,2025-12-28,Fictional transaction fixture.
DEV_MIGRATION_FT_01681,DEV_MIGRATION_FL_00421,Count,106,2025-01-01,Fictional transaction fixture.
DEV_MIGRATION_FT_01682,DEV_MIGRATION_FL_00421,Delivery,107,2025-02-02,Fictional transaction fixture.
DEV_MIGRATION_FT_01683,DEV_MIGRATION_FL_00421,Removal,108,2025-03-03,Fictional transaction fixture.
DEV_MIGRATION_FT_01684,DEV_MIGRATION_FL_00421,Sale,109,2025-04-04,Fictional transaction fixture.
DEV_MIGRATION_FT_01685,DEV_MIGRATION_FL_00422,Count,110,2025-05-05,Fictional transaction fixture.
DEV_MIGRATION_FT_01686,DEV_MIGRATION_FL_00422,Delivery,111,2025-06-06,Fictional transaction fixture.
DEV_MIGRATION_FT_01687,DEV_MIGRATION_FL_00422,Removal,112,2025-07-07,Fictional transaction fixture.
DEV_MIGRATION_FT_01688,DEV_MIGRATION_FL_00422,Sale,113,2025-08-08,Fictional transaction fixture.
DEV_MIGRATION_FT_01689,DEV_MIGRATION_FL_00423,Count,114,2025-09-09,Fictional transaction fixture.
DEV_MIGRATION_FT_01690,DEV_MIGRATION_FL_00423,Delivery,115,2025-10-10,Fictional transaction fixture.
DEV_MIGRATION_FT_01691,DEV_MIGRATION_FL_00423,Removal,116,2025-11-11,Fictional transaction fixture.
DEV_MIGRATION_FT_01692,DEV_MIGRATION_FL_00423,Sale,117,2025-12-12,Fictional transaction fixture.
DEV_MIGRATION_FT_01693,DEV_MIGRATION_FL_00424,Count,118,2025-01-13,Fictional transaction fixture.
DEV_MIGRATION_FT_01694,DEV_MIGRATION_FL_00424,Delivery,119,2025-02-14,Fictional transaction fixture.
DEV_MIGRATION_FT_01695,DEV_MIGRATION_FL_00424,Removal,120,2025-03-15,Fictional transaction fixture.
DEV_MIGRATION_FT_01696,DEV_MIGRATION_FL_00424,Sale,121,2025-04-16,Fictional transaction fixture.
DEV_MIGRATION_FT_01697,DEV_MIGRATION_FL_00425,Count,122,2025-05-17,Fictional transaction fixture.
DEV_MIGRATION_FT_01698,DEV_MIGRATION_FL_00425,Delivery,123,2025-06-18,Fictional transaction fixture.
DEV_MIGRATION_FT_01699,DEV_MIGRATION_FL_00425,Removal,124,2025-07-19,Fictional transaction fixture.
DEV_MIGRATION_FT_01700,DEV_MIGRATION_FL_00425,Sale,100,2025-08-20,Fictional transaction fixture.
DEV_MIGRATION_FT_01701,DEV_MIGRATION_FL_00426,Count,101,2025-09-21,Fictional transaction fixture.
DEV_MIGRATION_FT_01702,DEV_MIGRATION_FL_00426,Delivery,102,2025-10-22,Fictional transaction fixture.
DEV_MIGRATION_FT_01703,DEV_MIGRATION_FL_00426,Removal,103,2025-11-23,Fictional transaction fixture.
DEV_MIGRATION_FT_01704,DEV_MIGRATION_FL_00426,Sale,104,2025-12-24,Fictional transaction fixture.
DEV_MIGRATION_FT_01705,DEV_MIGRATION_FL_00427,Count,105,2025-01-25,Fictional transaction fixture.
DEV_MIGRATION_FT_01706,DEV_MIGRATION_FL_00427,Delivery,106,2025-02-26,Fictional transaction fixture.
DEV_MIGRATION_FT_01707,DEV_MIGRATION_FL_00427,Removal,107,2025-03-27,Fictional transaction fixture.
DEV_MIGRATION_FT_01708,DEV_MIGRATION_FL_00427,Sale,108,2025-04-28,Fictional transaction fixture.
DEV_MIGRATION_FT_01709,DEV_MIGRATION_FL_00428,Count,109,2025-05-01,Fictional transaction fixture.
DEV_MIGRATION_FT_01710,DEV_MIGRATION_FL_00428,Delivery,110,2025-06-02,Fictional transaction fixture.
DEV_MIGRATION_FT_01711,DEV_MIGRATION_FL_00428,Removal,111,2025-07-03,Fictional transaction fixture.
DEV_MIGRATION_FT_01712,DEV_MIGRATION_FL_00428,Sale,112,2025-08-04,Fictional transaction fixture.
DEV_MIGRATION_FT_01713,DEV_MIGRATION_FL_00429,Count,113,2025-09-05,Fictional transaction fixture.
DEV_MIGRATION_FT_01714,DEV_MIGRATION_FL_00429,Delivery,114,2025-10-06,Fictional transaction fixture.
DEV_MIGRATION_FT_01715,DEV_MIGRATION_FL_00429,Removal,115,2025-11-07,Fictional transaction fixture.
DEV_MIGRATION_FT_01716,DEV_MIGRATION_FL_00429,Sale,116,2025-12-08,Fictional transaction fixture.
DEV_MIGRATION_FT_01717,DEV_MIGRATION_FL_00430,Count,117,2025-01-09,Fictional transaction fixture.
DEV_MIGRATION_FT_01718,DEV_MIGRATION_FL_00430,Delivery,118,2025-02-10,Fictional transaction fixture.
DEV_MIGRATION_FT_01719,DEV_MIGRATION_FL_00430,Removal,119,2025-03-11,Fictional transaction fixture.
DEV_MIGRATION_FT_01720,DEV_MIGRATION_FL_00430,Sale,120,2025-04-12,Fictional transaction fixture.
DEV_MIGRATION_FT_01721,DEV_MIGRATION_FL_00431,Count,121,2025-05-13,Fictional transaction fixture.
DEV_MIGRATION_FT_01722,DEV_MIGRATION_FL_00431,Delivery,122,2025-06-14,Fictional transaction fixture.
DEV_MIGRATION_FT_01723,DEV_MIGRATION_FL_00431,Removal,123,2025-07-15,Fictional transaction fixture.
DEV_MIGRATION_FT_01724,DEV_MIGRATION_FL_00431,Sale,124,2025-08-16,Fictional transaction fixture.
DEV_MIGRATION_FT_01725,DEV_MIGRATION_FL_00432,Count,100,2025-09-17,Fictional transaction fixture.
DEV_MIGRATION_FT_01726,DEV_MIGRATION_FL_00432,Delivery,101,2025-10-18,Fictional transaction fixture.
DEV_MIGRATION_FT_01727,DEV_MIGRATION_FL_00432,Removal,102,2025-11-19,Fictional transaction fixture.
DEV_MIGRATION_FT_01728,DEV_MIGRATION_FL_00432,Sale,103,2025-12-20,Fictional transaction fixture.
DEV_MIGRATION_FT_01729,DEV_MIGRATION_FL_00433,Count,104,2025-01-21,Fictional transaction fixture.
DEV_MIGRATION_FT_01730,DEV_MIGRATION_FL_00433,Delivery,105,2025-02-22,Fictional transaction fixture.
DEV_MIGRATION_FT_01731,DEV_MIGRATION_FL_00433,Removal,106,2025-03-23,Fictional transaction fixture.
DEV_MIGRATION_FT_01732,DEV_MIGRATION_FL_00433,Sale,107,2025-04-24,Fictional transaction fixture.
DEV_MIGRATION_FT_01733,DEV_MIGRATION_FL_00434,Count,108,2025-05-25,Fictional transaction fixture.
DEV_MIGRATION_FT_01734,DEV_MIGRATION_FL_00434,Delivery,109,2025-06-26,Fictional transaction fixture.
DEV_MIGRATION_FT_01735,DEV_MIGRATION_FL_00434,Removal,110,2025-07-27,Fictional transaction fixture.
DEV_MIGRATION_FT_01736,DEV_MIGRATION_FL_00434,Sale,111,2025-08-28,Fictional transaction fixture.
DEV_MIGRATION_FT_01737,DEV_MIGRATION_FL_00435,Count,112,2025-09-01,Fictional transaction fixture.
DEV_MIGRATION_FT_01738,DEV_MIGRATION_FL_00435,Delivery,113,2025-10-02,Fictional transaction fixture.
DEV_MIGRATION_FT_01739,DEV_MIGRATION_FL_00435,Removal,114,2025-11-03,Fictional transaction fixture.
DEV_MIGRATION_FT_01740,DEV_MIGRATION_FL_00435,Sale,115,2025-12-04,Fictional transaction fixture.
DEV_MIGRATION_FT_01741,DEV_MIGRATION_FL_00436,Count,116,2025-01-05,Fictional transaction fixture.
DEV_MIGRATION_FT_01742,DEV_MIGRATION_FL_00436,Delivery,117,2025-02-06,Fictional transaction fixture.
DEV_MIGRATION_FT_01743,DEV_MIGRATION_FL_00436,Removal,118,2025-03-07,Fictional transaction fixture.
DEV_MIGRATION_FT_01744,DEV_MIGRATION_FL_00436,Sale,119,2025-04-08,Fictional transaction fixture.
DEV_MIGRATION_FT_01745,DEV_MIGRATION_FL_00437,Count,120,2025-05-09,Fictional transaction fixture.
DEV_MIGRATION_FT_01746,DEV_MIGRATION_FL_00437,Delivery,121,2025-06-10,Fictional transaction fixture.
DEV_MIGRATION_FT_01747,DEV_MIGRATION_FL_00437,Removal,122,2025-07-11,Fictional transaction fixture.
DEV_MIGRATION_FT_01748,DEV_MIGRATION_FL_00437,Sale,123,2025-08-12,Fictional transaction fixture.
DEV_MIGRATION_FT_01749,DEV_MIGRATION_FL_00438,Count,124,2025-09-13,Fictional transaction fixture.
DEV_MIGRATION_FT_01750,DEV_MIGRATION_FL_00438,Delivery,100,2025-10-14,Fictional transaction fixture.
DEV_MIGRATION_FT_01751,DEV_MIGRATION_FL_00438,Removal,101,2025-11-15,Fictional transaction fixture.
DEV_MIGRATION_FT_01752,DEV_MIGRATION_FL_00438,Sale,102,2025-12-16,Fictional transaction fixture.
DEV_MIGRATION_FT_01753,DEV_MIGRATION_FL_00439,Count,103,2025-01-17,Fictional transaction fixture.
DEV_MIGRATION_FT_01754,DEV_MIGRATION_FL_00439,Delivery,104,2025-02-18,Fictional transaction fixture.
DEV_MIGRATION_FT_01755,DEV_MIGRATION_FL_00439,Removal,105,2025-03-19,Fictional transaction fixture.
DEV_MIGRATION_FT_01756,DEV_MIGRATION_FL_00439,Sale,106,2025-04-20,Fictional transaction fixture.
DEV_MIGRATION_FT_01757,DEV_MIGRATION_FL_00440,Count,107,2025-05-21,Fictional transaction fixture.
DEV_MIGRATION_FT_01758,DEV_MIGRATION_FL_00440,Delivery,108,2025-06-22,Fictional transaction fixture.
DEV_MIGRATION_FT_01759,DEV_MIGRATION_FL_00440,Removal,109,2025-07-23,Fictional transaction fixture.
DEV_MIGRATION_FT_01760,DEV_MIGRATION_FL_00440,Sale,110,2025-08-24,Fictional transaction fixture.
DEV_MIGRATION_FT_01761,DEV_MIGRATION_FL_00441,Count,111,2025-09-25,Fictional transaction fixture.
DEV_MIGRATION_FT_01762,DEV_MIGRATION_FL_00441,Delivery,112,2025-10-26,Fictional transaction fixture.
DEV_MIGRATION_FT_01763,DEV_MIGRATION_FL_00441,Removal,113,2025-11-27,Fictional transaction fixture.
DEV_MIGRATION_FT_01764,DEV_MIGRATION_FL_00441,Sale,114,2025-12-28,Fictional transaction fixture.
DEV_MIGRATION_FT_01765,DEV_MIGRATION_FL_00442,Count,115,2025-01-01,Fictional transaction fixture.
DEV_MIGRATION_FT_01766,DEV_MIGRATION_FL_00442,Delivery,116,2025-02-02,Fictional transaction fixture.
DEV_MIGRATION_FT_01767,DEV_MIGRATION_FL_00442,Removal,117,2025-03-03,Fictional transaction fixture.
DEV_MIGRATION_FT_01768,DEV_MIGRATION_FL_00442,Sale,118,2025-04-04,Fictional transaction fixture.
DEV_MIGRATION_FT_01769,DEV_MIGRATION_FL_00443,Count,119,2025-05-05,Fictional transaction fixture.
DEV_MIGRATION_FT_01770,DEV_MIGRATION_FL_00443,Delivery,120,2025-06-06,Fictional transaction fixture.
DEV_MIGRATION_FT_01771,DEV_MIGRATION_FL_00443,Removal,121,2025-07-07,Fictional transaction fixture.
DEV_MIGRATION_FT_01772,DEV_MIGRATION_FL_00443,Sale,122,2025-08-08,Fictional transaction fixture.
DEV_MIGRATION_FT_01773,DEV_MIGRATION_FL_00444,Count,123,2025-09-09,Fictional transaction fixture.
DEV_MIGRATION_FT_01774,DEV_MIGRATION_FL_00444,Delivery,124,2025-10-10,Fictional transaction fixture.
DEV_MIGRATION_FT_01775,DEV_MIGRATION_FL_00444,Removal,100,2025-11-11,Fictional transaction fixture.
DEV_MIGRATION_FT_01776,DEV_MIGRATION_FL_00444,Sale,101,2025-12-12,Fictional transaction fixture.
DEV_MIGRATION_FT_01777,DEV_MIGRATION_FL_00445,Count,102,2025-01-13,Fictional transaction fixture.
DEV_MIGRATION_FT_01778,DEV_MIGRATION_FL_00445,Delivery,103,2025-02-14,Fictional transaction fixture.
DEV_MIGRATION_FT_01779,DEV_MIGRATION_FL_00445,Removal,104,2025-03-15,Fictional transaction fixture.
DEV_MIGRATION_FT_01780,DEV_MIGRATION_FL_00445,Sale,105,2025-04-16,Fictional transaction fixture.
DEV_MIGRATION_FT_01781,DEV_MIGRATION_FL_00446,Count,106,2025-05-17,Fictional transaction fixture.
DEV_MIGRATION_FT_01782,DEV_MIGRATION_FL_00446,Delivery,107,2025-06-18,Fictional transaction fixture.
DEV_MIGRATION_FT_01783,DEV_MIGRATION_FL_00446,Removal,108,2025-07-19,Fictional transaction fixture.
DEV_MIGRATION_FT_01784,DEV_MIGRATION_FL_00446,Sale,109,2025-08-20,Fictional transaction fixture.
DEV_MIGRATION_FT_01785,DEV_MIGRATION_FL_00447,Count,110,2025-09-21,Fictional transaction fixture.
DEV_MIGRATION_FT_01786,DEV_MIGRATION_FL_00447,Delivery,111,2025-10-22,Fictional transaction fixture.
DEV_MIGRATION_FT_01787,DEV_MIGRATION_FL_00447,Removal,112,2025-11-23,Fictional transaction fixture.
DEV_MIGRATION_FT_01788,DEV_MIGRATION_FL_00447,Sale,113,2025-12-24,Fictional transaction fixture.
DEV_MIGRATION_FT_01789,DEV_MIGRATION_FL_00448,Count,114,2025-01-25,Fictional transaction fixture.
DEV_MIGRATION_FT_01790,DEV_MIGRATION_FL_00448,Delivery,115,2025-02-26,Fictional transaction fixture.
DEV_MIGRATION_FT_01791,DEV_MIGRATION_FL_00448,Removal,116,2025-03-27,Fictional transaction fixture.
DEV_MIGRATION_FT_01792,DEV_MIGRATION_FL_00448,Sale,117,2025-04-28,Fictional transaction fixture.
DEV_MIGRATION_FT_01793,DEV_MIGRATION_FL_00449,Count,118,2025-05-01,Fictional transaction fixture.
DEV_MIGRATION_FT_01794,DEV_MIGRATION_FL_00449,Delivery,119,2025-06-02,Fictional transaction fixture.
DEV_MIGRATION_FT_01795,DEV_MIGRATION_FL_00449,Removal,120,2025-07-03,Fictional transaction fixture.
DEV_MIGRATION_FT_01796,DEV_MIGRATION_FL_00449,Sale,121,2025-08-04,Fictional transaction fixture.
DEV_MIGRATION_FT_01797,DEV_MIGRATION_FL_00450,Count,122,2025-09-05,Fictional transaction fixture.
DEV_MIGRATION_FT_01798,DEV_MIGRATION_FL_00450,Delivery,123,2025-10-06,Fictional transaction fixture.
DEV_MIGRATION_FT_01799,DEV_MIGRATION_FL_00450,Removal,124,2025-11-07,Fictional transaction fixture.
DEV_MIGRATION_FT_01800,DEV_MIGRATION_FL_00450,Sale,100,2025-12-08,Fictional transaction fixture.
DEV_MIGRATION_FT_01801,DEV_MIGRATION_FL_00451,Count,101,2025-01-09,Fictional transaction fixture.
DEV_MIGRATION_FT_01802,DEV_MIGRATION_FL_00451,Delivery,102,2025-02-10,Fictional transaction fixture.
DEV_MIGRATION_FT_01803,DEV_MIGRATION_FL_00451,Removal,103,2025-03-11,Fictional transaction fixture.
DEV_MIGRATION_FT_01804,DEV_MIGRATION_FL_00451,Sale,104,2025-04-12,Fictional transaction fixture.
DEV_MIGRATION_FT_01805,DEV_MIGRATION_FL_00452,Count,105,2025-05-13,Fictional transaction fixture.
DEV_MIGRATION_FT_01806,DEV_MIGRATION_FL_00452,Delivery,106,2025-06-14,Fictional transaction fixture.
DEV_MIGRATION_FT_01807,DEV_MIGRATION_FL_00452,Removal,107,2025-07-15,Fictional transaction fixture.
DEV_MIGRATION_FT_01808,DEV_MIGRATION_FL_00452,Sale,108,2025-08-16,Fictional transaction fixture.
DEV_MIGRATION_FT_01809,DEV_MIGRATION_FL_00453,Count,109,2025-09-17,Fictional transaction fixture.
DEV_MIGRATION_FT_01810,DEV_MIGRATION_FL_00453,Delivery,110,2025-10-18,Fictional transaction fixture.
DEV_MIGRATION_FT_01811,DEV_MIGRATION_FL_00453,Removal,111,2025-11-19,Fictional transaction fixture.
DEV_MIGRATION_FT_01812,DEV_MIGRATION_FL_00453,Sale,112,2025-12-20,Fictional transaction fixture.
DEV_MIGRATION_FT_01813,DEV_MIGRATION_FL_00454,Count,113,2025-01-21,Fictional transaction fixture.
DEV_MIGRATION_FT_01814,DEV_MIGRATION_FL_00454,Delivery,114,2025-02-22,Fictional transaction fixture.
DEV_MIGRATION_FT_01815,DEV_MIGRATION_FL_00454,Removal,115,2025-03-23,Fictional transaction fixture.
DEV_MIGRATION_FT_01816,DEV_MIGRATION_FL_00454,Sale,116,2025-04-24,Fictional transaction fixture.
DEV_MIGRATION_FT_01817,DEV_MIGRATION_FL_00455,Count,117,2025-05-25,Fictional transaction fixture.
DEV_MIGRATION_FT_01818,DEV_MIGRATION_FL_00455,Delivery,118,2025-06-26,Fictional transaction fixture.
DEV_MIGRATION_FT_01819,DEV_MIGRATION_FL_00455,Removal,119,2025-07-27,Fictional transaction fixture.
DEV_MIGRATION_FT_01820,DEV_MIGRATION_FL_00455,Sale,120,2025-08-28,Fictional transaction fixture.
DEV_MIGRATION_FT_01821,DEV_MIGRATION_FL_00456,Count,121,2025-09-01,Fictional transaction fixture.
DEV_MIGRATION_FT_01822,DEV_MIGRATION_FL_00456,Delivery,122,2025-10-02,Fictional transaction fixture.
DEV_MIGRATION_FT_01823,DEV_MIGRATION_FL_00456,Removal,123,2025-11-03,Fictional transaction fixture.
DEV_MIGRATION_FT_01824,DEV_MIGRATION_FL_00456,Sale,124,2025-12-04,Fictional transaction fixture.
DEV_MIGRATION_FT_01825,DEV_MIGRATION_FL_00457,Count,100,2025-01-05,Fictional transaction fixture.
DEV_MIGRATION_FT_01826,DEV_MIGRATION_FL_00457,Delivery,101,2025-02-06,Fictional transaction fixture.
DEV_MIGRATION_FT_01827,DEV_MIGRATION_FL_00457,Removal,102,2025-03-07,Fictional transaction fixture.
DEV_MIGRATION_FT_01828,DEV_MIGRATION_FL_00457,Sale,103,2025-04-08,Fictional transaction fixture.
DEV_MIGRATION_FT_01829,DEV_MIGRATION_FL_00458,Count,104,2025-05-09,Fictional transaction fixture.
DEV_MIGRATION_FT_01830,DEV_MIGRATION_FL_00458,Delivery,105,2025-06-10,Fictional transaction fixture.
DEV_MIGRATION_FT_01831,DEV_MIGRATION_FL_00458,Removal,106,2025-07-11,Fictional transaction fixture.
DEV_MIGRATION_FT_01832,DEV_MIGRATION_FL_00458,Sale,107,2025-08-12,Fictional transaction fixture.
DEV_MIGRATION_FT_01833,DEV_MIGRATION_FL_00459,Count,108,2025-09-13,Fictional transaction fixture.
DEV_MIGRATION_FT_01834,DEV_MIGRATION_FL_00459,Delivery,109,2025-10-14,Fictional transaction fixture.
DEV_MIGRATION_FT_01835,DEV_MIGRATION_FL_00459,Removal,110,2025-11-15,Fictional transaction fixture.
DEV_MIGRATION_FT_01836,DEV_MIGRATION_FL_00459,Sale,111,2025-12-16,Fictional transaction fixture.
DEV_MIGRATION_FT_01837,DEV_MIGRATION_FL_00460,Count,112,2025-01-17,Fictional transaction fixture.
DEV_MIGRATION_FT_01838,DEV_MIGRATION_FL_00460,Delivery,113,2025-02-18,Fictional transaction fixture.
DEV_MIGRATION_FT_01839,DEV_MIGRATION_FL_00460,Removal,114,2025-03-19,Fictional transaction fixture.
DEV_MIGRATION_FT_01840,DEV_MIGRATION_FL_00460,Sale,115,2025-04-20,Fictional transaction fixture.
DEV_MIGRATION_FT_01841,DEV_MIGRATION_FL_00461,Count,116,2025-05-21,Fictional transaction fixture.
DEV_MIGRATION_FT_01842,DEV_MIGRATION_FL_00461,Delivery,117,2025-06-22,Fictional transaction fixture.
DEV_MIGRATION_FT_01843,DEV_MIGRATION_FL_00461,Removal,118,2025-07-23,Fictional transaction fixture.
DEV_MIGRATION_FT_01844,DEV_MIGRATION_FL_00461,Sale,119,2025-08-24,Fictional transaction fixture.
DEV_MIGRATION_FT_01845,DEV_MIGRATION_FL_00462,Count,120,2025-09-25,Fictional transaction fixture.
DEV_MIGRATION_FT_01846,DEV_MIGRATION_FL_00462,Delivery,121,2025-10-26,Fictional transaction fixture.
DEV_MIGRATION_FT_01847,DEV_MIGRATION_FL_00462,Removal,122,2025-11-27,Fictional transaction fixture.
DEV_MIGRATION_FT_01848,DEV_MIGRATION_FL_00462,Sale,123,2025-12-28,Fictional transaction fixture.
DEV_MIGRATION_FT_01849,DEV_MIGRATION_FL_00463,Count,124,2025-01-01,Fictional transaction fixture.
DEV_MIGRATION_FT_01850,DEV_MIGRATION_FL_00463,Delivery,100,2025-02-02,Fictional transaction fixture.
DEV_MIGRATION_FT_01851,DEV_MIGRATION_FL_00463,Removal,101,2025-03-03,Fictional transaction fixture.
DEV_MIGRATION_FT_01852,DEV_MIGRATION_FL_00463,Sale,102,2025-04-04,Fictional transaction fixture.
DEV_MIGRATION_FT_01853,DEV_MIGRATION_FL_00464,Count,103,2025-05-05,Fictional transaction fixture.
DEV_MIGRATION_FT_01854,DEV_MIGRATION_FL_00464,Delivery,104,2025-06-06,Fictional transaction fixture.
DEV_MIGRATION_FT_01855,DEV_MIGRATION_FL_00464,Removal,105,2025-07-07,Fictional transaction fixture.
DEV_MIGRATION_FT_01856,DEV_MIGRATION_FL_00464,Sale,106,2025-08-08,Fictional transaction fixture.
DEV_MIGRATION_FT_01857,DEV_MIGRATION_FL_00465,Count,107,2025-09-09,Fictional transaction fixture.
DEV_MIGRATION_FT_01858,DEV_MIGRATION_FL_00465,Delivery,108,2025-10-10,Fictional transaction fixture.
DEV_MIGRATION_FT_01859,DEV_MIGRATION_FL_00465,Removal,109,2025-11-11,Fictional transaction fixture.
DEV_MIGRATION_FT_01860,DEV_MIGRATION_FL_00465,Sale,110,2025-12-12,Fictional transaction fixture.
DEV_MIGRATION_FT_01861,DEV_MIGRATION_FL_00466,Count,111,2025-01-13,Fictional transaction fixture.
DEV_MIGRATION_FT_01862,DEV_MIGRATION_FL_00466,Delivery,112,2025-02-14,Fictional transaction fixture.
DEV_MIGRATION_FT_01863,DEV_MIGRATION_FL_00466,Removal,113,2025-03-15,Fictional transaction fixture.
DEV_MIGRATION_FT_01864,DEV_MIGRATION_FL_00466,Sale,114,2025-04-16,Fictional transaction fixture.
DEV_MIGRATION_FT_01865,DEV_MIGRATION_FL_00467,Count,115,2025-05-17,Fictional transaction fixture.
DEV_MIGRATION_FT_01866,DEV_MIGRATION_FL_00467,Delivery,116,2025-06-18,Fictional transaction fixture.
DEV_MIGRATION_FT_01867,DEV_MIGRATION_FL_00467,Removal,117,2025-07-19,Fictional transaction fixture.
DEV_MIGRATION_FT_01868,DEV_MIGRATION_FL_00467,Sale,118,2025-08-20,Fictional transaction fixture.
DEV_MIGRATION_FT_01869,DEV_MIGRATION_FL_00468,Count,119,2025-09-21,Fictional transaction fixture.
DEV_MIGRATION_FT_01870,DEV_MIGRATION_FL_00468,Delivery,120,2025-10-22,Fictional transaction fixture.
DEV_MIGRATION_FT_01871,DEV_MIGRATION_FL_00468,Removal,121,2025-11-23,Fictional transaction fixture.
DEV_MIGRATION_FT_01872,DEV_MIGRATION_FL_00468,Sale,122,2025-12-24,Fictional transaction fixture.
DEV_MIGRATION_FT_01873,DEV_MIGRATION_FL_00469,Count,123,2025-01-25,Fictional transaction fixture.
DEV_MIGRATION_FT_01874,DEV_MIGRATION_FL_00469,Delivery,124,2025-02-26,Fictional transaction fixture.
DEV_MIGRATION_FT_01875,DEV_MIGRATION_FL_00469,Removal,100,2025-03-27,Fictional transaction fixture.
DEV_MIGRATION_FT_01876,DEV_MIGRATION_FL_00469,Sale,101,2025-04-28,Fictional transaction fixture.
DEV_MIGRATION_FT_01877,DEV_MIGRATION_FL_00470,Count,102,2025-05-01,Fictional transaction fixture.
DEV_MIGRATION_FT_01878,DEV_MIGRATION_FL_00470,Delivery,103,2025-06-02,Fictional transaction fixture.
DEV_MIGRATION_FT_01879,DEV_MIGRATION_FL_00470,Removal,104,2025-07-03,Fictional transaction fixture.
DEV_MIGRATION_FT_01880,DEV_MIGRATION_FL_00470,Sale,105,2025-08-04,Fictional transaction fixture.
DEV_MIGRATION_FT_01881,DEV_MIGRATION_FL_00471,Count,106,2025-09-05,Fictional transaction fixture.
DEV_MIGRATION_FT_01882,DEV_MIGRATION_FL_00471,Delivery,107,2025-10-06,Fictional transaction fixture.
DEV_MIGRATION_FT_01883,DEV_MIGRATION_FL_00471,Removal,108,2025-11-07,Fictional transaction fixture.
DEV_MIGRATION_FT_01884,DEV_MIGRATION_FL_00471,Sale,109,2025-12-08,Fictional transaction fixture.
DEV_MIGRATION_FT_01885,DEV_MIGRATION_FL_00472,Count,110,2025-01-09,Fictional transaction fixture.
DEV_MIGRATION_FT_01886,DEV_MIGRATION_FL_00472,Delivery,111,2025-02-10,Fictional transaction fixture.
DEV_MIGRATION_FT_01887,DEV_MIGRATION_FL_00472,Removal,112,2025-03-11,Fictional transaction fixture.
DEV_MIGRATION_FT_01888,DEV_MIGRATION_FL_00472,Sale,113,2025-04-12,Fictional transaction fixture.
DEV_MIGRATION_FT_01889,DEV_MIGRATION_FL_00473,Count,114,2025-05-13,Fictional transaction fixture.
DEV_MIGRATION_FT_01890,DEV_MIGRATION_FL_00473,Delivery,115,2025-06-14,Fictional transaction fixture.
DEV_MIGRATION_FT_01891,DEV_MIGRATION_FL_00473,Removal,116,2025-07-15,Fictional transaction fixture.
DEV_MIGRATION_FT_01892,DEV_MIGRATION_FL_00473,Sale,117,2025-08-16,Fictional transaction fixture.
DEV_MIGRATION_FT_01893,DEV_MIGRATION_FL_00474,Count,118,2025-09-17,Fictional transaction fixture.
DEV_MIGRATION_FT_01894,DEV_MIGRATION_FL_00474,Delivery,119,2025-10-18,Fictional transaction fixture.
DEV_MIGRATION_FT_01895,DEV_MIGRATION_FL_00474,Removal,120,2025-11-19,Fictional transaction fixture.
DEV_MIGRATION_FT_01896,DEV_MIGRATION_FL_00474,Sale,121,2025-12-20,Fictional transaction fixture.
DEV_MIGRATION_FT_01897,DEV_MIGRATION_FL_00475,Count,122,2025-01-21,Fictional transaction fixture.
DEV_MIGRATION_FT_01898,DEV_MIGRATION_FL_00475,Delivery,123,2025-02-22,Fictional transaction fixture.
DEV_MIGRATION_FT_01899,DEV_MIGRATION_FL_00475,Removal,124,2025-03-23,Fictional transaction fixture.
DEV_MIGRATION_FT_01900,DEV_MIGRATION_FL_00475,Sale,100,2025-04-24,Fictional transaction fixture.
DEV_MIGRATION_FT_01901,DEV_MIGRATION_FL_00476,Count,101,2025-05-25,Fictional transaction fixture.
DEV_MIGRATION_FT_01902,DEV_MIGRATION_FL_00476,Delivery,102,2025-06-26,Fictional transaction fixture.
DEV_MIGRATION_FT_01903,DEV_MIGRATION_FL_00476,Removal,103,2025-07-27,Fictional transaction fixture.
DEV_MIGRATION_FT_01904,DEV_MIGRATION_FL_00476,Sale,104,2025-08-28,Fictional transaction fixture.
DEV_MIGRATION_FT_01905,DEV_MIGRATION_FL_00477,Count,105,2025-09-01,Fictional transaction fixture.
DEV_MIGRATION_FT_01906,DEV_MIGRATION_FL_00477,Delivery,106,2025-10-02,Fictional transaction fixture.
DEV_MIGRATION_FT_01907,DEV_MIGRATION_FL_00477,Removal,107,2025-11-03,Fictional transaction fixture.
DEV_MIGRATION_FT_01908,DEV_MIGRATION_FL_00477,Sale,108,2025-12-04,Fictional transaction fixture.
DEV_MIGRATION_FT_01909,DEV_MIGRATION_FL_00478,Count,109,2025-01-05,Fictional transaction fixture.
DEV_MIGRATION_FT_01910,DEV_MIGRATION_FL_00478,Delivery,110,2025-02-06,Fictional transaction fixture.
DEV_MIGRATION_FT_01911,DEV_MIGRATION_FL_00478,Removal,111,2025-03-07,Fictional transaction fixture.
DEV_MIGRATION_FT_01912,DEV_MIGRATION_FL_00478,Sale,112,2025-04-08,Fictional transaction fixture.
DEV_MIGRATION_FT_01913,DEV_MIGRATION_FL_00479,Count,113,2025-05-09,Fictional transaction fixture.
DEV_MIGRATION_FT_01914,DEV_MIGRATION_FL_00479,Delivery,114,2025-06-10,Fictional transaction fixture.
DEV_MIGRATION_FT_01915,DEV_MIGRATION_FL_00479,Removal,115,2025-07-11,Fictional transaction fixture.
DEV_MIGRATION_FT_01916,DEV_MIGRATION_FL_00479,Sale,116,2025-08-12,Fictional transaction fixture.
DEV_MIGRATION_FT_01917,DEV_MIGRATION_FL_00480,Count,117,2025-09-13,Fictional transaction fixture.
DEV_MIGRATION_FT_01918,DEV_MIGRATION_FL_00480,Delivery,118,2025-10-14,Fictional transaction fixture.
DEV_MIGRATION_FT_01919,DEV_MIGRATION_FL_00480,Removal,119,2025-11-15,Fictional transaction fixture.
DEV_MIGRATION_FT_01920,DEV_MIGRATION_FL_00480,Sale,120,2025-12-16,Fictional transaction fixture.
DEV_MIGRATION_FT_01921,DEV_MIGRATION_FL_00481,Count,121,2025-01-17,Fictional transaction fixture.
DEV_MIGRATION_FT_01922,DEV_MIGRATION_FL_00481,Delivery,122,2025-02-18,Fictional transaction fixture.
DEV_MIGRATION_FT_01923,DEV_MIGRATION_FL_00481,Removal,123,2025-03-19,Fictional transaction fixture.
DEV_MIGRATION_FT_01924,DEV_MIGRATION_FL_00481,Sale,124,2025-04-20,Fictional transaction fixture.
DEV_MIGRATION_FT_01925,DEV_MIGRATION_FL_00482,Count,100,2025-05-21,Fictional transaction fixture.
DEV_MIGRATION_FT_01926,DEV_MIGRATION_FL_00482,Delivery,101,2025-06-22,Fictional transaction fixture.
DEV_MIGRATION_FT_01927,DEV_MIGRATION_FL_00482,Removal,102,2025-07-23,Fictional transaction fixture.
DEV_MIGRATION_FT_01928,DEV_MIGRATION_FL_00482,Sale,103,2025-08-24,Fictional transaction fixture.
DEV_MIGRATION_FT_01929,DEV_MIGRATION_FL_00483,Count,104,2025-09-25,Fictional transaction fixture.
DEV_MIGRATION_FT_01930,DEV_MIGRATION_FL_00483,Delivery,105,2025-10-26,Fictional transaction fixture.
DEV_MIGRATION_FT_01931,DEV_MIGRATION_FL_00483,Removal,106,2025-11-27,Fictional transaction fixture.
DEV_MIGRATION_FT_01932,DEV_MIGRATION_FL_00483,Sale,107,2025-12-28,Fictional transaction fixture.
DEV_MIGRATION_FT_01933,DEV_MIGRATION_FL_00484,Count,108,2025-01-01,Fictional transaction fixture.
DEV_MIGRATION_FT_01934,DEV_MIGRATION_FL_00484,Delivery,109,2025-02-02,Fictional transaction fixture.
DEV_MIGRATION_FT_01935,DEV_MIGRATION_FL_00484,Removal,110,2025-03-03,Fictional transaction fixture.
DEV_MIGRATION_FT_01936,DEV_MIGRATION_FL_00484,Sale,111,2025-04-04,Fictional transaction fixture.
DEV_MIGRATION_FT_01937,DEV_MIGRATION_FL_00485,Count,112,2025-05-05,Fictional transaction fixture.
DEV_MIGRATION_FT_01938,DEV_MIGRATION_FL_00485,Delivery,113,2025-06-06,Fictional transaction fixture.
DEV_MIGRATION_FT_01939,DEV_MIGRATION_FL_00485,Removal,114,2025-07-07,Fictional transaction fixture.
DEV_MIGRATION_FT_01940,DEV_MIGRATION_FL_00485,Sale,115,2025-08-08,Fictional transaction fixture.
DEV_MIGRATION_FT_01941,DEV_MIGRATION_FL_00486,Count,116,2025-09-09,Fictional transaction fixture.
DEV_MIGRATION_FT_01942,DEV_MIGRATION_FL_00486,Delivery,117,2025-10-10,Fictional transaction fixture.
DEV_MIGRATION_FT_01943,DEV_MIGRATION_FL_00486,Removal,118,2025-11-11,Fictional transaction fixture.
DEV_MIGRATION_FT_01944,DEV_MIGRATION_FL_00486,Sale,119,2025-12-12,Fictional transaction fixture.
DEV_MIGRATION_FT_01945,DEV_MIGRATION_FL_00487,Count,120,2025-01-13,Fictional transaction fixture.
DEV_MIGRATION_FT_01946,DEV_MIGRATION_FL_00487,Delivery,121,2025-02-14,Fictional transaction fixture.
DEV_MIGRATION_FT_01947,DEV_MIGRATION_FL_00487,Removal,122,2025-03-15,Fictional transaction fixture.
DEV_MIGRATION_FT_01948,DEV_MIGRATION_FL_00487,Sale,123,2025-04-16,Fictional transaction fixture.
DEV_MIGRATION_FT_01949,DEV_MIGRATION_FL_00488,Count,124,2025-05-17,Fictional transaction fixture.
DEV_MIGRATION_FT_01950,DEV_MIGRATION_FL_00488,Delivery,100,2025-06-18,Fictional transaction fixture.
DEV_MIGRATION_FT_01951,DEV_MIGRATION_FL_00488,Removal,101,2025-07-19,Fictional transaction fixture.
DEV_MIGRATION_FT_01952,DEV_MIGRATION_FL_00488,Sale,102,2025-08-20,Fictional transaction fixture.
DEV_MIGRATION_FT_01953,DEV_MIGRATION_FL_00489,Count,103,2025-09-21,Fictional transaction fixture.
DEV_MIGRATION_FT_01954,DEV_MIGRATION_FL_00489,Delivery,104,2025-10-22,Fictional transaction fixture.
DEV_MIGRATION_FT_01955,DEV_MIGRATION_FL_00489,Removal,105,2025-11-23,Fictional transaction fixture.
DEV_MIGRATION_FT_01956,DEV_MIGRATION_FL_00489,Sale,106,2025-12-24,Fictional transaction fixture.
DEV_MIGRATION_FT_01957,DEV_MIGRATION_FL_00490,Count,107,2025-01-25,Fictional transaction fixture.
DEV_MIGRATION_FT_01958,DEV_MIGRATION_FL_00490,Delivery,108,2025-02-26,Fictional transaction fixture.
DEV_MIGRATION_FT_01959,DEV_MIGRATION_FL_00490,Removal,109,2025-03-27,Fictional transaction fixture.
DEV_MIGRATION_FT_01960,DEV_MIGRATION_FL_00490,Sale,110,2025-04-28,Fictional transaction fixture.
DEV_MIGRATION_FT_01961,DEV_MIGRATION_FL_00491,Count,111,2025-05-01,Fictional transaction fixture.
DEV_MIGRATION_FT_01962,DEV_MIGRATION_FL_00491,Delivery,112,2025-06-02,Fictional transaction fixture.
DEV_MIGRATION_FT_01963,DEV_MIGRATION_FL_00491,Removal,113,2025-07-03,Fictional transaction fixture.
DEV_MIGRATION_FT_01964,DEV_MIGRATION_FL_00491,Sale,114,2025-08-04,Fictional transaction fixture.
DEV_MIGRATION_FT_01965,DEV_MIGRATION_FL_00492,Count,115,2025-09-05,Fictional transaction fixture.
DEV_MIGRATION_FT_01966,DEV_MIGRATION_FL_00492,Delivery,116,2025-10-06,Fictional transaction fixture.
DEV_MIGRATION_FT_01967,DEV_MIGRATION_FL_00492,Removal,117,2025-11-07,Fictional transaction fixture.
DEV_MIGRATION_FT_01968,DEV_MIGRATION_FL_00492,Sale,118,2025-12-08,Fictional transaction fixture.
DEV_MIGRATION_FT_01969,DEV_MIGRATION_FL_00493,Count,119,2025-01-09,Fictional transaction fixture.
DEV_MIGRATION_FT_01970,DEV_MIGRATION_FL_00493,Delivery,120,2025-02-10,Fictional transaction fixture.
DEV_MIGRATION_FT_01971,DEV_MIGRATION_FL_00493,Removal,121,2025-03-11,Fictional transaction fixture.
DEV_MIGRATION_FT_01972,DEV_MIGRATION_FL_00493,Sale,122,2025-04-12,Fictional transaction fixture.
DEV_MIGRATION_FT_01973,DEV_MIGRATION_FL_00494,Count,123,2025-05-13,Fictional transaction fixture.
DEV_MIGRATION_FT_01974,DEV_MIGRATION_FL_00494,Delivery,124,2025-06-14,Fictional transaction fixture.
DEV_MIGRATION_FT_01975,DEV_MIGRATION_FL_00494,Removal,100,2025-07-15,Fictional transaction fixture.
DEV_MIGRATION_FT_01976,DEV_MIGRATION_FL_00494,Sale,101,2025-08-16,Fictional transaction fixture.
DEV_MIGRATION_FT_01977,DEV_MIGRATION_FL_00495,Count,102,2025-09-17,Fictional transaction fixture.
DEV_MIGRATION_FT_01978,DEV_MIGRATION_FL_00495,Delivery,103,2025-10-18,Fictional transaction fixture.
DEV_MIGRATION_FT_01979,DEV_MIGRATION_FL_00495,Removal,104,2025-11-19,Fictional transaction fixture.
DEV_MIGRATION_FT_01980,DEV_MIGRATION_FL_00495,Sale,105,2025-12-20,Fictional transaction fixture.
DEV_MIGRATION_FT_01981,DEV_MIGRATION_FL_00496,Count,106,2025-01-21,Fictional transaction fixture.
DEV_MIGRATION_FT_01982,DEV_MIGRATION_FL_00496,Delivery,107,2025-02-22,Fictional transaction fixture.
DEV_MIGRATION_FT_01983,DEV_MIGRATION_FL_00496,Removal,108,2025-03-23,Fictional transaction fixture.
DEV_MIGRATION_FT_01984,DEV_MIGRATION_FL_00496,Sale,109,2025-04-24,Fictional transaction fixture.
DEV_MIGRATION_FT_01985,DEV_MIGRATION_FL_00497,Count,110,2025-05-25,Fictional transaction fixture.
DEV_MIGRATION_FT_01986,DEV_MIGRATION_FL_00497,Delivery,111,2025-06-26,Fictional transaction fixture.
DEV_MIGRATION_FT_01987,DEV_MIGRATION_FL_00497,Removal,112,2025-07-27,Fictional transaction fixture.
DEV_MIGRATION_FT_01988,DEV_MIGRATION_FL_00497,Sale,113,2025-08-28,Fictional transaction fixture.
DEV_MIGRATION_FT_01989,DEV_MIGRATION_FL_00498,Count,114,2025-09-01,Fictional transaction fixture.
DEV_MIGRATION_FT_01990,DEV_MIGRATION_FL_00498,Delivery,115,2025-10-02,Fictional transaction fixture.
DEV_MIGRATION_FT_01991,DEV_MIGRATION_FL_00498,Removal,116,2025-11-03,Fictional transaction fixture.
DEV_MIGRATION_FT_01992,DEV_MIGRATION_FL_00498,Sale,117,2025-12-04,Fictional transaction fixture.
DEV_MIGRATION_FT_01993,DEV_MIGRATION_FL_00499,Count,118,2025-01-05,Fictional transaction fixture.
DEV_MIGRATION_FT_01994,DEV_MIGRATION_FL_00499,Delivery,119,2025-02-06,Fictional transaction fixture.
DEV_MIGRATION_FT_01995,DEV_MIGRATION_FL_00499,Removal,120,2025-03-07,Fictional transaction fixture.
DEV_MIGRATION_FT_01996,DEV_MIGRATION_FL_00499,Sale,121,2025-04-08,Fictional transaction fixture.
DEV_MIGRATION_FT_01997,DEV_MIGRATION_FL_00500,Count,122,2025-05-09,Fictional transaction fixture.
DEV_MIGRATION_FT_01998,DEV_MIGRATION_FL_00500,Delivery,123,2025-06-10,Fictional transaction fixture.
DEV_MIGRATION_FT_01999,DEV_MIGRATION_FL_00500,Removal,124,2025-07-11,Fictional transaction fixture.
DEV_MIGRATION_FT_02000,DEV_MIGRATION_FL_00500,Sale,100,2025-08-12,Fictional transaction fixture.
